Timestamp,Dst Port,Protocol,Flow Duration,Tot Fwd Pkts,Tot Bwd Pkts,tot_len_src,tot_len_dst,syn_count,ack_count,iat_variance,payload_entropy,Label,scenario_id
14/02/2018 08:00:00,3389,6,2841.3695318968535,2,7,1491,19952,1,6,0.001119,0.6128,Benign,CIC-IDS-2018-EXFIL
14/02/2018 08:00:01,80,6,1289.6925365260029,15,15,16444,11005,0,9,0.715802,0.5,Benign,CIC-IDS-2018-EXFIL
14/02/2018 08:00:02,445,6,2809.8342618361344,5,37,7509,52908,2,11,0.365591,1.8682,Benign,CIC-IDS-2018-EXFIL
14/02/2018 08:00:03,80,6,2185.8462722707936,8,32,3832,15906,1,14,0.513637,0.5,Benign,CIC-IDS-2018-EXFIL
14/02/2018 08:00:04,443,6,9624.495555341942,13,12,9058,32042,2,6,0.334948,0.8864,Benign,CIC-IDS-2018-EXFIL
14/02/2018 08:00:05,22,6,1506.7082333015667,9,6,5529,9734,2,5,0.626653,0.5,Benign,CIC-IDS-2018-EXFIL
14/02/2018 08:00:06,445,6,3307.872923922545,20,20,15174,51934,1,10,0.332883,1.2236,Benign,CIC-IDS-2018-EXFIL
14/02/2018 08:00:07,443,6,2524.175357460902,14,60,7647,53242,0,10,0.490289,1.2962,Benign,CIC-IDS-2018-EXFIL
14/02/2018 08:00:08,53,6,3827.5395674111605,5,8,7814,26642,2,11,0.37832,2.2225,Benign,CIC-IDS-2018-EXFIL
14/02/2018 08:00:09,3389,6,1262.4629719532545,2,19,1132,1054,0,5,0.669187,2.6797,Benign,CIC-IDS-2018-EXFIL
14/02/2018 08:00:10,21,6,4855.129097859177,52,6,30900,29336,2,14,0.286096,1.845,Benign,CIC-IDS-2018-EXFIL
14/02/2018 08:00:11,3389,6,1473.35993291886,4,27,1477,48043,1,6,0.770777,0.7679,Benign,CIC-IDS-2018-EXFIL
14/02/2018 08:00:12,21,6,557.514283348818,7,52,4700,116748,6,1,0.696205,3.6188,PortScan,CIC-IDS-2018-EXFIL
14/02/2018 08:00:13,22,6,10269.051687837338,2,7,1377,14022,1,5,0.387312,0.8593,Benign,CIC-IDS-2018-EXFIL
14/02/2018 08:00:14,53,6,215.9439336461041,5,12,4424,30573,0,8,0.577481,0.5,Benign,CIC-IDS-2018-EXFIL
14/02/2018 08:00:15,445,6,2959.0352202815907,16,77,5721,103743,1,8,0.454988,2.2541,Benign,CIC-IDS-2018-EXFIL
14/02/2018 08:00:16,22,6,460.5200658185646,5,5,3914,14712,0,7,0.616398,1.0983,Benign,CIC-IDS-2018-EXFIL
14/02/2018 08:00:17,22,6,1521.1327618222715,6,25,4020,38528,2,9,0.251652,2.4614,Benign,CIC-IDS-2018-EXFIL
14/02/2018 08:00:18,445,6,2552.2676487966955,12,8,7537,26840,0,7,0.603896,0.5,Benign,CIC-IDS-2018-EXFIL
14/02/2018 08:00:19,443,6,2035.591320876442,19,3,5809,11189,1,6,0.238306,0.8817,Benign,CIC-IDS-2018-EXFIL
14/02/2018 08:00:20,443,17,4140.293631393808,3,14,5946,39620,0,7,0.763449,1.9109,Benign,CIC-IDS-2018-EXFIL
14/02/2018 08:00:21,443,6,4074.932104343858,14,12,5406,46413,0,4,0.067595,0.5,Benign,CIC-IDS-2018-EXFIL
14/02/2018 08:00:22,8443,6,640.2133920365965,17,8,11789,28327,3,3,0.781273,1.9018,Benign,CIC-IDS-2018-EXFIL
14/02/2018 08:00:23,8443,17,1851.346151081156,5,34,5115,15716,2,5,0.327179,0.5,Benign,CIC-IDS-2018-EXFIL
14/02/2018 08:00:24,80,6,244.1340431495558,10,17,3927,25332,2,13,0.500122,2.7278,Benign,CIC-IDS-2018-EXFIL
14/02/2018 08:00:25,22,6,5405.5820106302735,4,3,5099,8332,1,9,0.589134,1.1437,Benign,CIC-IDS-2018-EXFIL
14/02/2018 08:00:26,8443,6,5498.164346345567,12,11,8413,17985,2,11,0.338779,1.6702,Benign,CIC-IDS-2018-EXFIL
14/02/2018 08:00:27,53,6,2018.4297289002488,27,63,10681,82180,0,16,0.464153,0.877,Benign,CIC-IDS-2018-EXFIL
14/02/2018 08:00:28,53,6,476.6551496304138,14,15,12734,25853,0,11,0.251465,2.0139,Benign,CIC-IDS-2018-EXFIL
14/02/2018 08:00:29,53,6,915.5685115808739,30,10,32130,20736,1,9,0.797196,2.4469,Benign,CIC-IDS-2018-EXFIL
14/02/2018 08:00:30,21,6,1155.494405292543,6,51,1856,56545,1,10,0.490867,0.5,Benign,CIC-IDS-2018-EXFIL
14/02/2018 08:00:31,22,6,2720.186445393635,8,11,4235,7817,1,7,0.589236,1.7172,Benign,CIC-IDS-2018-EXFIL
14/02/2018 08:00:32,21,6,131.16483594489725,7,7,6465,15142,1,10,0.613153,1.5668,Benign,CIC-IDS-2018-EXFIL
14/02/2018 08:00:33,8443,6,5525.128374710338,10,9,7177,33334,2,6,0.618192,1.0506,Benign,CIC-IDS-2018-EXFIL
14/02/2018 08:00:34,21,6,1221.423344247789,38,7,14004,18503,3,7,0.447436,0.5,Benign,CIC-IDS-2018-EXFIL
14/02/2018 08:00:35,21,6,593.2834501892005,8,36,6436,33646,0,9,0.663896,1.1136,Benign,CIC-IDS-2018-EXFIL
14/02/2018 08:00:36,80,6,1296.7734778731547,2,14,5017,30570,0,5,0.368746,1.0329,Benign,CIC-IDS-2018-EXFIL
14/02/2018 08:00:37,22,6,5373.255326512727,3,10,4529,22598,0,4,0.688913,1.8,Benign,CIC-IDS-2018-EXFIL
14/02/2018 08:00:38,8443,6,449.66936854600124,4,5,4895,11791,1,9,0.407079,1.4613,Benign,CIC-IDS-2018-EXFIL
14/02/2018 08:00:39,53,6,1105.5562830873519,9,9,9948,13725,0,7,0.318959,1.2009,Benign,CIC-IDS-2018-EXFIL
14/02/2018 08:00:40,80,17,2750.0553666159185,9,5,8104,15393,1,12,0.546305,0.7132,Benign,CIC-IDS-2018-EXFIL
14/02/2018 08:00:41,21,6,1813.149949439292,31,6,13928,12263,3,11,0.457358,1.1235,Benign,CIC-IDS-2018-EXFIL
14/02/2018 08:00:42,21,17,1884.6333768517125,2,2,3374,9414,1,10,0.62668,1.2285,Benign,CIC-IDS-2018-EXFIL
14/02/2018 08:00:43,21,6,5713.683756623902,10,8,984,20682,0,8,0.425704,0.5408,Benign,CIC-IDS-2018-EXFIL
14/02/2018 08:00:44,8443,6,4163.042523818711,44,12,38082,25747,4,8,0.396448,0.54,Benign,CIC-IDS-2018-EXFIL
14/02/2018 08:00:45,3389,6,350.0475252883176,5,9,2325,17893,1,10,0.226653,2.3666,Benign,CIC-IDS-2018-EXFIL
14/02/2018 08:00:46,443,6,1152.1861563148343,14,18,11801,46552,1,7,0.523392,1.8633,Benign,CIC-IDS-2018-EXFIL
14/02/2018 08:00:47,53,6,1962.9682563446243,2,5,4889,9500,0,10,0.593674,2.518,Benign,CIC-IDS-2018-EXFIL
14/02/2018 08:00:48,8443,6,2648.2695823686254,11,5,5318,22209,2,9,0.226452,1.0236,Benign,CIC-IDS-2018-EXFIL
14/02/2018 08:00:49,443,17,4046.6569163563295,23,41,4143,93127,0,8,0.16525,0.5905,Benign,CIC-IDS-2018-EXFIL
14/02/2018 08:00:50,21,17,8938.67532918427,8,7,12611,21726,0,9,0.188741,1.389,Benign,CIC-IDS-2018-EXFIL
14/02/2018 08:00:51,8443,6,4105.992828385923,23,2,11408,2580,2,2,0.891367,0.5729,Benign,CIC-IDS-2018-EXFIL
14/02/2018 08:00:52,443,6,2695.037625741459,10,12,4292,14500,2,8,0.419033,0.5,Benign,CIC-IDS-2018-EXFIL
14/02/2018 08:00:53,80,6,4016.448882087426,21,7,10103,10425,2,8,0.580499,1.8696,Benign,CIC-IDS-2018-EXFIL
14/02/2018 08:00:54,8443,6,1374.759813179737,13,5,9530,11346,1,8,0.450705,1.722,Benign,CIC-IDS-2018-EXFIL
14/02/2018 08:00:55,445,6,11961.601546172033,45,25,18086,10220,2,7,0.750211,1.4853,Benign,CIC-IDS-2018-EXFIL
14/02/2018 08:00:56,443,17,896.4808281771257,6,6,4012,16108,0,12,0.212702,0.723,Benign,CIC-IDS-2018-EXFIL
14/02/2018 08:00:57,53,6,2139.9245992623373,12,18,12893,32407,3,7,0.503858,0.5,Benign,CIC-IDS-2018-EXFIL
14/02/2018 08:00:58,8443,6,1623.9641379079221,8,12,7562,30233,1,5,0.221101,1.2044,Benign,CIC-IDS-2018-EXFIL
14/02/2018 08:00:59,445,17,3685.0583873253377,15,40,7581,92310,1,16,0.319379,0.5949,Benign,CIC-IDS-2018-EXFIL
14/02/2018 08:01:00,443,17,7734.374463078647,4,27,2732,26585,2,16,0.032803,1.3154,Benign,CIC-IDS-2018-EXFIL
14/02/2018 08:01:01,21,6,175.18331314139616,13,31,17537,18475,0,8,0.28068,1.4242,Benign,CIC-IDS-2018-EXFIL
14/02/2018 08:01:02,80,6,837.4279988388363,10,8,9163,6789,0,6,0.477499,1.3905,Benign,CIC-IDS-2018-EXFIL
14/02/2018 08:01:03,22,17,3682.76856911914,8,5,7474,10755,0,5,0.038248,1.5546,Benign,CIC-IDS-2018-EXFIL
14/02/2018 08:01:04,22,17,3024.6384661075795,17,10,12336,17431,3,3,0.715118,1.9886,Benign,CIC-IDS-2018-EXFIL
14/02/2018 08:01:05,8443,6,2549.99692020664,11,27,6601,23373,0,7,0.389103,2.8299,Benign,CIC-IDS-2018-EXFIL
14/02/2018 08:01:06,443,6,8764.050767938914,19,26,4825,20846,0,11,0.832396,1.7585,Benign,CIC-IDS-2018-EXFIL
14/02/2018 08:01:07,443,6,1361.0018916605507,11,17,7069,33181,0,7,0.646932,2.2698,Benign,CIC-IDS-2018-EXFIL
14/02/2018 08:01:08,22,6,9027.233439490872,14,22,7480,44863,2,4,0.367052,0.5,Benign,CIC-IDS-2018-EXFIL
14/02/2018 08:01:09,445,6,191.82708524090478,23,24,13205,38003,2,8,0.435453,0.5,Benign,CIC-IDS-2018-EXFIL
14/02/2018 08:01:10,22,6,1829.2217120166442,13,78,7521,147107,0,7,0.637771,1.903,Benign,CIC-IDS-2018-EXFIL
14/02/2018 08:01:11,22,6,12609.767096459973,2,25,2907,43716,2,7,0.212228,0.5,Benign,CIC-IDS-2018-EXFIL
14/02/2018 08:01:12,80,6,3864.623677303645,13,16,10369,23920,0,5,0.816033,1.3788,Benign,CIC-IDS-2018-EXFIL
14/02/2018 08:01:13,21,6,610.4108538891558,2,8,5467,3801,3,5,0.869215,1.4925,Benign,CIC-IDS-2018-EXFIL
14/02/2018 08:01:14,3389,6,5796.210794594596,11,38,12901,55736,1,7,0.343087,1.0584,Benign,CIC-IDS-2018-EXFIL
14/02/2018 08:01:15,445,6,3233.3129473959652,7,6,4441,11791,2,5,0.423234,0.7788,Benign,CIC-IDS-2018-EXFIL
14/02/2018 08:01:16,22,6,294.50993874505536,17,31,21723,67761,8,2,0.254442,1.2095,PortScan,CIC-IDS-2018-EXFIL
14/02/2018 08:01:17,80,6,1221.9416482399622,18,3,18560,4615,0,10,0.147547,1.0107,Benign,CIC-IDS-2018-EXFIL
14/02/2018 08:01:18,22,6,2164.114266979838,4,54,4053,87257,2,7,0.25198,1.6232,Benign,CIC-IDS-2018-EXFIL
14/02/2018 08:01:19,21,6,105.66777345985139,16,13,16449,17123,1,10,0.233087,0.5,Benign,CIC-IDS-2018-EXFIL
14/02/2018 08:01:20,53,6,3141.9719765319733,2,3,4075,5451,2,1,0.225815,3.0489,PortScan,CIC-IDS-2018-EXFIL
14/02/2018 08:01:21,53,6,10555.055900294743,17,47,12027,67582,8,2,0.512828,1.4407,PortScan,CIC-IDS-2018-EXFIL
14/02/2018 08:01:22,445,17,1736.327502528544,2,44,4574,113207,5,0,0.479053,1.8782,PortScan,CIC-IDS-2018-EXFIL
14/02/2018 08:01:23,53,6,5705.453009768323,6,27,7455,47347,2,0,0.32659,2.7449,PortScan,CIC-IDS-2018-EXFIL
14/02/2018 08:01:24,445,6,4357.76516221923,6,26,8867,52246,9,3,0.713096,3.279,PortScan,CIC-IDS-2018-EXFIL
14/02/2018 08:01:25,53,6,5827.606985918325,5,6,6454,25708,6,0,0.738252,2.2366,PortScan,CIC-IDS-2018-EXFIL
14/02/2018 08:01:26,445,6,7460.823680533651,4,26,5025,41608,9,1,0.520698,0.5,PortScan,CIC-IDS-2018-EXFIL
14/02/2018 08:01:27,80,6,4579.733600792969,2,11,1326,10197,6,1,0.311843,1.8148,PortScan,CIC-IDS-2018-EXFIL
14/02/2018 08:01:28,8443,6,2158.0632035382346,12,9,3888,22991,5,4,0.599868,0.9344,PortScan,CIC-IDS-2018-EXFIL
14/02/2018 08:01:29,21,6,3015.919990932005,6,2,805,11891,8,1,0.296076,2.1659,PortScan,CIC-IDS-2018-EXFIL
14/02/2018 08:01:30,8443,6,926.3621461939143,17,26,6710,68023,8,1,0.420734,1.9132,PortScan,CIC-IDS-2018-EXFIL
14/02/2018 08:01:31,445,6,11501.445047367939,4,56,6255,109976,9,3,0.311649,2.6812,PortScan,CIC-IDS-2018-EXFIL
14/02/2018 08:01:32,53,17,2067.635829361674,3,16,2537,26210,4,3,0.215991,1.3734,PortScan,CIC-IDS-2018-EXFIL
14/02/2018 08:01:33,3389,6,1323.7857499272138,10,7,6719,22194,5,1,0.671,2.3638,PortScan,CIC-IDS-2018-EXFIL
14/02/2018 08:01:34,80,6,5836.597859615766,5,8,2929,8097,6,0,0.277384,3.3886,PortScan,CIC-IDS-2018-EXFIL
14/02/2018 08:01:35,3389,6,1330.871499651661,40,23,30441,10375,7,2,0.458488,2.8171,PortScan,CIC-IDS-2018-EXFIL
14/02/2018 08:01:36,21,6,2202.5844212669895,12,3,6431,14263,4,0,0.606812,1.7803,PortScan,CIC-IDS-2018-EXFIL
14/02/2018 08:01:37,445,6,1562.3461320271897,11,9,64,8996,3,2,0.457098,2.0885,PortScan,CIC-IDS-2018-EXFIL
14/02/2018 08:01:38,80,6,1426.4952851301387,10,11,5241,15826,3,2,0.151922,2.0177,PortScan,CIC-IDS-2018-EXFIL
14/02/2018 08:01:39,21,6,2502.8878231584386,14,60,5888,18758,6,2,0.390982,2.9704,PortScan,CIC-IDS-2018-EXFIL
14/02/2018 08:01:40,8443,6,313.2958930310426,3,19,7393,22406,8,2,0.73988,1.1185,PortScan,CIC-IDS-2018-EXFIL
14/02/2018 08:01:41,443,6,488.84379804299283,24,21,9263,64,9,2,0.249167,2.8922,PortScan,CIC-IDS-2018-EXFIL
14/02/2018 08:01:42,8443,6,2527.4455540435083,5,9,207,27838,2,3,0.375076,3.9127,PortScan,CIC-IDS-2018-EXFIL
14/02/2018 08:01:43,8443,17,1588.882640813764,4,5,6070,15585,6,0,1.01968,0.5,PortScan,CIC-IDS-2018-EXFIL
14/02/2018 08:01:44,22,6,383.98484311387756,12,22,8632,13407,6,1,0.474234,2.4383,PortScan,CIC-IDS-2018-EXFIL
14/02/2018 08:01:45,53,6,836.2083789373744,13,11,11964,22364,6,1,0.457604,2.5809,PortScan,CIC-IDS-2018-EXFIL
14/02/2018 08:01:46,53,6,6491.754073926885,4,11,6636,8943,7,3,0.660682,2.6247,PortScan,CIC-IDS-2018-EXFIL
14/02/2018 08:01:47,3389,6,4257.31039896236,4,9,3370,18924,9,2,0.566879,2.4104,PortScan,CIC-IDS-2018-EXFIL
14/02/2018 08:01:48,445,17,2605.2113787557964,2,25,3720,51542,4,0,0.66288,2.1584,PortScan,CIC-IDS-2018-EXFIL
14/02/2018 08:01:49,8443,6,1630.8236962676674,19,41,11633,110975,5,3,0.577283,2.1214,PortScan,CIC-IDS-2018-EXFIL
14/02/2018 08:01:50,443,6,3118.555853206528,38,25,12975,51717,4,0,0.498382,2.9013,PortScan,CIC-IDS-2018-EXFIL
14/02/2018 08:01:51,53,6,5644.099307349743,11,37,6942,64039,7,0,0.792973,2.2341,PortScan,CIC-IDS-2018-EXFIL
14/02/2018 08:01:52,443,17,1155.9311988849001,3,26,3550,43655,8,1,0.533939,2.7227,PortScan,CIC-IDS-2018-EXFIL
14/02/2018 08:01:53,8443,17,7646.459352691952,14,26,14235,31582,12,1,0.59145,2.4463,PortScan,CIC-IDS-2018-EXFIL
14/02/2018 08:01:54,3389,17,1193.6887483649984,4,79,7469,125095,7,3,0.468528,1.3299,PortScan,CIC-IDS-2018-EXFIL
14/02/2018 08:01:55,80,6,2154.844486371557,4,5,3877,7760,5,3,0.590283,0.8083,PortScan,CIC-IDS-2018-EXFIL
14/02/2018 08:01:56,80,6,1682.841202707495,12,29,5676,38653,0,7,0.115046,1.2266,Benign,CIC-IDS-2018-EXFIL
14/02/2018 08:01:57,21,6,5575.550117139009,22,21,11406,6676,5,1,0.164824,2.0428,PortScan,CIC-IDS-2018-EXFIL
14/02/2018 08:01:58,445,6,2696.4947898941978,14,11,437,23844,14,3,0.221404,1.8583,PortScan,CIC-IDS-2018-EXFIL
14/02/2018 08:01:59,8443,6,4973.413892388165,3,8,4825,24858,0,9,0.131509,0.8739,Benign,CIC-IDS-2018-EXFIL
14/02/2018 08:02:00,443,6,2326.2181613100365,23,9,24138,13527,1,8,0.561748,1.9009,Benign,CIC-IDS-2018-EXFIL
14/02/2018 08:02:01,53,6,9841.63601145322,41,62,24599,67763,4,3,0.453913,3.1026,PortScan,CIC-IDS-2018-EXFIL
14/02/2018 08:02:02,445,17,3270.3481535526603,4,30,5830,33315,8,1,0.471894,4.108,PortScan,CIC-IDS-2018-EXFIL
14/02/2018 08:02:03,3389,17,3442.2113305117773,41,6,26488,14610,4,2,0.618762,2.344,PortScan,CIC-IDS-2018-EXFIL
14/02/2018 08:02:04,53,6,227.62433638475403,9,21,4684,27607,1,12,0.598188,2.1423,Benign,CIC-IDS-2018-EXFIL
14/02/2018 08:02:05,443,6,2622.7234399668955,2,15,1812,19027,6,0,0.171504,2.774,PortScan,CIC-IDS-2018-EXFIL
14/02/2018 08:02:06,3389,6,12918.352933371994,24,20,5381,14430,1,7,0.689153,2.5857,Benign,CIC-IDS-2018-EXFIL
14/02/2018 08:02:07,445,6,1903.7234118976135,20,8,21339,9014,7,3,0.166288,1.0814,PortScan,CIC-IDS-2018-EXFIL
14/02/2018 08:02:08,53,6,2414.894834583751,10,35,7532,31063,6,3,0.359889,2.487,PortScan,CIC-IDS-2018-EXFIL
14/02/2018 08:02:09,443,6,1838.0584436907175,2,3,5346,17052,4,1,0.080053,2.9533,PortScan,CIC-IDS-2018-EXFIL
14/02/2018 08:02:10,8443,6,563.2642945756569,4,19,1593,13212,4,5,0.469667,1.5377,PortScan,CIC-IDS-2018-EXFIL
14/02/2018 08:02:11,8443,6,1414.7856851512447,16,31,11033,4039,3,1,0.648615,2.4127,PortScan,CIC-IDS-2018-EXFIL
14/02/2018 08:02:12,21,17,3265.6495196396845,12,10,8811,13832,3,4,0.611238,2.5038,PortScan,CIC-IDS-2018-EXFIL
14/02/2018 08:02:13,3389,6,536.9884284103487,6,80,5583,77110,10,1,0.268267,3.7631,PortScan,CIC-IDS-2018-EXFIL
14/02/2018 08:02:14,8443,6,3634.1867912492694,27,5,19021,13067,6,3,0.115024,3.1013,PortScan,CIC-IDS-2018-EXFIL
14/02/2018 08:02:15,80,6,16584.501487297104,20,3,5767,6460,9,0,0.692801,1.8547,PortScan,CIC-IDS-2018-EXFIL
14/02/2018 08:02:16,22,6,7260.2812225008,9,96,3456,99274,7,3,0.605975,2.5128,PortScan,CIC-IDS-2018-EXFIL
14/02/2018 08:02:17,21,6,2865.699644795239,17,27,14825,50670,4,1,0.800718,2.9947,PortScan,CIC-IDS-2018-EXFIL
14/02/2018 08:02:18,80,6,7033.588611168282,4,9,64,23217,7,2,0.63024,1.235,PortScan,CIC-IDS-2018-EXFIL
14/02/2018 08:02:19,443,6,1275.8696883965604,11,32,11047,58412,7,2,0.244159,2.1817,PortScan,CIC-IDS-2018-EXFIL
14/02/2018 08:02:20,21,6,355.28715848748266,7,19,6038,21105,11,0,0.306586,3.3487,PortScan,CIC-IDS-2018-EXFIL
14/02/2018 08:02:21,3389,6,1931.054555876359,12,16,9133,29055,9,2,0.829281,2.7684,PortScan,CIC-IDS-2018-EXFIL
14/02/2018 08:02:22,22,17,1208.1080793297342,12,74,5694,91802,6,2,0.651219,0.9829,PortScan,CIC-IDS-2018-EXFIL
14/02/2018 08:02:23,3389,6,503.9131867332942,11,33,10372,30191,3,2,0.526216,1.7132,PortScan,CIC-IDS-2018-EXFIL
14/02/2018 08:02:24,22,6,979.5199965365289,8,27,7336,26705,5,1,0.116396,2.1771,PortScan,CIC-IDS-2018-EXFIL
14/02/2018 08:02:25,21,6,6481.179707984891,23,27,17038,41446,6,2,0.170564,1.7538,PortScan,CIC-IDS-2018-EXFIL
14/02/2018 08:02:26,80,6,884.4941867570469,5,53,3640,101157,6,2,0.511311,1.9259,PortScan,CIC-IDS-2018-EXFIL
14/02/2018 08:02:27,21,6,3485.839425723529,5,28,6165,46736,7,3,0.560997,2.066,PortScan,CIC-IDS-2018-EXFIL
14/02/2018 08:02:28,21,6,3223.4275454435506,17,94,12263,252336,2,4,0.059448,3.5918,PortScan,CIC-IDS-2018-EXFIL
14/02/2018 08:02:29,445,6,13429.177619600065,4,20,4929,16717,0,10,0.28126,1.7489,Benign,CIC-IDS-2018-EXFIL
14/02/2018 08:02:30,80,17,985.9916899175571,3,16,4923,64,7,2,0.367272,1.4798,PortScan,CIC-IDS-2018-EXFIL
14/02/2018 08:02:31,53,6,6532.8770152329325,24,18,16846,57237,4,2,0.307652,2.1332,PortScan,CIC-IDS-2018-EXFIL
14/02/2018 08:02:32,22,17,3594.7320917418733,12,14,13057,23896,4,3,0.810751,1.6443,PortScan,CIC-IDS-2018-EXFIL
14/02/2018 08:02:33,22,6,946.9635206762237,14,8,4003,6999,4,3,0.25831,1.7697,PortScan,CIC-IDS-2018-EXFIL
14/02/2018 08:02:34,80,17,5454.4027458468045,25,6,13205,20144,8,1,0.442787,2.965,PortScan,CIC-IDS-2018-EXFIL
14/02/2018 08:02:35,22,6,1170.9907178957785,9,45,3813,51503,6,0,0.095911,2.087,PortScan,CIC-IDS-2018-EXFIL
14/02/2018 08:02:36,443,6,3689.048321935425,7,26,4086,37596,7,1,0.578201,1.8283,PortScan,CIC-IDS-2018-EXFIL
14/02/2018 08:02:37,53,6,5220.039219061245,2,31,1967,64,1,9,0.817496,0.9292,Benign,CIC-IDS-2018-EXFIL
14/02/2018 08:02:38,445,6,252.28799707505758,6,37,7333,82880,2,1,0.694634,3.1864,PortScan,CIC-IDS-2018-EXFIL
14/02/2018 08:02:39,80,17,2116.1204033358435,7,10,4248,17168,5,0,0.678388,2.8425,PortScan,CIC-IDS-2018-EXFIL
14/02/2018 08:02:40,443,6,1180.1920891451264,19,2,7896,3330,4,1,0.341883,2.6656,SSH-Bruteforce,CIC-IDS-2018-EXFIL
14/02/2018 08:02:41,21,6,148.03962418998137,14,18,6488,25722,8,3,0.59175,3.3241,SSH-Bruteforce,CIC-IDS-2018-EXFIL
14/02/2018 08:02:42,22,6,3270.653237686547,27,7,22857,20771,5,0,0.240103,4.3284,SSH-Bruteforce,CIC-IDS-2018-EXFIL
14/02/2018 08:02:43,445,6,6540.091580945567,6,4,6397,19309,4,1,0.255249,4.002,SSH-Bruteforce,CIC-IDS-2018-EXFIL
14/02/2018 08:02:44,22,6,9778.985756254297,26,48,12599,76218,3,4,0.426279,3.5058,SSH-Bruteforce,CIC-IDS-2018-EXFIL
14/02/2018 08:02:45,443,6,841.058251034352,9,14,13085,19382,5,4,0.335723,2.6519,SSH-Bruteforce,CIC-IDS-2018-EXFIL
14/02/2018 08:02:46,8443,17,747.8101433643711,14,57,5805,143725,6,1,0.539341,4.4179,SSH-Bruteforce,CIC-IDS-2018-EXFIL
14/02/2018 08:02:47,443,6,1661.3680715306666,10,2,7032,9220,6,0,0.486796,3.5031,SSH-Bruteforce,CIC-IDS-2018-EXFIL
14/02/2018 08:02:48,80,6,2322.6211758680547,9,26,9297,5849,2,8,0.476138,2.1124,Benign,CIC-IDS-2018-EXFIL
14/02/2018 08:02:49,443,6,2758.860030761885,4,13,4857,29713,9,2,0.740108,3.9679,SSH-Bruteforce,CIC-IDS-2018-EXFIL
14/02/2018 08:02:50,22,6,1817.7791848125403,5,35,6700,21806,6,3,0.427282,1.9292,SSH-Bruteforce,CIC-IDS-2018-EXFIL
14/02/2018 08:02:51,22,17,529.0512948660389,13,3,6308,10988,1,10,0.522462,1.8146,Benign,CIC-IDS-2018-EXFIL
14/02/2018 08:02:52,8443,6,6110.030656895346,9,4,5442,6226,4,4,0.633835,2.3309,SSH-Bruteforce,CIC-IDS-2018-EXFIL
14/02/2018 08:02:53,8443,6,7695.979325976092,23,5,162,16122,1,1,0.366934,2.8335,SSH-Bruteforce,CIC-IDS-2018-EXFIL
14/02/2018 08:02:54,21,6,730.1723049904441,3,29,4447,31700,4,2,0.489405,2.5247,SSH-Bruteforce,CIC-IDS-2018-EXFIL
14/02/2018 08:02:55,443,6,468.4725362423783,3,10,3506,22296,18,1,0.40043,4.4425,SSH-Bruteforce,CIC-IDS-2018-EXFIL
14/02/2018 08:02:56,80,6,2849.474098128217,5,12,3565,64,11,2,0.137632,3.6202,SSH-Bruteforce,CIC-IDS-2018-EXFIL
14/02/2018 08:02:57,8443,6,3883.888784153669,30,4,5023,9418,5,3,0.691302,2.8187,SSH-Bruteforce,CIC-IDS-2018-EXFIL
14/02/2018 08:02:58,22,6,1416.9677737976344,39,2,36865,6182,4,2,0.379495,3.7628,SSH-Bruteforce,CIC-IDS-2018-EXFIL
14/02/2018 08:02:59,21,6,3999.484501421115,6,22,5417,24817,1,7,0.313618,0.5,Benign,CIC-IDS-2018-EXFIL
14/02/2018 08:03:00,21,6,6982.283441510246,18,3,13769,6815,7,2,0.298548,4.2786,SSH-Bruteforce,CIC-IDS-2018-EXFIL
14/02/2018 08:03:01,8443,6,3856.137371315267,59,23,35139,42375,7,1,0.41391,4.7124,SSH-Bruteforce,CIC-IDS-2018-EXFIL
14/02/2018 08:03:02,8443,6,9648.835868261627,8,2,9548,64,9,3,0.022764,2.8085,SSH-Bruteforce,CIC-IDS-2018-EXFIL
14/02/2018 08:03:03,21,6,8858.658389337006,15,26,5292,14751,9,2,0.677265,3.3059,SSH-Bruteforce,CIC-IDS-2018-EXFIL
14/02/2018 08:03:04,22,6,557.6075833270169,4,14,600,17005,6,5,0.832102,2.9324,SSH-Bruteforce,CIC-IDS-2018-EXFIL
14/02/2018 08:03:05,21,6,619.632907204651,5,45,5894,114547,8,0,0.363063,3.4577,SSH-Bruteforce,CIC-IDS-2018-EXFIL
14/02/2018 08:03:06,443,6,1186.2344843451256,17,12,14382,17035,4,1,0.603631,4.1453,SSH-Bruteforce,CIC-IDS-2018-EXFIL
14/02/2018 08:03:07,53,17,2009.9255439170825,32,5,4108,4578,6,2,0.385991,3.9113,SSH-Bruteforce,CIC-IDS-2018-EXFIL
14/02/2018 08:03:08,80,6,898.442879772423,6,14,3281,35515,0,4,0.268144,2.2495,Benign,CIC-IDS-2018-EXFIL
14/02/2018 08:03:09,445,6,2019.2324513999076,10,9,5186,28136,7,1,0.311434,3.3086,SSH-Bruteforce,CIC-IDS-2018-EXFIL
14/02/2018 08:03:10,445,17,1140.282709185459,15,10,8922,29226,8,0,0.287689,3.2506,SSH-Bruteforce,CIC-IDS-2018-EXFIL
14/02/2018 08:03:11,21,6,2458.549040068231,8,32,5836,76576,5,1,0.60469,2.0543,PortScan,CIC-IDS-2018-EXFIL
14/02/2018 08:03:12,3389,6,6845.066309208228,15,6,11152,21551,7,4,0.549155,4.6064,SSH-Bruteforce,CIC-IDS-2018-EXFIL
14/02/2018 08:03:13,443,17,297.9866331356095,25,7,8841,8958,7,1,0.313323,3.8588,SSH-Bruteforce,CIC-IDS-2018-EXFIL
14/02/2018 08:03:14,22,6,3661.1406546793596,16,43,3414,77749,8,1,0.73502,2.1865,SSH-Bruteforce,CIC-IDS-2018-EXFIL
14/02/2018 08:03:15,22,6,1874.292248017342,25,5,64,7956,9,1,0.378707,3.3456,SSH-Bruteforce,CIC-IDS-2018-EXFIL
14/02/2018 08:03:16,3389,6,5830.867969216148,22,3,23124,15832,3,2,0.414889,2.476,PortScan,CIC-IDS-2018-EXFIL
14/02/2018 08:03:17,3389,6,1367.0992792536454,49,7,37852,17743,9,2,0.773785,3.4549,SSH-Bruteforce,CIC-IDS-2018-EXFIL
14/02/2018 08:03:18,443,6,1928.2340878761622,7,8,8892,9435,9,2,0.560104,4.2387,SSH-Bruteforce,CIC-IDS-2018-EXFIL
14/02/2018 08:03:19,22,6,1868.9347822220232,15,2,11978,6770,6,3,0.311036,3.0243,SSH-Bruteforce,CIC-IDS-2018-EXFIL
14/02/2018 08:03:20,21,6,5622.145835694994,14,5,5833,14270,1,4,0.674634,4.1818,SSH-Bruteforce,CIC-IDS-2018-EXFIL
14/02/2018 08:03:21,22,6,6196.337871025285,28,11,23214,14519,6,2,0.606602,3.1695,SSH-Bruteforce,CIC-IDS-2018-EXFIL
14/02/2018 08:03:22,443,6,4711.087703118007,16,26,12237,42572,5,0,0.389439,4.4557,SSH-Bruteforce,CIC-IDS-2018-EXFIL
14/02/2018 08:03:23,443,6,6189.825543617376,16,9,12033,1045,5,2,0.638839,3.8248,SSH-Bruteforce,CIC-IDS-2018-EXFIL
14/02/2018 08:03:24,22,6,4229.143676864815,4,30,5603,12607,2,1,0.371852,4.1717,SSH-Bruteforce,CIC-IDS-2018-EXFIL
14/02/2018 08:03:25,443,6,681.2676301420514,18,8,5389,8631,8,0,0.722535,2.6396,SSH-Bruteforce,CIC-IDS-2018-EXFIL
14/02/2018 08:03:26,443,6,10031.875518629493,2,2,3606,6008,4,0,0.24986,3.9499,SSH-Bruteforce,CIC-IDS-2018-EXFIL
14/02/2018 08:03:27,3389,6,15362.533475315044,5,10,4582,20433,5,4,0.515576,3.1468,SSH-Bruteforce,CIC-IDS-2018-EXFIL
14/02/2018 08:03:28,3389,6,4424.640149157804,21,4,64,6755,7,1,0.552656,3.2345,SSH-Bruteforce,CIC-IDS-2018-EXFIL
14/02/2018 08:03:29,445,6,249.14350323450188,7,12,6563,14180,6,1,0.737711,3.7988,SSH-Bruteforce,CIC-IDS-2018-EXFIL
14/02/2018 08:03:30,21,6,8673.956136235574,9,16,6261,58093,4,5,0.476063,4.4926,SSH-Bruteforce,CIC-IDS-2018-EXFIL
14/02/2018 08:03:31,8443,6,6443.993815717978,22,15,14170,22720,1,9,0.20701,0.6488,Benign,CIC-IDS-2018-EXFIL
14/02/2018 08:03:32,21,6,4282.352808253829,19,11,11185,25065,5,4,0.519633,3.7637,SSH-Bruteforce,CIC-IDS-2018-EXFIL
14/02/2018 08:03:33,443,6,304.82553259667003,2,11,1220,30830,5,1,0.215501,2.5176,SSH-Bruteforce,CIC-IDS-2018-EXFIL
14/02/2018 08:03:34,22,17,8992.996725384332,10,24,7647,41481,9,2,0.626773,2.5215,SSH-Bruteforce,CIC-IDS-2018-EXFIL
14/02/2018 08:03:35,80,6,1430.5027889077169,13,10,13628,23185,4,3,0.6787,4.5715,SSH-Bruteforce,CIC-IDS-2018-EXFIL
14/02/2018 08:03:36,445,6,147.25756986329662,6,2,3566,11209,4,4,0.472716,2.5324,SSH-Bruteforce,CIC-IDS-2018-EXFIL
14/02/2018 08:03:37,8443,6,2013.528494790022,11,5,10452,16172,6,3,0.918876,2.1051,SSH-Bruteforce,CIC-IDS-2018-EXFIL
14/02/2018 08:03:38,53,6,105.12967885199542,13,8,14987,21516,8,0,0.5532,1.7013,PortScan,CIC-IDS-2018-EXFIL
14/02/2018 08:03:39,22,6,5421.535179706201,2,30,6185,34936,6,1,0.293642,2.984,SSH-Bruteforce,CIC-IDS-2018-EXFIL
14/02/2018 08:03:40,22,6,239.55520044320645,12,27,7281,22942,4,1,0.475881,4.9605,SSH-Bruteforce,CIC-IDS-2018-EXFIL
14/02/2018 08:03:41,3389,17,1154.5657269356238,7,8,7375,19638,6,0,0.094041,3.5786,SSH-Bruteforce,CIC-IDS-2018-EXFIL
14/02/2018 08:03:42,445,6,414.92673338500754,5,39,2901,93227,5,0,0.559026,4.155,SSH-Bruteforce,CIC-IDS-2018-EXFIL
14/02/2018 08:03:43,8443,6,1391.3963474814996,15,44,13670,22598,4,3,0.5148,2.0707,SSH-Bruteforce,CIC-IDS-2018-EXFIL
14/02/2018 08:03:44,21,6,658.1634482702156,22,25,14506,51749,10,3,0.529755,3.6915,SSH-Bruteforce,CIC-IDS-2018-EXFIL
14/02/2018 08:03:45,3389,6,3393.1335949405693,19,84,16170,219090,3,2,0.424091,3.7523,SSH-Bruteforce,CIC-IDS-2018-EXFIL
14/02/2018 08:03:46,21,6,742.5665670078945,15,37,710,33424,6,2,0.536546,2.7351,SSH-Bruteforce,CIC-IDS-2018-EXFIL
14/02/2018 08:03:47,22,6,3400.824996938906,12,13,6124,10170,11,1,0.701116,2.6625,SSH-Bruteforce,CIC-IDS-2018-EXFIL
14/02/2018 08:03:48,22,6,4344.374857517516,2,29,1854,45111,2,7,0.574021,3.3897,SSH-Bruteforce,CIC-IDS-2018-EXFIL
14/02/2018 08:03:49,443,6,13797.330326510022,10,23,2414,57458,7,2,0.544029,5.7434,SSH-Bruteforce,CIC-IDS-2018-EXFIL
14/02/2018 08:03:50,3389,6,5657.504444826092,11,5,8062,11817,4,4,0.4218,2.7632,PortScan,CIC-IDS-2018-EXFIL
14/02/2018 08:03:51,8443,6,1872.5948612037832,7,26,2029,45919,1,7,0.554016,0.8726,Benign,CIC-IDS-2018-EXFIL
14/02/2018 08:03:52,443,17,1339.069685628191,2,25,3519,64,7,2,0.374129,3.4731,SSH-Bruteforce,CIC-IDS-2018-EXFIL
14/02/2018 08:03:53,53,6,408.259617776956,28,18,29989,33965,5,1,0.550068,2.4694,SSH-Bruteforce,CIC-IDS-2018-EXFIL
14/02/2018 08:03:54,21,6,2889.81199495277,11,18,3085,16010,6,1,0.555977,4.6102,SSH-Bruteforce,CIC-IDS-2018-EXFIL
14/02/2018 08:03:55,8443,6,10805.965120814017,8,117,8696,101054,3,1,0.253724,2.8089,SSH-Bruteforce,CIC-IDS-2018-EXFIL
14/02/2018 08:03:56,21,6,2531.276140978627,23,22,18585,33729,4,2,0.345923,2.3896,SSH-Bruteforce,CIC-IDS-2018-EXFIL
14/02/2018 08:03:57,3389,6,1094.0937213813804,7,54,3040,70320,5,0,0.332641,2.1359,SSH-Bruteforce,CIC-IDS-2018-EXFIL
14/02/2018 08:03:58,443,6,2601.618452084148,26,4,7040,15460,2,5,0.320733,0.5,Benign,CIC-IDS-2018-EXFIL
14/02/2018 08:03:59,443,6,2453.3918573447877,3,22,2600,68662,9,2,0.379054,4.3171,SSH-Bruteforce,CIC-IDS-2018-EXFIL
14/02/2018 08:04:00,445,6,883.1992050361815,2,18,3829,21620,3,0,0.510451,3.7511,Infiltration,CIC-IDS-2018-EXFIL
14/02/2018 08:04:01,21,6,1762.6416614068767,2,4,3898,5124,1,1,0.581024,5.275,Infiltration,CIC-IDS-2018-EXFIL
14/02/2018 08:04:02,3389,6,1450.4315443264063,10,41,64,129742,0,1,0.547209,4.945,Infiltration,CIC-IDS-2018-EXFIL
14/02/2018 08:04:03,53,6,3842.2929699591305,7,11,8780,18137,0,2,0.22485,5.0967,Infiltration,CIC-IDS-2018-EXFIL
14/02/2018 08:04:04,21,17,5218.452757895181,17,11,10531,32905,0,5,0.35758,6.2839,Infiltration,CIC-IDS-2018-EXFIL
14/02/2018 08:04:05,443,6,4811.772068816756,2,11,966,21239,0,3,0.672021,4.4485,Infiltration,CIC-IDS-2018-EXFIL
14/02/2018 08:04:06,80,6,1543.4610027189597,11,36,13213,48710,1,10,0.553856,2.3321,Benign,CIC-IDS-2018-EXFIL
14/02/2018 08:04:07,80,6,8021.477409002369,4,15,2999,18406,6,2,0.614925,2.7441,PortScan,CIC-IDS-2018-EXFIL
14/02/2018 08:04:08,3389,17,2351.513940667775,10,40,9561,19266,1,2,0.718888,4.6418,Infiltration,CIC-IDS-2018-EXFIL
14/02/2018 08:04:09,445,6,12531.398144843964,25,35,28299,69770,1,1,0.335719,4.4543,Infiltration,CIC-IDS-2018-EXFIL
14/02/2018 08:04:10,8443,6,9345.60723539628,19,14,3535,35137,4,1,0.85907,4.1519,Infiltration,CIC-IDS-2018-EXFIL
14/02/2018 08:04:11,8443,6,990.9204214481061,22,43,7023,42754,1,0,0.26504,5.0828,Infiltration,CIC-IDS-2018-EXFIL
14/02/2018 08:04:12,53,17,1059.0466241644867,2,19,1651,54686,0,4,0.669977,4.7376,Infiltration,CIC-IDS-2018-EXFIL
14/02/2018 08:04:13,8443,6,797.1772704269478,2,12,1115,30523,1,6,0.468211,2.8744,Benign,CIC-IDS-2018-EXFIL
14/02/2018 08:04:14,80,6,6974.9161235198635,12,43,9724,49314,0,1,0.390986,4.5165,Infiltration,CIC-IDS-2018-EXFIL
14/02/2018 08:04:15,8443,6,6983.735588235775,26,56,15111,85619,2,4,0.869142,4.3695,Infiltration,CIC-IDS-2018-EXFIL
14/02/2018 08:04:16,3389,17,3046.201849267899,6,14,64,31946,3,2,0.195169,5.2037,Infiltration,CIC-IDS-2018-EXFIL
14/02/2018 08:04:17,445,6,3013.3670329242595,7,8,7973,6884,1,2,0.470183,5.1666,Infiltration,CIC-IDS-2018-EXFIL
14/02/2018 08:04:18,21,6,772.3966346555477,2,3,4625,11683,9,2,0.29199,2.0823,PortScan,CIC-IDS-2018-EXFIL
14/02/2018 08:04:19,3389,6,4651.557146543382,4,6,4158,29815,0,1,0.324724,5.8991,Infiltration,CIC-IDS-2018-EXFIL
14/02/2018 08:04:20,21,6,160.9227506182192,6,45,5081,58327,1,1,0.386372,4.9887,Infiltration,CIC-IDS-2018-EXFIL
14/02/2018 08:04:21,443,6,3835.696922297512,22,28,17881,8480,1,1,0.559305,4.1321,Infiltration,CIC-IDS-2018-EXFIL
14/02/2018 08:04:22,443,6,2659.8644824647863,6,6,3065,10612,2,1,0.646315,4.8615,Infiltration,CIC-IDS-2018-EXFIL
14/02/2018 08:04:23,3389,6,3237.164293141886,6,80,9636,232403,1,4,0.581849,0.8877,Benign,CIC-IDS-2018-EXFIL
14/02/2018 08:04:24,445,6,768.3621339206655,37,16,2588,11754,1,8,0.557241,0.6234,Benign,CIC-IDS-2018-EXFIL
14/02/2018 08:04:25,21,6,2738.5870519641326,24,5,3450,4994,2,1,0.400898,3.9201,Infiltration,CIC-IDS-2018-EXFIL
14/02/2018 08:04:26,80,6,1600.9610783818077,20,24,14370,28151,0,6,0.656049,4.9622,Infiltration,CIC-IDS-2018-EXFIL
14/02/2018 08:04:27,445,6,3961.2980434967503,2,38,5379,101758,0,1,0.757572,2.8802,Infiltration,CIC-IDS-2018-EXFIL
14/02/2018 08:04:28,21,6,2774.337207344389,5,23,6161,51003,2,1,0.225134,3.4467,Infiltration,CIC-IDS-2018-EXFIL
14/02/2018 08:04:29,3389,17,4112.067621503157,14,3,11325,2602,0,0,0.245416,2.9387,Infiltration,CIC-IDS-2018-EXFIL
14/02/2018 08:04:30,445,6,3421.655808767313,5,35,3489,56877,2,5,0.540961,1.1323,Benign,CIC-IDS-2018-EXFIL
14/02/2018 08:04:31,53,6,1555.6474353592764,4,3,3833,15751,0,3,0.419553,3.9745,Infiltration,CIC-IDS-2018-EXFIL
14/02/2018 08:04:32,445,6,917.2177928832053,62,18,51661,27016,1,2,0.504615,5.2139,Infiltration,CIC-IDS-2018-EXFIL
14/02/2018 08:04:33,443,6,2090.025264889771,32,10,18489,2008,0,4,0.648563,5.5421,Infiltration,CIC-IDS-2018-EXFIL
14/02/2018 08:04:34,3389,6,865.8164530688692,7,22,4155,52337,1,1,0.350154,4.2162,Infiltration,CIC-IDS-2018-EXFIL
14/02/2018 08:04:35,22,17,3095.887477609528,3,23,6531,64,1,3,0.589353,6.3496,Infiltration,CIC-IDS-2018-EXFIL
14/02/2018 08:04:36,8443,6,1734.776921371082,12,21,3387,17250,0,4,0.203175,3.2892,Benign,CIC-IDS-2018-EXFIL
14/02/2018 08:04:37,21,6,3742.5959414466543,4,37,3128,11863,1,2,0.523892,4.0075,Infiltration,CIC-IDS-2018-EXFIL
14/02/2018 08:04:38,22,6,8899.072488086946,5,16,5480,30854,1,5,0.449233,3.2685,Infiltration,CIC-IDS-2018-EXFIL
14/02/2018 08:04:39,80,6,4639.279969494476,30,10,22642,15253,2,2,0.551242,4.5696,Infiltration,CIC-IDS-2018-EXFIL
14/02/2018 08:04:40,8443,17,602.1233212530549,8,7,5024,27374,0,2,0.493586,5.109,Infiltration,CIC-IDS-2018-EXFIL
14/02/2018 08:04:41,443,17,3970.0310963885477,5,25,64,6996,2,8,0.159392,0.5,Benign,CIC-IDS-2018-EXFIL
14/02/2018 08:04:42,443,17,941.2004694147219,11,2,4392,10713,3,1,0.467936,4.7552,Infiltration,CIC-IDS-2018-EXFIL
14/02/2018 08:04:43,3389,6,1502.2663834836214,2,17,226,32123,0,6,0.665326,2.0931,Benign,CIC-IDS-2018-EXFIL
14/02/2018 08:04:44,3389,6,2411.3108706413814,35,16,10014,35595,1,5,0.249279,5.4393,Infiltration,CIC-IDS-2018-EXFIL
14/02/2018 08:04:45,22,6,4354.093224010381,14,18,5390,35729,2,1,0.577978,5.3636,Infiltration,CIC-IDS-2018-EXFIL
14/02/2018 08:04:46,53,17,2394.0965338266037,16,5,8287,5195,0,1,0.318642,4.0899,Infiltration,CIC-IDS-2018-EXFIL
14/02/2018 08:04:47,21,6,144.16648723630533,11,16,6123,32017,0,2,0.477521,4.3934,Infiltration,CIC-IDS-2018-EXFIL
14/02/2018 08:04:48,21,6,707.0588916888921,14,45,5101,95084,2,1,0.312198,4.3132,Infiltration,CIC-IDS-2018-EXFIL
14/02/2018 08:04:49,443,6,1876.3321659889248,10,6,4747,22606,0,3,0.407261,2.5339,Infiltration,CIC-IDS-2018-EXFIL
14/02/2018 08:04:50,53,6,897.8553300979595,2,76,2709,66694,2,1,0.583534,3.9354,Infiltration,CIC-IDS-2018-EXFIL
14/02/2018 08:04:51,8443,6,4595.866475664115,11,18,11087,14425,0,3,0.344778,5.0158,Infiltration,CIC-IDS-2018-EXFIL
14/02/2018 08:04:52,80,6,3320.6520497100464,15,50,5410,125410,2,2,0.327396,4.4928,Infiltration,CIC-IDS-2018-EXFIL
14/02/2018 08:04:53,53,6,1266.8522108226682,6,51,4071,39634,3,1,0.470454,3.9977,Infiltration,CIC-IDS-2018-EXFIL
14/02/2018 08:04:54,80,6,1372.1108522389973,22,16,15982,14924,1,8,0.601631,6.5489,Infiltration,CIC-IDS-2018-EXFIL
14/02/2018 08:04:55,22,6,164.38098129683402,5,15,4953,37405,0,0,0.459322,4.3099,Infiltration,CIC-IDS-2018-EXFIL
14/02/2018 08:04:56,21,6,213.06494880533103,13,18,8396,10158,2,0,0.961398,5.3657,Infiltration,CIC-IDS-2018-EXFIL
14/02/2018 08:04:57,53,6,2317.26667920097,8,26,3527,17967,1,2,0.426512,5.7779,Infiltration,CIC-IDS-2018-EXFIL
14/02/2018 08:04:58,443,6,15461.502184912273,42,9,43809,9093,0,4,0.131797,3.2539,Infiltration,CIC-IDS-2018-EXFIL
14/02/2018 08:04:59,22,6,412.0927771514023,15,6,15294,15940,0,1,0.371223,5.0836,Infiltration,CIC-IDS-2018-EXFIL
14/02/2018 08:05:00,22,6,11600.524130599251,20,26,14744,26156,1,14,0.597453,1.9319,Benign,CIC-IDS-2018-EXFIL
14/02/2018 08:05:01,443,17,1548.793904521333,4,39,3671,86652,0,0,0.419555,3.9752,Infiltration,CIC-IDS-2018-EXFIL
14/02/2018 08:05:02,53,6,13628.328689136133,7,3,3509,5198,1,4,0.300704,2.7374,Infiltration,CIC-IDS-2018-EXFIL
14/02/2018 08:05:03,80,6,620.8297705592914,10,29,11308,54425,3,1,0.378464,4.5793,Infiltration,CIC-IDS-2018-EXFIL
14/02/2018 08:05:04,80,6,773.2076278905492,5,7,8305,14253,2,2,0.764641,4.7967,Infiltration,CIC-IDS-2018-EXFIL
14/02/2018 08:05:05,8443,17,2808.5811779707565,13,40,8601,24529,0,3,0.243093,4.4837,Infiltration,CIC-IDS-2018-EXFIL
14/02/2018 08:05:06,8443,6,306.1677472487071,7,44,2467,33325,0,1,0.064808,2.5614,Infiltration,CIC-IDS-2018-EXFIL
14/02/2018 08:05:07,22,17,4247.876637591347,6,4,9495,19518,1,1,0.591568,4.7019,Infiltration,CIC-IDS-2018-EXFIL
14/02/2018 08:05:08,53,6,3469.447078883932,35,6,26232,17098,3,1,0.475891,4.4057,Infiltration,CIC-IDS-2018-EXFIL
14/02/2018 08:05:09,21,6,2595.113982145311,25,24,26389,43337,1,3,0.78134,5.0286,Infiltration,CIC-IDS-2018-EXFIL
14/02/2018 08:05:10,443,6,2785.921936904594,4,51,1870,143718,1,3,0.565315,3.0002,Infiltration,CIC-IDS-2018-EXFIL
14/02/2018 08:05:11,80,6,6910.829537825588,24,8,18794,28888,0,3,0.128902,4.6646,Infiltration,CIC-IDS-2018-EXFIL
14/02/2018 08:05:12,22,17,392.08424943147594,34,4,32658,14640,2,2,0.60173,1.5253,PortScan,CIC-IDS-2018-EXFIL
14/02/2018 08:05:13,8443,17,991.7436867234127,8,2,4420,12008,1,4,0.358183,4.0954,Infiltration,CIC-IDS-2018-EXFIL
14/02/2018 08:05:14,22,6,6173.074433719207,16,26,18048,105196,1,3,0.415562,5.6068,Infiltration,CIC-IDS-2018-EXFIL
14/02/2018 08:05:15,21,6,1451.4567322961666,5,21,7051,45483,1,2,0.299224,6.2056,Infiltration,CIC-IDS-2018-EXFIL
14/02/2018 08:05:16,443,6,1472.6587207518437,11,8,9227,13893,3,1,0.199933,6.5399,Infiltration,CIC-IDS-2018-EXFIL
14/02/2018 08:05:17,22,17,487.68087966691337,21,24,15889,23092,1,3,0.215762,5.2655,Infiltration,CIC-IDS-2018-EXFIL
14/02/2018 08:05:18,3389,6,2082.2889238853877,23,7,12246,23702,0,11,0.535341,1.6184,Benign,CIC-IDS-2018-EXFIL
14/02/2018 08:05:19,80,6,13438.520709655322,11,29,3553,52453,3,2,0.327563,4.0381,Infiltration,CIC-IDS-2018-EXFIL
14/02/2018 08:05:20,443,6,1068.917887560238,12,5,7836,21035,1,1,0.152201,6.5176,Bot,CIC-IDS-2018-EXFIL
14/02/2018 08:05:21,445,6,7597.273852593538,23,53,15500,31960,0,2,0.04759,7.2666,Bot,CIC-IDS-2018-EXFIL
14/02/2018 08:05:22,22,17,3639.829177410017,34,7,13844,34416,1,2,0.068945,5.388,Bot,CIC-IDS-2018-EXFIL
14/02/2018 08:05:23,3389,17,1739.647863903243,2,23,2357,49326,0,3,0.050259,5.9637,Bot,CIC-IDS-2018-EXFIL
14/02/2018 08:05:24,22,6,1371.3319681270605,14,18,7795,13723,0,3,0.32319,3.4022,Bot,CIC-IDS-2018-EXFIL
14/02/2018 08:05:25,53,6,2772.0760552541465,31,52,23204,115245,1,10,0.582759,0.8344,Benign,CIC-IDS-2018-EXFIL
14/02/2018 08:05:26,80,6,2673.064836752281,19,35,15864,47934,1,1,0.348099,5.8041,Bot,CIC-IDS-2018-EXFIL
14/02/2018 08:05:27,443,6,3581.3693231229404,10,3,4653,6002,0,9,0.592605,2.166,Benign,CIC-IDS-2018-EXFIL
14/02/2018 08:05:28,22,6,720.8250166412446,17,9,851,6954,2,1,0.00341,6.6502,Bot,CIC-IDS-2018-EXFIL
14/02/2018 08:05:29,443,6,171.8912930229955,11,9,9663,16730,1,1,0.121783,5.1548,Bot,CIC-IDS-2018-EXFIL
14/02/2018 08:05:30,445,6,3556.6156997312237,11,68,10630,88970,2,1,0.116699,7.2112,Bot,CIC-IDS-2018-EXFIL
14/02/2018 08:05:31,443,6,17993.906904116455,21,20,4047,38671,2,1,0.088334,6.7591,Bot,CIC-IDS-2018-EXFIL
14/02/2018 08:05:32,53,6,1594.3916867187133,16,12,7462,22055,0,3,0.067551,6.0031,Bot,CIC-IDS-2018-EXFIL
14/02/2018 08:05:33,21,17,4603.155588733917,14,6,11688,5252,0,2,0.206949,6.0796,Bot,CIC-IDS-2018-EXFIL
14/02/2018 08:05:34,21,6,3080.1558362807314,7,10,6966,12035,0,1,0.038195,6.6407,Bot,CIC-IDS-2018-EXFIL
14/02/2018 08:05:35,22,6,1866.8942833252247,18,3,9062,11793,1,2,0.159695,7.2447,Bot,CIC-IDS-2018-EXFIL
14/02/2018 08:05:36,3389,6,770.5311751792002,9,11,9088,7964,0,6,0.195652,5.4569,Bot,CIC-IDS-2018-EXFIL
14/02/2018 08:05:37,3389,6,1797.9726028038042,19,7,13018,15356,1,1,0.308486,5.0711,Bot,CIC-IDS-2018-EXFIL
14/02/2018 08:05:38,21,17,7662.71996833224,18,30,64,65541,1,4,0.081314,6.4701,Bot,CIC-IDS-2018-EXFIL
14/02/2018 08:05:39,445,6,1853.5638132215502,27,39,6197,53536,1,2,0.506559,5.955,Bot,CIC-IDS-2018-EXFIL
14/02/2018 08:05:40,443,6,661.6243854889944,7,3,5283,6347,1,4,0.116251,4.6463,Bot,CIC-IDS-2018-EXFIL
14/02/2018 08:05:41,53,6,3241.817429945624,56,20,9817,29611,2,3,0.249357,3.9097,Bot,CIC-IDS-2018-EXFIL
14/02/2018 08:05:42,3389,6,360.6731006704863,20,11,6210,7040,0,2,0.01614,3.9109,Bot,CIC-IDS-2018-EXFIL
14/02/2018 08:05:43,21,6,1212.2611994292247,4,36,3827,6407,0,5,0.161779,5.2391,Bot,CIC-IDS-2018-EXFIL
14/02/2018 08:05:44,22,6,210.48746910074013,2,46,4104,98341,3,1,0.086571,4.5524,Bot,CIC-IDS-2018-EXFIL
14/02/2018 08:05:45,445,6,3906.392840342062,6,12,7471,44325,1,2,0.198763,6.8865,Bot,CIC-IDS-2018-EXFIL
14/02/2018 08:05:46,21,6,1354.864163031545,17,39,17160,59922,1,1,0.137856,7.3036,Bot,CIC-IDS-2018-EXFIL
14/02/2018 08:05:47,21,6,3581.6492841738054,5,14,3737,18213,2,6,0.144384,4.6863,Bot,CIC-IDS-2018-EXFIL
14/02/2018 08:05:48,445,6,7517.46537393739,7,13,9260,28706,0,1,0.452555,6.0481,Bot,CIC-IDS-2018-EXFIL
14/02/2018 08:05:49,3389,6,8490.535176468024,20,8,2525,8500,1,2,0.070752,5.7724,Bot,CIC-IDS-2018-EXFIL
14/02/2018 08:05:50,80,6,1327.2555913610563,2,77,2408,33959,1,1,0.294025,4.6522,Bot,CIC-IDS-2018-EXFIL
14/02/2018 08:05:51,53,6,6361.916869873415,7,40,7647,17490,0,1,0.155695,5.0867,Bot,CIC-IDS-2018-EXFIL
14/02/2018 08:05:52,3389,6,6583.8251039042225,5,52,1079,60896,0,3,0.073347,5.7533,Bot,CIC-IDS-2018-EXFIL
14/02/2018 08:05:53,80,6,1256.3086414029387,2,62,5659,92049,2,0,0.220321,4.9102,Bot,CIC-IDS-2018-EXFIL
14/02/2018 08:05:54,80,6,1294.4521994120194,11,26,4770,8944,1,3,0.01118,4.2123,Bot,CIC-IDS-2018-EXFIL
14/02/2018 08:05:55,21,6,5272.957105835125,15,16,13353,24698,2,0,0.102215,5.2684,Bot,CIC-IDS-2018-EXFIL
14/02/2018 08:05:56,8443,6,11040.494686243814,4,29,5492,47115,0,3,0.417425,5.3487,Bot,CIC-IDS-2018-EXFIL
14/02/2018 08:05:57,443,6,426.6701430512777,4,30,6548,44255,0,2,0.138385,6.9525,Bot,CIC-IDS-2018-EXFIL
14/02/2018 08:05:58,80,6,1083.5152422891601,2,4,4114,10148,0,6,0.347455,5.6701,Bot,CIC-IDS-2018-EXFIL
14/02/2018 08:05:59,443,6,3585.803048519833,2,11,3829,13775,2,1,0.188664,5.4206,Bot,CIC-IDS-2018-EXFIL
14/02/2018 08:06:00,80,6,1268.058696852766,7,23,6132,51489,0,5,0.234142,1.4147,Benign,CIC-IDS-2018-EXFIL
14/02/2018 08:06:01,3389,6,2577.88226653444,11,13,6976,27381,1,2,0.063135,5.9673,Bot,CIC-IDS-2018-EXFIL
14/02/2018 08:06:02,443,6,2491.0680556186658,9,11,4289,27159,1,1,0.032607,7.1801,Bot,CIC-IDS-2018-EXFIL
14/02/2018 08:06:03,21,6,937.6335414554658,2,28,5027,46788,1,2,0.006105,6.2125,Bot,CIC-IDS-2018-EXFIL
14/02/2018 08:06:04,445,6,3330.313678625315,12,8,3761,28822,0,2,0.235162,5.2644,Bot,CIC-IDS-2018-EXFIL
14/02/2018 08:06:05,445,6,861.7806233857488,2,15,2136,22447,0,3,0.270091,6.4978,Bot,CIC-IDS-2018-EXFIL
14/02/2018 08:06:06,3389,6,3980.6337058034533,9,9,3885,2890,0,1,0.208408,5.8919,Bot,CIC-IDS-2018-EXFIL
14/02/2018 08:06:07,3389,6,720.5498808909673,6,47,2134,100470,1,2,0.026111,4.0612,Bot,CIC-IDS-2018-EXFIL
14/02/2018 08:06:08,22,6,10008.850802063642,8,4,8805,7300,8,2,0.387472,3.4915,PortScan,CIC-IDS-2018-EXFIL
14/02/2018 08:06:09,3389,6,3402.6230570940293,26,8,1573,30999,1,1,0.267575,5.2275,Bot,CIC-IDS-2018-EXFIL
14/02/2018 08:06:10,445,6,937.7283310246141,12,20,9671,50409,1,1,0.406945,6.3362,Bot,CIC-IDS-2018-EXFIL
14/02/2018 08:06:11,3389,6,1916.7613933644636,28,8,20697,4989,4,2,0.556546,1.52,PortScan,CIC-IDS-2018-EXFIL
14/02/2018 08:06:12,3389,6,6251.200979678975,3,15,4839,27946,3,2,0.263087,5.7819,Bot,CIC-IDS-2018-EXFIL
14/02/2018 08:06:13,443,6,5479.964172560497,10,42,10806,23711,3,3,0.037118,5.7639,Bot,CIC-IDS-2018-EXFIL
14/02/2018 08:06:14,53,6,1092.7318294651768,4,9,3968,29094,3,2,0.147258,5.3234,Bot,CIC-IDS-2018-EXFIL
14/02/2018 08:06:15,443,6,3588.498332080769,49,5,37614,11285,0,2,0.133036,5.6314,Bot,CIC-IDS-2018-EXFIL
14/02/2018 08:06:16,445,6,3386.4990439991284,9,26,9547,54150,1,1,0.048338,5.483,Bot,CIC-IDS-2018-EXFIL
14/02/2018 08:06:17,445,6,391.79477642057924,12,4,6907,15323,2,3,0.403569,5.9158,Bot,CIC-IDS-2018-EXFIL
14/02/2018 08:06:18,8443,6,6471.220812574163,25,3,7800,5717,1,1,0.486864,5.5397,Bot,CIC-IDS-2018-EXFIL
14/02/2018 08:06:19,8443,6,7414.536767214999,7,9,4145,25025,0,8,0.736509,0.5,Benign,CIC-IDS-2018-EXFIL
14/02/2018 08:06:20,22,17,4529.963944473217,2,13,5186,11073,1,1,0.443577,4.6513,Bot,CIC-IDS-2018-EXFIL
14/02/2018 08:06:21,21,6,6226.104661400711,9,30,1765,38748,0,1,0.336108,6.0024,Bot,CIC-IDS-2018-EXFIL
14/02/2018 08:06:22,445,6,7549.939921566124,20,11,6154,21912,0,3,0.049284,6.1652,Bot,CIC-IDS-2018-EXFIL
14/02/2018 08:06:23,22,6,592.2521112817521,10,4,7361,4314,0,4,0.098808,6.2856,Bot,CIC-IDS-2018-EXFIL
14/02/2018 08:06:24,80,6,4882.6864981995595,15,11,6607,10269,3,1,0.210058,7.8443,Bot,CIC-IDS-2018-EXFIL
14/02/2018 08:06:25,53,17,561.6405994818581,13,5,4546,16197,0,0,0.00871,4.8505,Bot,CIC-IDS-2018-EXFIL
14/02/2018 08:06:26,8443,6,8010.984831665002,5,25,4303,43767,2,3,0.079504,5.9192,Bot,CIC-IDS-2018-EXFIL
14/02/2018 08:06:27,8443,17,2816.401171116282,4,7,3472,11502,1,2,0.126664,5.2697,Bot,CIC-IDS-2018-EXFIL
14/02/2018 08:06:28,22,6,1821.3632675603853,2,22,4928,59611,2,3,0.07603,5.2372,Bot,CIC-IDS-2018-EXFIL
14/02/2018 08:06:29,21,6,7374.615123304853,4,23,5968,32375,0,2,0.0409,6.006,Bot,CIC-IDS-2018-EXFIL
14/02/2018 08:06:30,22,17,6623.973076656066,18,27,536,48431,3,1,0.223012,5.4628,Bot,CIC-IDS-2018-EXFIL
14/02/2018 08:06:31,21,6,1401.2838091208234,2,27,5299,36682,0,3,0.103581,7.95,Bot,CIC-IDS-2018-EXFIL
14/02/2018 08:06:32,443,6,4863.49408097897,2,35,3343,30894,0,0,0.104928,3.2091,Bot,CIC-IDS-2018-EXFIL
14/02/2018 08:06:33,80,6,9304.686508724633,5,12,5769,20316,1,1,0.058109,5.2532,Bot,CIC-IDS-2018-EXFIL
14/02/2018 08:06:34,8443,6,1912.8260128496306,14,3,7640,10895,1,0,0.106175,6.5989,Bot,CIC-IDS-2018-EXFIL
14/02/2018 08:06:35,21,6,18762.588565435202,13,3,4199,8508,0,3,0.189227,4.601,Bot,CIC-IDS-2018-EXFIL
14/02/2018 08:06:36,445,6,2433.969291996176,17,15,7781,29511,2,0,0.019665,4.6378,Bot,CIC-IDS-2018-EXFIL
14/02/2018 08:06:37,445,6,1537.047377545874,4,11,3071,36429,1,3,0.504887,6.1057,Bot,CIC-IDS-2018-EXFIL
14/02/2018 08:06:38,80,6,10041.641470395503,2,15,3275,44613,0,0,0.08298,5.5764,Bot,CIC-IDS-2018-EXFIL
14/02/2018 08:06:39,8443,6,12049.221016375346,11,3,7947,18478,0,0,0.348305,6.5193,Bot,CIC-IDS-2018-EXFIL
14/02/2018 08:06:40,8443,6,219.09131355551182,13,47,5079,80607,0,2,0.329406,5.9462,Data-Exfiltration-DNS,CIC-IDS-2018-EXFIL
14/02/2018 08:06:41,22,6,7832.478133214876,14,10,1714,10906,0,0,0.215179,6.2328,Data-Exfiltration-DNS,CIC-IDS-2018-EXFIL
14/02/2018 08:06:42,443,6,1451.7582990286344,21,11,5923,64,0,2,0.182367,7.4441,Data-Exfiltration-DNS,CIC-IDS-2018-EXFIL
14/02/2018 08:06:43,53,6,2763.036920505082,28,28,23281,84530,0,1,0.032262,7.95,Data-Exfiltration-DNS,CIC-IDS-2018-EXFIL
14/02/2018 08:06:44,8443,6,1146.9703907736912,20,11,5960,29742,2,0,0.152889,7.3328,Data-Exfiltration-DNS,CIC-IDS-2018-EXFIL
14/02/2018 08:06:45,445,6,632.6738464627294,8,23,3885,39471,0,2,0.122864,6.4414,Data-Exfiltration-DNS,CIC-IDS-2018-EXFIL
14/02/2018 08:06:46,80,6,1540.8971018583468,5,5,6074,11611,2,3,0.166189,6.2098,Data-Exfiltration-DNS,CIC-IDS-2018-EXFIL
14/02/2018 08:06:47,445,6,3160.6493188648374,12,14,13637,43785,1,3,0.162234,5.6728,Data-Exfiltration-DNS,CIC-IDS-2018-EXFIL
14/02/2018 08:06:48,80,17,4826.585870442622,19,52,14013,143485,0,2,0.159724,7.0852,Data-Exfiltration-DNS,CIC-IDS-2018-EXFIL
14/02/2018 08:06:49,22,17,2670.7246007683607,5,2,1813,8774,0,0,0.32499,6.8062,Data-Exfiltration-DNS,CIC-IDS-2018-EXFIL
14/02/2018 08:06:50,3389,6,2605.1663274942825,3,30,2940,60713,4,3,0.093474,7.314,Data-Exfiltration-DNS,CIC-IDS-2018-EXFIL
14/02/2018 08:06:51,53,17,4327.897808628128,5,31,7112,29186,2,3,0.156572,7.7067,Data-Exfiltration-DNS,CIC-IDS-2018-EXFIL
14/02/2018 08:06:52,3389,17,8109.246399527414,8,11,8159,9869,0,2,0.293281,7.6305,Data-Exfiltration-DNS,CIC-IDS-2018-EXFIL
14/02/2018 08:06:53,53,6,14809.634119514189,8,7,5585,8328,1,2,0.050676,7.95,Data-Exfiltration-DNS,CIC-IDS-2018-EXFIL
14/02/2018 08:06:54,443,6,587.0310668659532,18,38,64,20366,1,4,0.138831,7.4166,Data-Exfiltration-DNS,CIC-IDS-2018-EXFIL
14/02/2018 08:06:55,22,6,8250.80976725147,26,29,12004,47722,0,3,0.425292,7.5344,Data-Exfiltration-DNS,CIC-IDS-2018-EXFIL
14/02/2018 08:06:56,3389,6,323.4249043368522,5,10,4897,20939,1,3,0.369849,7.5435,Data-Exfiltration-DNS,CIC-IDS-2018-EXFIL
14/02/2018 08:06:57,3389,6,511.2697391751349,7,17,7760,30897,0,0,0.088799,7.6828,Data-Exfiltration-DNS,CIC-IDS-2018-EXFIL
14/02/2018 08:06:58,53,6,6023.7553615511515,20,15,3614,29812,1,3,0.222618,7.5544,Data-Exfiltration-DNS,CIC-IDS-2018-EXFIL
14/02/2018 08:06:59,21,6,503.4305972920496,13,12,8586,12216,1,1,0.135639,7.1706,Data-Exfiltration-DNS,CIC-IDS-2018-EXFIL
14/02/2018 08:07:00,445,17,2638.5917697122795,22,9,22360,9128,2,4,0.42678,6.7864,Data-Exfiltration-DNS,CIC-IDS-2018-EXFIL
14/02/2018 08:07:01,22,6,715.6689296306645,5,10,5427,10168,1,3,0.060541,5.7238,Data-Exfiltration-DNS,CIC-IDS-2018-EXFIL
14/02/2018 08:07:02,3389,6,1509.6963041418153,22,7,16077,18945,0,1,0.364447,5.6955,Data-Exfiltration-DNS,CIC-IDS-2018-EXFIL
14/02/2018 08:07:03,445,6,823.5521454356996,2,40,2498,33985,1,3,0.248893,6.3391,Data-Exfiltration-DNS,CIC-IDS-2018-EXFIL
14/02/2018 08:07:04,443,6,3360.030909054239,6,17,9476,29590,0,0,0.133963,5.9747,Data-Exfiltration-DNS,CIC-IDS-2018-EXFIL
14/02/2018 08:07:05,445,6,2531.8263876702745,11,13,10911,4740,0,4,0.148655,7.177,Data-Exfiltration-DNS,CIC-IDS-2018-EXFIL
14/02/2018 08:07:06,8443,6,415.2163322656642,4,11,3325,12990,5,2,0.258227,7.1562,Data-Exfiltration-DNS,CIC-IDS-2018-EXFIL
14/02/2018 08:07:07,8443,6,887.1502347073128,11,22,10537,22032,0,1,0.411707,6.549,Data-Exfiltration-DNS,CIC-IDS-2018-EXFIL
14/02/2018 08:07:08,8443,6,4265.21925976056,14,20,3046,32386,1,1,0.135387,6.87,Data-Exfiltration-DNS,CIC-IDS-2018-EXFIL
14/02/2018 08:07:09,445,6,1975.5389466054237,39,17,25117,43548,1,2,0.135435,7.5467,Data-Exfiltration-DNS,CIC-IDS-2018-EXFIL
14/02/2018 08:07:10,443,6,1290.6339944141378,21,40,7490,77798,1,2,0.116644,6.429,Data-Exfiltration-DNS,CIC-IDS-2018-EXFIL
14/02/2018 08:07:11,3389,6,8125.791103104563,55,12,28693,11938,1,2,0.322463,6.4084,Data-Exfiltration-DNS,CIC-IDS-2018-EXFIL
14/02/2018 08:07:12,80,6,1618.0626532394604,11,8,6492,18432,2,3,0.008202,7.95,Data-Exfiltration-DNS,CIC-IDS-2018-EXFIL
14/02/2018 08:07:13,445,6,1600.9277404389754,26,43,28000,119491,0,3,0.566439,6.7154,Data-Exfiltration-DNS,CIC-IDS-2018-EXFIL
14/02/2018 08:07:14,445,6,4940.370356482177,19,64,10169,68765,1,4,0.036805,5.9791,Data-Exfiltration-DNS,CIC-IDS-2018-EXFIL
14/02/2018 08:07:15,8443,6,413.5997099954044,19,3,1777,2397,0,2,0.311874,6.9917,Data-Exfiltration-DNS,CIC-IDS-2018-EXFIL
14/02/2018 08:07:16,443,6,753.325118974909,7,2,6093,3943,0,2,0.053868,6.4304,Data-Exfiltration-DNS,CIC-IDS-2018-EXFIL
14/02/2018 08:07:17,8443,6,2769.192232067064,12,3,8808,14102,0,6,0.584386,1.2454,Benign,CIC-IDS-2018-EXFIL
14/02/2018 08:07:18,80,6,4104.1678665853615,19,8,3837,13473,0,1,0.170566,7.2405,Data-Exfiltration-DNS,CIC-IDS-2018-EXFIL
14/02/2018 08:07:19,53,6,3573.511024567123,3,8,1540,20910,0,2,0.080926,5.967,Data-Exfiltration-DNS,CIC-IDS-2018-EXFIL
14/02/2018 08:07:20,8443,6,12955.797945673268,21,7,17197,28341,0,1,0.019884,6.3006,Data-Exfiltration-DNS,CIC-IDS-2018-EXFIL
14/02/2018 08:07:21,443,17,265.94958648347233,12,19,7385,21456,3,5,0.036534,6.5491,Data-Exfiltration-DNS,CIC-IDS-2018-EXFIL
14/02/2018 08:07:22,3389,6,8901.126774133854,2,10,4576,15708,0,0,0.141451,6.4793,Data-Exfiltration-DNS,CIC-IDS-2018-EXFIL
14/02/2018 08:07:23,443,6,140.90966478999576,4,15,6480,33131,0,2,0.442367,6.7155,Data-Exfiltration-DNS,CIC-IDS-2018-EXFIL
14/02/2018 08:07:24,22,6,4113.851507776296,3,14,5864,16286,0,2,0.258641,6.8793,Data-Exfiltration-DNS,CIC-IDS-2018-EXFIL
14/02/2018 08:07:25,21,6,4481.9226182906805,4,30,4220,53452,3,3,0.084148,5.2534,Data-Exfiltration-DNS,CIC-IDS-2018-EXFIL
14/02/2018 08:07:26,22,6,933.6492089976974,7,19,5052,66084,9,1,0.754985,3.7411,PortScan,CIC-IDS-2018-EXFIL
14/02/2018 08:07:27,3389,6,308.52489534841357,31,2,19343,10717,0,2,0.825489,7.95,Data-Exfiltration-DNS,CIC-IDS-2018-EXFIL
14/02/2018 08:07:28,8443,6,1795.759858678719,2,19,1337,69329,0,1,0.1157,7.6483,Data-Exfiltration-DNS,CIC-IDS-2018-EXFIL
14/02/2018 08:07:29,3389,6,1365.2995778043755,25,67,18259,35282,1,5,0.093041,7.4699,Data-Exfiltration-DNS,CIC-IDS-2018-EXFIL
14/02/2018 08:07:30,443,6,1396.6416757426466,14,19,14114,4730,1,1,0.222747,7.95,Data-Exfiltration-DNS,CIC-IDS-2018-EXFIL
14/02/2018 08:07:31,3389,6,5495.961835163256,16,8,15019,7367,0,2,0.212696,7.1591,Data-Exfiltration-DNS,CIC-IDS-2018-EXFIL
14/02/2018 08:07:32,53,6,4630.285692746598,3,44,2491,108376,0,2,0.203907,6.5722,Data-Exfiltration-DNS,CIC-IDS-2018-EXFIL
14/02/2018 08:07:33,80,17,1477.5654302776445,4,44,4139,75791,1,1,0.267497,6.8871,Data-Exfiltration-DNS,CIC-IDS-2018-EXFIL
14/02/2018 08:07:34,443,6,846.2093488813986,19,108,11172,150261,3,3,0.163102,3.6266,PortScan,CIC-IDS-2018-EXFIL
14/02/2018 08:07:35,53,6,1039.749442801118,12,10,4159,24023,1,2,0.041899,5.4571,Data-Exfiltration-DNS,CIC-IDS-2018-EXFIL
14/02/2018 08:07:36,443,17,3856.0135102213912,30,21,12234,46317,0,1,0.337245,6.9998,Data-Exfiltration-DNS,CIC-IDS-2018-EXFIL
14/02/2018 08:07:37,3389,17,4934.891990693844,11,51,8407,30451,0,1,0.312877,7.1201,Data-Exfiltration-DNS,CIC-IDS-2018-EXFIL
14/02/2018 08:07:38,53,17,1673.7666016764265,9,19,6675,47185,1,1,0.076937,6.1754,Data-Exfiltration-DNS,CIC-IDS-2018-EXFIL
14/02/2018 08:07:39,80,6,2325.549881634451,29,43,21278,32341,3,2,0.38588,7.0796,Data-Exfiltration-DNS,CIC-IDS-2018-EXFIL
14/02/2018 08:07:40,8443,17,846.8979321706934,21,4,9341,19890,1,0,0.142995,7.1177,Data-Exfiltration-DNS,CIC-IDS-2018-EXFIL
14/02/2018 08:07:41,445,6,15456.19498536782,6,21,3681,64,0,1,0.466158,6.6253,Data-Exfiltration-DNS,CIC-IDS-2018-EXFIL
14/02/2018 08:07:42,445,6,1810.868842132102,8,8,4423,18299,2,1,0.314945,7.8105,Data-Exfiltration-DNS,CIC-IDS-2018-EXFIL
14/02/2018 08:07:43,22,6,3800.077698890561,3,8,5977,19424,2,1,0.350477,7.8154,Data-Exfiltration-DNS,CIC-IDS-2018-EXFIL
14/02/2018 08:07:44,445,6,1974.3920143361129,7,16,9263,47442,0,2,0.025513,7.95,Data-Exfiltration-DNS,CIC-IDS-2018-EXFIL
14/02/2018 08:07:45,443,17,10103.560234691127,2,35,1520,60593,0,2,0.299529,7.4337,Data-Exfiltration-DNS,CIC-IDS-2018-EXFIL
14/02/2018 08:07:46,21,6,2362.210433039153,6,11,6371,22075,1,3,0.024972,5.6191,Data-Exfiltration-DNS,CIC-IDS-2018-EXFIL
14/02/2018 08:07:47,445,6,2474.975609466122,14,5,20990,11310,2,4,0.310435,6.1946,Data-Exfiltration-DNS,CIC-IDS-2018-EXFIL
14/02/2018 08:07:48,3389,17,2272.799941258385,3,16,2766,33019,2,0,0.403223,6.5718,Data-Exfiltration-DNS,CIC-IDS-2018-EXFIL
14/02/2018 08:07:49,3389,17,6091.6642550917495,3,7,5611,23200,0,5,0.247528,7.95,Data-Exfiltration-DNS,CIC-IDS-2018-EXFIL
14/02/2018 08:07:50,8443,6,2589.3680336597545,22,8,8577,31641,0,3,0.16906,6.2907,Data-Exfiltration-DNS,CIC-IDS-2018-EXFIL
14/02/2018 08:07:51,445,6,3800.0434688674995,38,2,1254,14334,0,3,0.0984,7.2644,Data-Exfiltration-DNS,CIC-IDS-2018-EXFIL
14/02/2018 08:07:52,53,6,235.61032200259737,3,87,3855,106982,2,1,0.112613,1.9114,PortScan,CIC-IDS-2018-EXFIL
14/02/2018 08:07:53,21,6,5280.053000394951,12,2,13564,15227,4,0,0.231985,6.9055,Data-Exfiltration-DNS,CIC-IDS-2018-EXFIL
14/02/2018 08:07:54,445,6,447.8595527229862,9,7,4184,18892,1,3,0.140562,7.5453,Data-Exfiltration-DNS,CIC-IDS-2018-EXFIL
14/02/2018 08:07:55,445,6,3410.984606015032,3,4,3953,16306,0,3,0.277216,7.1312,Data-Exfiltration-DNS,CIC-IDS-2018-EXFIL
14/02/2018 08:07:56,443,6,14874.41648449504,3,6,5672,11001,0,1,0.033801,6.5515,Data-Exfiltration-DNS,CIC-IDS-2018-EXFIL
14/02/2018 08:07:57,22,6,1817.595603104571,3,16,5041,42966,1,2,0.005385,6.5697,Data-Exfiltration-DNS,CIC-IDS-2018-EXFIL
14/02/2018 08:07:58,443,6,3188.8376642942258,4,5,7754,18167,1,4,0.084109,5.7811,Data-Exfiltration-DNS,CIC-IDS-2018-EXFIL
14/02/2018 08:07:59,443,17,752.0941018423148,13,33,12486,74506,4,1,0.368196,1.986,PortScan,CIC-IDS-2018-EXFIL
14/02/2018 08:08:00,22,6,4774.85611514989,28,16,8307,64,0,9,0.727672,2.2474,Benign,CIC-IDS-2018-EXFIL
14/02/2018 08:08:01,22,6,659.8249347886112,5,30,7484,64634,1,4,0.537392,1.2752,Benign,CIC-IDS-2018-EXFIL
14/02/2018 08:08:02,8443,6,1294.3441472324077,3,28,3071,25431,1,9,0.215004,0.5,Benign,CIC-IDS-2018-EXFIL
14/02/2018 08:08:03,21,6,1639.976437153383,8,10,11005,16962,0,12,0.463271,0.5,Benign,CIC-IDS-2018-EXFIL
14/02/2018 08:08:04,445,6,2448.082829334393,7,30,5181,33894,0,9,0.317863,2.6441,Benign,CIC-IDS-2018-EXFIL
14/02/2018 08:08:05,53,6,1321.3162488124976,46,7,11326,9929,0,7,0.681483,0.5,Benign,CIC-IDS-2018-EXFIL
14/02/2018 08:08:06,443,17,3447.924342029589,13,8,12325,18237,7,2,0.375989,2.3503,PortScan,CIC-IDS-2018-EXFIL
14/02/2018 08:08:07,8443,6,4575.609666926541,2,3,2658,11043,0,7,0.428051,0.5,Benign,CIC-IDS-2018-EXFIL
14/02/2018 08:08:08,53,6,3673.905125008619,10,38,7013,44996,0,6,0.405073,0.708,Benign,CIC-IDS-2018-EXFIL
14/02/2018 08:08:09,443,6,195.25985427741875,57,24,44250,8382,0,8,0.157999,1.571,Benign,CIC-IDS-2018-EXFIL
14/02/2018 08:08:10,445,6,187.5915124414684,35,14,18977,13904,1,4,0.474819,1.3058,Benign,CIC-IDS-2018-EXFIL
14/02/2018 08:08:11,53,6,1502.5782067374255,5,19,5306,15774,2,7,0.212507,1.0215,Benign,CIC-IDS-2018-EXFIL
14/02/2018 08:08:12,80,17,6017.630581449329,8,12,3779,33703,2,3,0.56165,3.784,PortScan,CIC-IDS-2018-EXFIL
14/02/2018 08:08:13,21,6,1767.6646425398494,22,15,836,9493,4,3,0.384759,0.6654,PortScan,CIC-IDS-2018-EXFIL
14/02/2018 08:08:14,3389,6,1239.871004042456,5,6,4018,21985,1,10,0.532687,2.2893,Benign,CIC-IDS-2018-EXFIL
14/02/2018 08:08:15,21,17,1773.372294783729,7,25,4464,64,1,8,0.581598,0.668,Benign,CIC-IDS-2018-EXFIL
14/02/2018 08:08:16,53,6,1579.669801155782,3,34,3373,21573,5,4,0.142245,2.0432,PortScan,CIC-IDS-2018-EXFIL
14/02/2018 08:08:17,8443,6,1703.8479766016885,9,25,8723,2333,0,4,0.69949,2.1552,Benign,CIC-IDS-2018-EXFIL
14/02/2018 08:08:18,445,6,1380.9408855107822,14,4,6299,5665,0,6,0.477748,0.9649,Benign,CIC-IDS-2018-EXFIL
14/02/2018 08:08:19,3389,6,1948.6197948233369,7,55,2312,25004,1,13,0.363533,0.5,Benign,CIC-IDS-2018-EXFIL
14/02/2018 08:08:20,445,17,341.80375530540175,3,11,5691,45939,1,15,0.269213,0.5,Benign,CIC-IDS-2018-EXFIL
14/02/2018 08:08:21,443,6,175.2709019473176,4,24,4214,8252,1,6,0.633678,1.0122,Benign,CIC-IDS-2018-EXFIL
14/02/2018 08:08:22,8443,6,520.0389528201832,43,19,10359,22170,1,10,0.477477,1.4414,Benign,CIC-IDS-2018-EXFIL
14/02/2018 08:08:23,53,6,16265.135685099638,5,9,2834,22204,2,9,0.54881,0.6605,Benign,CIC-IDS-2018-EXFIL
14/02/2018 08:08:24,3389,17,1417.0701483538587,4,10,2415,6871,1,7,0.556017,1.3538,Benign,CIC-IDS-2018-EXFIL
14/02/2018 08:08:25,53,6,6546.045855481221,14,9,9463,16177,2,15,0.071545,0.8833,Benign,CIC-IDS-2018-EXFIL
14/02/2018 08:08:26,445,6,3412.5297156492534,5,9,2511,6586,0,6,0.699017,2.2074,Benign,CIC-IDS-2018-EXFIL
14/02/2018 08:08:27,21,6,3720.7380014694677,4,5,5266,9291,1,11,0.554881,1.5033,Benign,CIC-IDS-2018-EXFIL
14/02/2018 08:08:28,80,6,8662.836868901348,39,41,64,91824,3,3,0.483069,0.8855,Benign,CIC-IDS-2018-EXFIL
14/02/2018 08:08:29,21,6,1287.5434049003643,24,15,26850,38644,0,8,0.270698,1.9746,Benign,CIC-IDS-2018-EXFIL
14/02/2018 08:08:30,8443,17,3934.5476462686665,24,19,13141,25665,4,4,0.295382,1.5302,Benign,CIC-IDS-2018-EXFIL
14/02/2018 08:08:31,53,17,9297.172011142658,2,4,4041,12267,0,10,0.326509,0.9394,Benign,CIC-IDS-2018-EXFIL
14/02/2018 08:08:32,3389,6,11556.964429816351,16,68,7829,67609,5,4,0.194153,2.0207,PortScan,CIC-IDS-2018-EXFIL
14/02/2018 08:08:33,445,17,6732.2029181016305,10,4,6835,20669,0,6,0.495905,1.7482,Benign,CIC-IDS-2018-EXFIL
14/02/2018 08:08:34,8443,6,597.0594610494968,3,13,5799,13977,3,9,0.136331,2.5228,Benign,CIC-IDS-2018-EXFIL
14/02/2018 08:08:35,445,6,3095.2153007903235,10,19,2948,11175,1,11,0.594884,0.5,Benign,CIC-IDS-2018-EXFIL
14/02/2018 08:08:36,80,17,5832.326187588137,3,6,5455,11562,1,4,0.583812,0.9131,Benign,CIC-IDS-2018-EXFIL
14/02/2018 08:08:37,21,6,5160.50549379386,6,17,8180,44744,2,1,0.631301,4.2227,PortScan,CIC-IDS-2018-EXFIL
14/02/2018 08:08:38,3389,17,2042.604252472637,9,6,5275,14185,1,14,0.5155,1.1497,Benign,CIC-IDS-2018-EXFIL
14/02/2018 08:08:39,53,6,545.1103576990488,4,5,3875,23475,0,12,0.354271,1.0136,Benign,CIC-IDS-2018-EXFIL
14/02/2018 08:08:40,445,6,1275.299307164545,5,48,5467,75186,3,6,0.368615,0.5,Benign,CIC-IDS-2018-EXFIL
14/02/2018 08:08:41,80,17,648.169487752126,26,18,5618,48054,4,2,0.389642,2.2477,PortScan,CIC-IDS-2018-EXFIL
14/02/2018 08:08:42,8443,17,654.6348443062119,11,64,5428,69312,3,6,0.624182,0.5,Benign,CIC-IDS-2018-EXFIL
14/02/2018 08:08:43,8443,6,1739.4969821871016,4,50,5976,105508,2,9,0.780263,1.0931,Benign,CIC-IDS-2018-EXFIL
14/02/2018 08:08:44,3389,6,5215.592213340862,69,21,38400,38737,2,4,0.616351,0.764,Benign,CIC-IDS-2018-EXFIL
14/02/2018 08:08:45,443,6,2469.3398487219733,2,20,1288,36489,1,9,0.285189,1.5569,Benign,CIC-IDS-2018-EXFIL
14/02/2018 08:08:46,21,6,1905.2909150222717,3,63,3868,56402,0,6,0.352814,2.2731,Benign,CIC-IDS-2018-EXFIL
14/02/2018 08:08:47,8443,6,14353.158605353705,9,2,5123,2432,0,10,0.779273,0.5,Benign,CIC-IDS-2018-EXFIL
14/02/2018 08:08:48,80,6,2630.403450548151,9,61,4486,68,2,7,0.55904,1.2104,Benign,CIC-IDS-2018-EXFIL
14/02/2018 08:08:49,21,6,5593.678349656405,11,11,1752,29827,2,11,0.348584,1.583,Benign,CIC-IDS-2018-EXFIL
14/02/2018 08:08:50,8443,6,1530.5759146715784,19,52,11576,37412,3,6,0.483053,2.3399,Benign,CIC-IDS-2018-EXFIL
14/02/2018 08:08:51,3389,17,1748.2764835154303,54,9,32163,2733,4,1,0.88095,1.2896,PortScan,CIC-IDS-2018-EXFIL
14/02/2018 08:08:52,53,6,911.6654336666705,3,23,5510,72177,1,6,0.796625,1.5854,Benign,CIC-IDS-2018-EXFIL
14/02/2018 08:08:53,8443,6,1869.3952072819932,2,7,4421,29722,0,9,0.306277,2.4019,Benign,CIC-IDS-2018-EXFIL
14/02/2018 08:08:54,3389,6,7943.380771511256,5,10,5944,15854,0,6,0.625647,1.0629,Benign,CIC-IDS-2018-EXFIL
14/02/2018 08:08:55,21,6,6767.9610347079,7,3,7359,14723,1,3,0.201598,0.5,Benign,CIC-IDS-2018-EXFIL
14/02/2018 08:08:56,53,6,1547.1304799625552,25,43,11446,36814,0,12,0.693298,0.7822,Benign,CIC-IDS-2018-EXFIL
14/02/2018 08:08:57,53,6,3405.4418753208397,13,20,13259,47879,0,8,0.560009,1.2668,Benign,CIC-IDS-2018-EXFIL
14/02/2018 08:08:58,445,6,1194.7633834991655,17,23,10744,20971,2,10,0.629119,0.8477,Benign,CIC-IDS-2018-EXFIL
14/02/2018 08:08:59,21,6,3132.9542001312316,20,2,17909,16338,0,5,0.492178,1.8698,Benign,CIC-IDS-2018-EXFIL
14/02/2018 08:09:00,53,6,2694.559613119063,6,15,5967,25833,1,11,0.504956,0.5,Benign,CIC-IDS-2018-EXFIL
14/02/2018 08:09:01,22,6,999.1812019687043,14,17,7830,57769,1,5,0.26445,0.9998,Benign,CIC-IDS-2018-EXFIL
14/02/2018 08:09:02,22,6,2797.1538403321683,25,35,20627,26420,1,7,0.059673,0.7242,Benign,CIC-IDS-2018-EXFIL
14/02/2018 08:09:03,443,17,577.5748088157602,18,30,21934,19275,2,10,0.471692,0.8284,Benign,CIC-IDS-2018-EXFIL
14/02/2018 08:09:04,8443,6,2890.759373608445,11,17,5526,34922,0,2,0.492327,0.7721,Benign,CIC-IDS-2018-EXFIL
14/02/2018 08:09:05,3389,6,407.04309969838994,2,4,1805,12022,1,5,0.406338,0.7235,Benign,CIC-IDS-2018-EXFIL
14/02/2018 08:09:06,443,6,753.398891542671,7,30,2893,26358,0,11,0.254654,3.2545,Benign,CIC-IDS-2018-EXFIL
14/02/2018 08:09:07,22,6,3343.5598545490607,5,15,6346,24367,1,8,0.298089,1.0261,Benign,CIC-IDS-2018-EXFIL
14/02/2018 08:09:08,3389,17,3297.7033413420318,8,71,10850,91149,1,8,0.572248,3.4333,Benign,CIC-IDS-2018-EXFIL
14/02/2018 08:09:09,80,6,1144.3328476414742,9,23,3212,58651,1,11,0.303958,1.8749,Benign,CIC-IDS-2018-EXFIL
14/02/2018 08:09:10,80,6,5962.757554062129,2,68,3517,61692,2,2,0.676332,1.7516,Benign,CIC-IDS-2018-EXFIL
14/02/2018 08:09:11,443,6,4990.474013077034,4,45,6899,33610,1,5,0.458727,1.3861,Benign,CIC-IDS-2018-EXFIL
14/02/2018 08:09:12,80,17,2108.107079237466,10,33,12120,76577,0,5,0.473948,1.2986,Benign,CIC-IDS-2018-EXFIL
14/02/2018 08:09:13,8443,17,277.9919758620066,14,13,5015,19794,0,6,0.427209,2.1086,Benign,CIC-IDS-2018-EXFIL
14/02/2018 08:09:14,3389,6,6855.315981867764,3,8,6154,26123,3,4,0.303716,2.2298,Benign,CIC-IDS-2018-EXFIL
14/02/2018 08:09:15,21,6,6049.3942386054005,26,54,9115,157432,0,10,0.58055,0.6977,Benign,CIC-IDS-2018-EXFIL
14/02/2018 08:09:16,443,6,320.0200552231321,7,7,8502,19259,2,6,0.698777,1.0418,Benign,CIC-IDS-2018-EXFIL
14/02/2018 08:09:17,22,6,3997.962991790006,6,37,4626,77013,0,10,0.486131,2.5996,Benign,CIC-IDS-2018-EXFIL
14/02/2018 08:09:18,22,17,3353.85738313649,14,7,7895,13077,2,12,0.552047,2.4249,Benign,CIC-IDS-2018-EXFIL
14/02/2018 08:09:19,21,17,10916.753318347699,4,17,7297,24122,0,12,0.262385,0.8978,Benign,CIC-IDS-2018-EXFIL
14/02/2018 08:09:20,80,6,3625.50106614817,16,15,9427,48923,6,3,0.65609,1.7997,PortScan,CIC-IDS-2018-EXFIL
14/02/2018 08:09:21,21,6,1787.5023809583324,23,10,21862,34323,6,2,0.609536,1.7699,PortScan,CIC-IDS-2018-EXFIL
14/02/2018 08:09:22,21,6,209.88244020056663,24,19,16661,17410,7,1,0.686342,3.3702,PortScan,CIC-IDS-2018-EXFIL
14/02/2018 08:09:23,53,6,298.9030314866484,2,28,3429,33550,5,0,0.249463,1.4713,PortScan,CIC-IDS-2018-EXFIL
14/02/2018 08:09:24,53,6,985.9823990333707,3,41,5950,96365,11,1,0.369036,1.9216,PortScan,CIC-IDS-2018-EXFIL
14/02/2018 08:09:25,21,6,4482.557987058879,28,21,6217,586,8,3,0.377202,1.5895,PortScan,CIC-IDS-2018-EXFIL
14/02/2018 08:09:26,80,6,6770.405825165141,2,9,6157,18265,6,1,0.625603,2.1132,PortScan,CIC-IDS-2018-EXFIL
14/02/2018 08:09:27,21,6,2526.1204141331336,17,10,14557,2889,4,0,0.261548,3.2136,PortScan,CIC-IDS-2018-EXFIL
14/02/2018 08:09:28,80,6,4297.735700413333,29,6,33273,24236,7,1,0.550743,2.0491,PortScan,CIC-IDS-2018-EXFIL
14/02/2018 08:09:29,53,6,3546.5918913787427,32,59,30655,98992,3,0,0.71549,1.7199,PortScan,CIC-IDS-2018-EXFIL
14/02/2018 08:09:30,22,6,4032.1129414061634,16,5,7440,10622,6,1,0.114515,3.4027,PortScan,CIC-IDS-2018-EXFIL
14/02/2018 08:09:31,80,6,5915.71505599775,3,111,3185,259952,0,3,0.541604,0.5,Benign,CIC-IDS-2018-EXFIL
14/02/2018 08:09:32,21,6,5002.665611409479,2,21,5815,23477,3,3,0.21924,2.6724,PortScan,CIC-IDS-2018-EXFIL
14/02/2018 08:09:33,8443,6,2755.923924349895,24,44,10380,111051,3,4,0.486122,2.792,PortScan,CIC-IDS-2018-EXFIL
14/02/2018 08:09:34,8443,6,381.5332331364057,2,2,4829,12076,2,2,0.269877,1.9782,PortScan,CIC-IDS-2018-EXFIL
14/02/2018 08:09:35,21,6,13971.858493571472,11,60,9041,170951,8,7,0.553039,3.732,PortScan,CIC-IDS-2018-EXFIL
14/02/2018 08:09:36,443,6,2131.2980142534448,15,7,16300,10628,6,1,0.511518,1.6835,PortScan,CIC-IDS-2018-EXFIL
14/02/2018 08:09:37,445,17,704.2923814786541,7,4,6676,14098,5,3,0.805444,1.9024,PortScan,CIC-IDS-2018-EXFIL
14/02/2018 08:09:38,21,6,12093.595283325138,47,15,20399,20984,2,9,0.560246,1.521,Benign,CIC-IDS-2018-EXFIL
14/02/2018 08:09:39,21,6,444.787845660725,18,27,22037,45253,3,3,0.200215,1.663,PortScan,CIC-IDS-2018-EXFIL
14/02/2018 08:09:40,21,6,821.8565611644522,11,28,11261,25915,7,2,0.898881,2.8932,PortScan,CIC-IDS-2018-EXFIL
14/02/2018 08:09:41,8443,6,4351.881456270112,7,20,4225,26825,4,0,0.532523,2.1507,PortScan,CIC-IDS-2018-EXFIL
14/02/2018 08:09:42,3389,17,614.2546962579436,21,15,12358,14852,6,0,0.498709,2.0241,PortScan,CIC-IDS-2018-EXFIL
14/02/2018 08:09:43,445,6,2805.4963355339833,6,72,3141,143289,4,3,0.543999,2.5701,PortScan,CIC-IDS-2018-EXFIL
14/02/2018 08:09:44,53,6,4809.391157161887,15,54,16549,25753,5,1,0.233772,3.5085,PortScan,CIC-IDS-2018-EXFIL
14/02/2018 08:09:45,53,6,1221.8318825254187,4,3,4195,5143,1,7,0.779682,0.7137,Benign,CIC-IDS-2018-EXFIL
14/02/2018 08:09:46,3389,6,5381.269957459415,5,24,2120,2699,8,0,0.784398,2.5963,PortScan,CIC-IDS-2018-EXFIL
14/02/2018 08:09:47,445,6,812.3243991518921,7,21,5046,44811,4,1,0.320609,2.41,PortScan,CIC-IDS-2018-EXFIL
14/02/2018 08:09:48,22,6,917.3879747197989,2,21,2553,43194,2,3,0.724414,1.6278,PortScan,CIC-IDS-2018-EXFIL
14/02/2018 08:09:49,21,6,2396.5792748817385,10,2,5438,14699,5,1,0.682958,2.5058,PortScan,CIC-IDS-2018-EXFIL
14/02/2018 08:09:50,22,6,1494.7791845600943,18,10,15788,30241,8,2,0.248588,2.7273,PortScan,CIC-IDS-2018-EXFIL
14/02/2018 08:09:51,21,6,3652.76394666722,14,27,4220,30719,6,2,0.71167,2.5319,PortScan,CIC-IDS-2018-EXFIL
14/02/2018 08:09:52,8443,6,2522.811406775318,22,12,11149,6200,6,2,0.038022,2.2844,PortScan,CIC-IDS-2018-EXFIL
14/02/2018 08:09:53,445,17,6147.003519030814,2,40,4902,48921,3,2,0.369559,1.471,PortScan,CIC-IDS-2018-EXFIL
14/02/2018 08:09:54,8443,6,3067.4305812250745,6,19,5033,46155,8,0,0.558754,2.2903,PortScan,CIC-IDS-2018-EXFIL
14/02/2018 08:09:55,445,6,1661.2754219264546,10,4,1484,12878,8,1,0.583036,2.7372,PortScan,CIC-IDS-2018-EXFIL
14/02/2018 08:09:56,445,6,2189.9890844307247,31,4,18691,6955,7,1,0.537413,1.5126,PortScan,CIC-IDS-2018-EXFIL
14/02/2018 08:09:57,22,6,2821.9081272994167,39,41,37250,870,5,0,0.905406,1.2754,PortScan,CIC-IDS-2018-EXFIL
14/02/2018 08:09:58,22,6,20826.087662775048,35,52,24695,45830,6,1,0.697226,1.8943,PortScan,CIC-IDS-2018-EXFIL
14/02/2018 08:09:59,445,6,5131.981608047497,6,51,5345,120754,3,2,0.232981,2.9361,PortScan,CIC-IDS-2018-EXFIL
14/02/2018 08:10:00,22,6,8515.146958547077,14,2,15171,15701,4,3,0.02669,2.3068,PortScan,CIC-IDS-2018-EXFIL
14/02/2018 08:10:01,8443,6,2316.4225955817396,39,51,31834,45819,2,9,0.167422,2.1212,Benign,CIC-IDS-2018-EXFIL
14/02/2018 08:10:02,22,6,504.8327125183643,16,18,9700,25794,4,2,0.010658,4.0211,PortScan,CIC-IDS-2018-EXFIL
14/02/2018 08:10:03,8443,6,2885.884681271106,4,5,5003,14046,8,1,0.141015,2.7312,PortScan,CIC-IDS-2018-EXFIL
14/02/2018 08:10:04,3389,17,5120.23175015121,3,2,3353,8915,9,3,0.699123,0.8899,PortScan,CIC-IDS-2018-EXFIL
14/02/2018 08:10:05,445,6,1284.818251254675,3,2,2785,6011,10,3,0.479451,1.7474,PortScan,CIC-IDS-2018-EXFIL
14/02/2018 08:10:06,443,6,1278.5167628603854,3,14,4024,35967,5,1,0.42777,2.2245,PortScan,CIC-IDS-2018-EXFIL
14/02/2018 08:10:07,53,17,1878.0426748111486,4,32,6744,40484,5,2,0.54511,1.6769,PortScan,CIC-IDS-2018-EXFIL
14/02/2018 08:10:08,8443,17,5913.217248269984,2,46,1901,38617,2,2,0.568314,2.9818,PortScan,CIC-IDS-2018-EXFIL
14/02/2018 08:10:09,443,6,4802.432393400632,5,5,5807,8786,9,3,0.094611,4.1063,PortScan,CIC-IDS-2018-EXFIL
14/02/2018 08:10:10,21,6,364.7132167182033,7,25,4311,20509,8,0,0.205351,1.3104,PortScan,CIC-IDS-2018-EXFIL
14/02/2018 08:10:11,445,6,3085.4573325130536,16,6,6685,64,5,3,0.367573,3.6388,PortScan,CIC-IDS-2018-EXFIL
14/02/2018 08:10:12,3389,6,3851.413513883781,35,6,18989,28145,3,0,0.555277,0.5,PortScan,CIC-IDS-2018-EXFIL
14/02/2018 08:10:13,3389,6,2971.112031414728,19,23,18444,30960,9,3,0.324144,1.8583,PortScan,CIC-IDS-2018-EXFIL
14/02/2018 08:10:14,80,6,774.0420192138705,4,21,6063,204,5,2,0.425543,1.3808,PortScan,CIC-IDS-2018-EXFIL
14/02/2018 08:10:15,8443,17,226.45776339149234,4,9,7405,15082,5,3,0.551752,2.0846,PortScan,CIC-IDS-2018-EXFIL
14/02/2018 08:10:16,8443,6,614.6021436580411,35,20,33621,39596,3,3,0.600212,1.0896,PortScan,CIC-IDS-2018-EXFIL
14/02/2018 08:10:17,53,6,2511.443149282433,23,3,10451,13253,6,1,0.347999,2.3807,PortScan,CIC-IDS-2018-EXFIL
14/02/2018 08:10:18,53,6,120.32709162522875,5,22,2544,37919,4,1,0.604557,0.8914,PortScan,CIC-IDS-2018-EXFIL
14/02/2018 08:10:19,53,6,2338.9452151899836,5,19,7988,14066,6,1,0.255033,3.1632,PortScan,CIC-IDS-2018-EXFIL
14/02/2018 08:10:20,22,6,3321.3141332099167,4,17,4566,10750,4,2,0.48286,2.4065,PortScan,CIC-IDS-2018-EXFIL
14/02/2018 08:10:21,3389,6,1099.2685973573784,15,6,8452,11875,3,2,0.400811,0.9199,PortScan,CIC-IDS-2018-EXFIL
14/02/2018 08:10:22,8443,6,4202.811490274254,16,13,16658,9085,4,4,0.402061,2.021,PortScan,CIC-IDS-2018-EXFIL
14/02/2018 08:10:23,3389,17,3633.0944820636105,2,30,2835,48211,5,2,0.617261,1.2773,PortScan,CIC-IDS-2018-EXFIL
14/02/2018 08:10:24,22,6,1057.314200775165,14,5,5239,7059,10,1,0.525719,3.5852,PortScan,CIC-IDS-2018-EXFIL
14/02/2018 08:10:25,443,6,656.9494813160919,5,51,8086,58504,4,2,0.160607,3.7892,PortScan,CIC-IDS-2018-EXFIL
14/02/2018 08:10:26,8443,6,685.3381085042173,4,15,5596,32395,9,2,0.317777,2.609,PortScan,CIC-IDS-2018-EXFIL
14/02/2018 08:10:27,80,6,6045.426867512713,10,4,6842,11002,5,1,0.702585,1.8691,PortScan,CIC-IDS-2018-EXFIL
14/02/2018 08:10:28,53,6,1606.0234625760115,29,13,14205,16195,11,1,0.578051,3.4765,PortScan,CIC-IDS-2018-EXFIL
14/02/2018 08:10:29,53,6,1833.4994719672504,12,22,7528,29224,3,0,0.386189,2.0198,PortScan,CIC-IDS-2018-EXFIL
14/02/2018 08:10:30,80,6,6979.1670967257305,7,14,3540,8057,5,2,0.362989,2.7299,PortScan,CIC-IDS-2018-EXFIL
14/02/2018 08:10:31,22,6,2384.4586272737015,35,14,21757,17203,0,8,0.155948,0.7998,Benign,CIC-IDS-2018-EXFIL
14/02/2018 08:10:32,53,6,1711.7230729221455,21,29,4223,16010,9,3,0.345359,0.9905,PortScan,CIC-IDS-2018-EXFIL
14/02/2018 08:10:33,445,6,6852.104911668128,15,45,14159,70360,9,2,0.677974,1.6167,PortScan,CIC-IDS-2018-EXFIL
14/02/2018 08:10:34,21,6,270.94747788262293,2,5,4826,8179,3,1,0.895882,1.8511,PortScan,CIC-IDS-2018-EXFIL
14/02/2018 08:10:35,443,6,3131.301130202221,37,5,17596,15376,1,11,0.543491,0.5423,Benign,CIC-IDS-2018-EXFIL
14/02/2018 08:10:36,3389,6,4752.655271432697,26,7,13036,18459,7,2,0.422959,2.2656,PortScan,CIC-IDS-2018-EXFIL
14/02/2018 08:10:37,80,6,14333.00625293219,19,37,19189,44924,6,6,0.459457,1.9737,PortScan,CIC-IDS-2018-EXFIL
14/02/2018 08:10:38,80,6,1572.7892024810071,23,47,8199,35310,4,1,0.442041,1.6966,PortScan,CIC-IDS-2018-EXFIL
14/02/2018 08:10:39,3389,6,7985.112617610204,2,5,1065,19690,11,1,0.527611,2.311,PortScan,CIC-IDS-2018-EXFIL
14/02/2018 08:10:40,21,6,4236.661356831624,12,3,10920,15227,10,0,0.298015,4.5065,SSH-Bruteforce,CIC-IDS-2018-EXFIL
14/02/2018 08:10:41,443,6,2887.974084145479,38,9,64,24885,11,0,0.610991,2.651,PortScan,CIC-IDS-2018-EXFIL
14/02/2018 08:10:42,445,6,1618.5390195303005,7,100,1845,87796,3,3,0.332511,4.7985,SSH-Bruteforce,CIC-IDS-2018-EXFIL
14/02/2018 08:10:43,443,17,9626.132856789474,16,36,4565,43198,4,2,0.504476,2.9986,SSH-Bruteforce,CIC-IDS-2018-EXFIL
14/02/2018 08:10:44,8443,6,3893.6827155291585,6,11,4665,27257,7,1,0.219714,3.5345,SSH-Bruteforce,CIC-IDS-2018-EXFIL
14/02/2018 08:10:45,53,17,18170.53821219215,5,62,6681,64,6,2,0.052775,5.4749,SSH-Bruteforce,CIC-IDS-2018-EXFIL
14/02/2018 08:10:46,443,6,6577.301962729205,31,12,19933,24138,12,2,0.212991,3.4939,SSH-Bruteforce,CIC-IDS-2018-EXFIL
14/02/2018 08:10:47,3389,6,9240.52018781449,5,4,4130,5330,1,12,0.415884,1.3351,Benign,CIC-IDS-2018-EXFIL
14/02/2018 08:10:48,8443,6,2084.6957880197588,11,26,6891,21723,5,4,0.624708,3.8484,SSH-Bruteforce,CIC-IDS-2018-EXFIL
14/02/2018 08:10:49,3389,6,11362.490290290198,5,24,6517,43606,9,3,0.356217,1.9985,PortScan,CIC-IDS-2018-EXFIL
14/02/2018 08:10:50,8443,6,4468.950244101912,16,43,2062,32517,3,2,0.696546,4.9772,SSH-Bruteforce,CIC-IDS-2018-EXFIL
14/02/2018 08:10:51,8443,6,7566.400691526051,20,12,15149,36212,5,2,0.009682,1.8703,PortScan,CIC-IDS-2018-EXFIL
14/02/2018 08:10:52,443,17,1051.5447887393611,20,22,17153,32089,8,1,0.603662,4.2709,SSH-Bruteforce,CIC-IDS-2018-EXFIL
14/02/2018 08:10:53,21,6,3257.4782222630715,23,5,3000,12232,5,1,0.298034,3.5072,SSH-Bruteforce,CIC-IDS-2018-EXFIL
14/02/2018 08:10:54,445,6,12852.301712405753,10,3,5964,12268,9,2,0.812901,5.5721,SSH-Bruteforce,CIC-IDS-2018-EXFIL
14/02/2018 08:10:55,443,6,688.5553402900745,10,4,2315,15841,5,3,0.768123,3.2843,SSH-Bruteforce,CIC-IDS-2018-EXFIL
14/02/2018 08:10:56,22,6,3180.9645857213577,19,13,16387,23194,3,1,0.339529,4.2629,SSH-Bruteforce,CIC-IDS-2018-EXFIL
14/02/2018 08:10:57,22,6,2181.0396595905468,4,10,5140,21346,4,0,0.285123,3.2725,SSH-Bruteforce,CIC-IDS-2018-EXFIL
14/02/2018 08:10:58,80,6,8427.910193425669,2,27,5369,66514,10,2,0.351113,3.2312,SSH-Bruteforce,CIC-IDS-2018-EXFIL
14/02/2018 08:10:59,21,6,356.2283003573582,7,32,4030,35063,8,4,0.342353,2.5635,SSH-Bruteforce,CIC-IDS-2018-EXFIL
14/02/2018 08:11:00,443,6,1251.0460786137762,12,5,5751,7409,7,0,0.194203,3.8991,SSH-Bruteforce,CIC-IDS-2018-EXFIL
14/02/2018 08:11:01,22,17,13570.864213679615,5,2,64,13313,6,1,0.38701,4.2307,SSH-Bruteforce,CIC-IDS-2018-EXFIL
14/02/2018 08:11:02,445,6,6361.113216266801,2,36,2874,61473,6,2,0.583937,3.0787,SSH-Bruteforce,CIC-IDS-2018-EXFIL
14/02/2018 08:11:03,3389,6,1308.7880791676334,5,2,6484,7376,5,0,0.871473,2.1772,PortScan,CIC-IDS-2018-EXFIL
14/02/2018 08:11:04,53,6,2584.095850913845,7,4,5238,14118,11,5,0.22287,2.8873,SSH-Bruteforce,CIC-IDS-2018-EXFIL
14/02/2018 08:11:05,22,6,2683.221559756459,4,36,5034,80193,6,2,0.735522,1.605,PortScan,CIC-IDS-2018-EXFIL
14/02/2018 08:11:06,53,6,233.9947280112861,22,23,9572,38429,5,1,0.432231,4.2238,SSH-Bruteforce,CIC-IDS-2018-EXFIL
14/02/2018 08:11:07,445,6,2911.1910483732145,27,79,8652,75703,3,2,0.432155,2.9685,SSH-Bruteforce,CIC-IDS-2018-EXFIL
14/02/2018 08:11:08,3389,6,717.9776023497943,9,10,10576,24230,5,1,0.353143,4.3718,SSH-Bruteforce,CIC-IDS-2018-EXFIL
14/02/2018 08:11:09,80,6,11477.246493979745,4,14,6712,24634,6,4,0.42836,4.1585,SSH-Bruteforce,CIC-IDS-2018-EXFIL
14/02/2018 08:11:10,80,6,6075.390040812839,2,55,1521,116660,5,2,0.539063,1.7707,SSH-Bruteforce,CIC-IDS-2018-EXFIL
14/02/2018 08:11:11,3389,6,5273.17556747347,4,4,1492,20331,3,4,0.394443,4.4994,SSH-Bruteforce,CIC-IDS-2018-EXFIL
14/02/2018 08:11:12,80,6,1294.8254201061745,25,36,4735,42657,5,1,0.596891,3.175,SSH-Bruteforce,CIC-IDS-2018-EXFIL
14/02/2018 08:11:13,53,6,6820.035884371437,9,12,11167,29124,10,1,0.4643,3.4254,SSH-Bruteforce,CIC-IDS-2018-EXFIL
14/02/2018 08:11:14,21,6,348.1282561474261,22,7,18802,17516,5,3,0.176286,3.5367,SSH-Bruteforce,CIC-IDS-2018-EXFIL
14/02/2018 08:11:15,8443,6,4968.356325626431,9,10,7337,12380,9,1,0.363401,4.6582,SSH-Bruteforce,CIC-IDS-2018-EXFIL
14/02/2018 08:11:16,53,6,2577.365742184732,6,33,5140,14596,7,1,0.18181,2.6676,SSH-Bruteforce,CIC-IDS-2018-EXFIL
14/02/2018 08:11:17,22,6,1067.0341464348257,11,34,10330,43972,4,2,0.827059,3.1849,SSH-Bruteforce,CIC-IDS-2018-EXFIL
14/02/2018 08:11:18,21,6,14046.644474057393,5,11,4527,30991,1,8,0.05033,0.9814,Benign,CIC-IDS-2018-EXFIL
14/02/2018 08:11:19,443,6,177.53851474208057,15,33,12347,85822,5,3,0.167845,5.1571,SSH-Bruteforce,CIC-IDS-2018-EXFIL
14/02/2018 08:11:20,21,6,3828.7626869263486,19,7,8148,17707,13,0,0.736799,3.543,SSH-Bruteforce,CIC-IDS-2018-EXFIL
14/02/2018 08:11:21,22,17,1441.253183225618,21,22,7424,16447,1,8,0.323866,0.9819,Benign,CIC-IDS-2018-EXFIL
14/02/2018 08:11:22,53,17,110.05754941903697,7,9,6999,31489,11,3,0.265328,2.7632,SSH-Bruteforce,CIC-IDS-2018-EXFIL
14/02/2018 08:11:23,53,6,2168.758651181482,4,16,6789,8605,8,2,0.723362,4.0412,SSH-Bruteforce,CIC-IDS-2018-EXFIL
14/02/2018 08:11:24,443,6,2311.8965463830455,32,35,16411,32988,9,3,0.64241,4.8038,SSH-Bruteforce,CIC-IDS-2018-EXFIL
14/02/2018 08:11:25,22,6,1510.8853156131388,2,17,3702,36237,6,4,0.33687,3.8091,SSH-Bruteforce,CIC-IDS-2018-EXFIL
14/02/2018 08:11:26,22,6,158.97768262918342,2,10,3320,30912,8,2,0.576921,3.1466,SSH-Bruteforce,CIC-IDS-2018-EXFIL
14/02/2018 08:11:27,22,6,721.2392375480441,35,2,15104,13291,0,13,0.458102,0.5,Benign,CIC-IDS-2018-EXFIL
14/02/2018 08:11:28,80,6,6184.434765916295,2,61,2520,48690,4,2,0.359396,3.5259,SSH-Bruteforce,CIC-IDS-2018-EXFIL
14/02/2018 08:11:29,21,6,4002.767567381384,3,13,3251,12527,7,2,0.447665,4.1546,SSH-Bruteforce,CIC-IDS-2018-EXFIL
14/02/2018 08:11:30,21,6,1024.7902258031468,15,16,10376,13309,3,0,0.441663,3.5933,SSH-Bruteforce,CIC-IDS-2018-EXFIL
14/02/2018 08:11:31,53,6,1650.8349250567303,21,3,15681,19225,6,6,0.384284,4.6862,SSH-Bruteforce,CIC-IDS-2018-EXFIL
14/02/2018 08:11:32,8443,6,3193.210108243432,45,14,7736,41486,5,1,0.670648,4.814,SSH-Bruteforce,CIC-IDS-2018-EXFIL
14/02/2018 08:11:33,80,6,1144.8173233819518,5,3,5527,15314,4,1,0.270951,4.0382,SSH-Bruteforce,CIC-IDS-2018-EXFIL
14/02/2018 08:11:34,22,6,4318.470634668013,8,22,9427,20760,0,9,0.111861,2.6888,Benign,CIC-IDS-2018-EXFIL
14/02/2018 08:11:35,443,6,1587.6093585458652,49,25,10981,86270,4,2,0.692616,3.1748,SSH-Bruteforce,CIC-IDS-2018-EXFIL
14/02/2018 08:11:36,3389,6,5005.934366790815,14,99,14233,100248,8,3,0.141313,1.4149,PortScan,CIC-IDS-2018-EXFIL
14/02/2018 08:11:37,53,6,6813.528125572016,8,11,8243,64,3,9,0.391137,3.3359,SSH-Bruteforce,CIC-IDS-2018-EXFIL
14/02/2018 08:11:38,8443,6,237.30887328547874,49,16,38531,41675,7,2,0.651525,4.1182,SSH-Bruteforce,CIC-IDS-2018-EXFIL
14/02/2018 08:11:39,53,6,561.7029860791554,3,15,673,45965,1,8,0.700326,0.5,Benign,CIC-IDS-2018-EXFIL
14/02/2018 08:11:40,8443,6,2272.59388851875,8,13,2774,8583,7,4,0.526705,2.7559,SSH-Bruteforce,CIC-IDS-2018-EXFIL
14/02/2018 08:11:41,53,6,7717.403400166616,20,19,21465,44800,9,0,0.420012,3.4309,SSH-Bruteforce,CIC-IDS-2018-EXFIL
14/02/2018 08:11:42,445,6,2543.9728030281794,12,32,7689,18144,7,2,0.524838,3.0819,PortScan,CIC-IDS-2018-EXFIL
14/02/2018 08:11:43,8443,6,3151.8353362347634,6,7,1499,13920,5,1,0.893119,3.9628,SSH-Bruteforce,CIC-IDS-2018-EXFIL
14/02/2018 08:11:44,80,6,942.8472135864212,7,6,5422,13231,9,1,0.335429,3.9034,SSH-Bruteforce,CIC-IDS-2018-EXFIL
14/02/2018 08:11:45,21,6,5148.139641961799,73,8,27284,26234,4,2,0.545686,2.5345,SSH-Bruteforce,CIC-IDS-2018-EXFIL
14/02/2018 08:11:46,80,6,4478.226964518314,4,18,233,10631,12,4,0.099751,3.2382,SSH-Bruteforce,CIC-IDS-2018-EXFIL
14/02/2018 08:11:47,445,6,4522.731686487497,4,3,6503,13957,0,8,0.243358,0.9163,Benign,CIC-IDS-2018-EXFIL
14/02/2018 08:11:48,21,17,15461.123118824282,5,14,6470,38789,4,2,0.329864,2.8361,SSH-Bruteforce,CIC-IDS-2018-EXFIL
14/02/2018 08:11:49,22,6,5447.77016079594,19,2,6232,8788,8,4,0.492806,3.3557,SSH-Bruteforce,CIC-IDS-2018-EXFIL
14/02/2018 08:11:50,22,6,1869.8796236289545,2,6,2349,7170,9,3,0.7274,4.1287,SSH-Bruteforce,CIC-IDS-2018-EXFIL
14/02/2018 08:11:51,3389,6,7322.544087373502,35,21,20916,42442,8,1,0.414857,3.452,SSH-Bruteforce,CIC-IDS-2018-EXFIL
14/02/2018 08:11:52,3389,6,3081.832865499575,13,23,7321,32711,4,2,0.462558,3.6416,SSH-Bruteforce,CIC-IDS-2018-EXFIL
14/02/2018 08:11:53,53,6,3449.632777881261,32,42,21342,79575,4,1,0.499133,2.4823,SSH-Bruteforce,CIC-IDS-2018-EXFIL
14/02/2018 08:11:54,3389,6,1458.8575585679444,20,9,6249,7026,3,0,0.310873,2.6042,SSH-Bruteforce,CIC-IDS-2018-EXFIL
14/02/2018 08:11:55,445,6,691.0186203327272,39,4,31313,14526,5,3,0.206914,3.0648,SSH-Bruteforce,CIC-IDS-2018-EXFIL
14/02/2018 08:11:56,443,6,6226.774727665343,6,3,4626,14142,9,1,0.269719,4.1717,SSH-Bruteforce,CIC-IDS-2018-EXFIL
14/02/2018 08:11:57,21,6,6867.215103826391,3,52,2437,95522,4,0,0.992454,2.617,SSH-Bruteforce,CIC-IDS-2018-EXFIL
14/02/2018 08:11:58,443,6,2576.453319438122,11,15,9447,20357,5,1,0.565605,3.7823,SSH-Bruteforce,CIC-IDS-2018-EXFIL
14/02/2018 08:11:59,22,6,1881.544369082632,12,33,1987,86482,6,1,0.347748,2.7178,SSH-Bruteforce,CIC-IDS-2018-EXFIL
14/02/2018 08:12:00,3389,17,6079.155496537455,4,23,5783,47890,9,3,0.268157,2.6784,PortScan,CIC-IDS-2018-EXFIL
14/02/2018 08:12:01,445,6,5275.741246803926,18,15,7215,13823,1,4,0.401295,3.1559,Infiltration,CIC-IDS-2018-EXFIL
14/02/2018 08:12:02,80,6,1989.4520551828575,8,21,4398,44844,0,2,0.634916,3.6564,Infiltration,CIC-IDS-2018-EXFIL
14/02/2018 08:12:03,21,6,2108.762723355229,6,18,9659,23944,0,1,0.391444,5.1026,Infiltration,CIC-IDS-2018-EXFIL
14/02/2018 08:12:04,445,6,3452.8931466646372,23,19,4497,60217,0,0,0.289632,5.136,Infiltration,CIC-IDS-2018-EXFIL
14/02/2018 08:12:05,80,6,2313.5622934141907,39,21,11924,34800,0,4,0.574827,6.1206,Infiltration,CIC-IDS-2018-EXFIL
14/02/2018 08:12:06,80,6,481.32779751351205,2,36,5806,37707,8,5,0.510131,1.6157,PortScan,CIC-IDS-2018-EXFIL
14/02/2018 08:12:07,53,6,527.476224436019,29,16,13366,22554,2,9,0.705258,2.1298,Benign,CIC-IDS-2018-EXFIL
14/02/2018 08:12:08,3389,6,2087.445111455162,6,7,5359,15619,1,1,0.268311,5.3573,Infiltration,CIC-IDS-2018-EXFIL
14/02/2018 08:12:09,80,6,1927.335769225116,4,68,3090,100505,0,1,0.336182,4.4295,Infiltration,CIC-IDS-2018-EXFIL
14/02/2018 08:12:10,443,6,504.29358109684483,30,85,29508,51787,1,4,0.299789,5.3475,Infiltration,CIC-IDS-2018-EXFIL
14/02/2018 08:12:11,3389,6,6029.432998258448,5,5,6538,5638,0,2,0.294942,5.5062,Infiltration,CIC-IDS-2018-EXFIL
14/02/2018 08:12:12,445,6,3630.0221076652815,37,18,30522,37348,4,2,0.810129,4.7794,Infiltration,CIC-IDS-2018-EXFIL
14/02/2018 08:12:13,443,6,694.1046086825213,15,8,14475,25414,1,4,0.510973,5.7986,Infiltration,CIC-IDS-2018-EXFIL
14/02/2018 08:12:14,445,6,4583.680701773255,5,6,5894,7241,1,0,0.616644,5.4473,Infiltration,CIC-IDS-2018-EXFIL
14/02/2018 08:12:15,80,6,2634.4680554463284,6,19,8026,18239,4,2,0.462406,1.8164,PortScan,CIC-IDS-2018-EXFIL
14/02/2018 08:12:16,445,6,1847.5593676366866,12,11,7445,17675,3,3,0.455473,4.2938,Infiltration,CIC-IDS-2018-EXFIL
14/02/2018 08:12:17,8443,6,7222.52073721291,33,123,11168,273830,0,0,0.563685,5.9063,Infiltration,CIC-IDS-2018-EXFIL
14/02/2018 08:12:18,443,17,18750.521239396654,4,6,5827,7589,1,1,0.582314,4.9172,Infiltration,CIC-IDS-2018-EXFIL
14/02/2018 08:12:19,445,17,4360.772612201144,7,23,7189,31983,0,1,0.57785,3.1883,Infiltration,CIC-IDS-2018-EXFIL
14/02/2018 08:12:20,445,6,10595.1049806787,30,23,15309,29971,1,3,0.440329,6.3869,Infiltration,CIC-IDS-2018-EXFIL
14/02/2018 08:12:21,445,6,468.4560660844494,28,18,11738,21006,1,0,0.254947,5.5147,Infiltration,CIC-IDS-2018-EXFIL
14/02/2018 08:12:22,53,17,1902.1412986682615,19,17,16811,20866,1,1,0.13304,3.5522,Infiltration,CIC-IDS-2018-EXFIL
14/02/2018 08:12:23,445,6,1944.1238340655848,12,77,13960,105701,3,1,0.416597,5.5563,Infiltration,CIC-IDS-2018-EXFIL
14/02/2018 08:12:24,8443,6,1838.7264757260762,11,8,2057,13918,1,1,0.571667,5.1688,Infiltration,CIC-IDS-2018-EXFIL
14/02/2018 08:12:25,21,6,342.551609392911,16,18,14256,32562,2,3,0.335953,5.1358,Infiltration,CIC-IDS-2018-EXFIL
14/02/2018 08:12:26,3389,6,10542.531986367705,2,35,2102,33810,0,0,0.262476,3.5617,Infiltration,CIC-IDS-2018-EXFIL
14/02/2018 08:12:27,3389,6,4590.062615965765,3,11,5630,15311,2,2,0.482807,3.6115,Infiltration,CIC-IDS-2018-EXFIL
14/02/2018 08:12:28,21,6,2004.343085040658,2,31,3321,37761,0,3,0.38032,5.9833,Infiltration,CIC-IDS-2018-EXFIL
14/02/2018 08:12:29,445,6,1242.452313353681,4,18,4671,64,3,1,0.714627,4.1385,Infiltration,CIC-IDS-2018-EXFIL
14/02/2018 08:12:30,21,6,546.1452967319321,2,31,3652,64,1,0,0.44542,3.2022,Infiltration,CIC-IDS-2018-EXFIL
14/02/2018 08:12:31,445,6,472.9180782107277,3,32,3498,47679,0,2,0.234578,4.5666,Infiltration,CIC-IDS-2018-EXFIL
14/02/2018 08:12:32,80,6,12532.851451882789,2,87,1082,173884,1,11,0.772712,0.7493,Benign,CIC-IDS-2018-EXFIL
14/02/2018 08:12:33,80,17,10109.777990686494,10,40,6707,26471,8,0,0.247573,2.7703,PortScan,CIC-IDS-2018-EXFIL
14/02/2018 08:12:34,445,6,3569.2589386411873,11,15,10976,21984,1,3,0.242221,6.3061,Infiltration,CIC-IDS-2018-EXFIL
14/02/2018 08:12:35,21,6,3232.651578258802,28,11,16409,21954,3,2,0.45203,3.7777,Infiltration,CIC-IDS-2018-EXFIL
14/02/2018 08:12:36,8443,6,2336.126063213554,37,63,15052,177487,2,4,0.220823,4.3521,Infiltration,CIC-IDS-2018-EXFIL
14/02/2018 08:12:37,21,6,1046.5572451636704,16,5,6580,13651,3,1,0.326826,3.813,Infiltration,CIC-IDS-2018-EXFIL
14/02/2018 08:12:38,443,6,1509.8204952236338,2,33,2692,18910,1,2,0.312484,3.4208,Infiltration,CIC-IDS-2018-EXFIL
14/02/2018 08:12:39,80,6,8545.50089787864,49,44,27155,20328,0,1,0.033974,4.3571,Infiltration,CIC-IDS-2018-EXFIL
14/02/2018 08:12:40,53,6,2077.956464426201,6,29,6863,64,1,9,0.670555,0.5,Benign,CIC-IDS-2018-EXFIL
14/02/2018 08:12:41,443,6,559.0720046194303,19,4,10401,7960,1,0,0.148964,5.232,Infiltration,CIC-IDS-2018-EXFIL
14/02/2018 08:12:42,21,6,4214.539485539487,21,40,9901,36920,1,2,0.836717,3.3662,Infiltration,CIC-IDS-2018-EXFIL
14/02/2018 08:12:43,22,17,1862.3733114475554,3,5,4443,7696,0,1,0.162743,4.7921,Infiltration,CIC-IDS-2018-EXFIL
14/02/2018 08:12:44,21,6,288.88397738600946,4,58,5833,17419,0,0,0.447645,4.4568,Infiltration,CIC-IDS-2018-EXFIL
14/02/2018 08:12:45,53,17,3759.0547261199163,26,8,23631,14948,4,1,0.399342,5.1148,Infiltration,CIC-IDS-2018-EXFIL
14/02/2018 08:12:46,443,6,1534.8456210580887,9,32,5435,67500,2,2,0.432253,4.0212,Infiltration,CIC-IDS-2018-EXFIL
14/02/2018 08:12:47,3389,6,1082.3978727461404,4,41,3960,60019,1,0,0.771037,5.0678,Infiltration,CIC-IDS-2018-EXFIL
14/02/2018 08:12:48,80,17,3659.71597280211,8,15,8613,23249,0,0,0.339114,6.4128,Infiltration,CIC-IDS-2018-EXFIL
14/02/2018 08:12:49,8443,6,3504.979726706465,8,5,1295,5919,6,2,0.563629,3.1048,PortScan,CIC-IDS-2018-EXFIL
14/02/2018 08:12:50,3389,6,10694.820664233794,11,16,7173,10995,1,3,0.497157,4.5556,Infiltration,CIC-IDS-2018-EXFIL
14/02/2018 08:12:51,53,17,6180.402255336796,11,6,9457,8328,1,4,0.686353,5.1029,Infiltration,CIC-IDS-2018-EXFIL
14/02/2018 08:12:52,53,17,1233.8107008425618,25,18,11131,20009,2,3,0.35066,4.8346,Infiltration,CIC-IDS-2018-EXFIL
14/02/2018 08:12:53,80,6,501.49938747811154,4,3,4620,16637,3,4,0.609607,4.9774,Infiltration,CIC-IDS-2018-EXFIL
14/02/2018 08:12:54,8443,6,3537.007875816733,4,13,3858,57415,1,2,0.43447,4.1504,Infiltration,CIC-IDS-2018-EXFIL
14/02/2018 08:12:55,8443,6,3613.7281812999267,18,21,11945,47828,1,2,0.882492,5.0679,Infiltration,CIC-IDS-2018-EXFIL
14/02/2018 08:12:56,3389,17,6004.113876711277,16,13,16341,16460,1,2,0.55776,4.0625,Infiltration,CIC-IDS-2018-EXFIL
14/02/2018 08:12:57,443,6,7603.625481752048,16,7,8860,6485,5,0,0.42771,1.9156,PortScan,CIC-IDS-2018-EXFIL
14/02/2018 08:12:58,22,6,7379.510705264244,3,8,4524,23607,1,2,0.775409,5.8535,Infiltration,CIC-IDS-2018-EXFIL
14/02/2018 08:12:59,8443,6,4351.5502087932555,7,2,6292,7177,2,2,0.439153,5.619,Infiltration,CIC-IDS-2018-EXFIL
14/02/2018 08:13:00,443,6,762.6086731354972,18,3,8295,7885,1,3,0.323776,5.5483,Infiltration,CIC-IDS-2018-EXFIL
14/02/2018 08:13:01,22,6,3822.2941985570064,18,6,10827,16370,3,3,0.315114,4.8004,Infiltration,CIC-IDS-2018-EXFIL
14/02/2018 08:13:02,80,6,6038.493248005366,2,35,3834,66649,2,1,0.571551,4.541,Infiltration,CIC-IDS-2018-EXFIL
14/02/2018 08:13:03,21,17,1590.5360876947207,9,24,5444,41123,1,4,0.530181,4.9428,Infiltration,CIC-IDS-2018-EXFIL
14/02/2018 08:13:04,3389,6,942.2144723223349,8,19,5671,15000,0,2,0.392919,4.7207,Infiltration,CIC-IDS-2018-EXFIL
14/02/2018 08:13:05,53,6,4107.428753691878,27,11,26156,11250,1,3,0.288968,4.8131,Infiltration,CIC-IDS-2018-EXFIL
14/02/2018 08:13:06,22,6,2570.349544864776,6,27,8822,17988,1,1,0.316847,4.3397,Infiltration,CIC-IDS-2018-EXFIL
14/02/2018 08:13:07,22,6,2910.5069266366504,24,38,11532,92414,0,3,0.517755,3.3443,Infiltration,CIC-IDS-2018-EXFIL
14/02/2018 08:13:08,21,6,138.45869466241007,2,10,3743,17940,3,1,0.308856,5.2905,Infiltration,CIC-IDS-2018-EXFIL
14/02/2018 08:13:09,3389,6,166.6261523203321,27,17,7230,12985,0,0,0.822958,6.0228,Infiltration,CIC-IDS-2018-EXFIL
14/02/2018 08:13:10,80,6,6508.7356137852485,8,5,3061,16045,0,1,0.341163,5.7057,Infiltration,CIC-IDS-2018-EXFIL
14/02/2018 08:13:11,443,6,6780.3767474745055,15,67,6146,172443,3,2,0.413333,4.0008,Infiltration,CIC-IDS-2018-EXFIL
14/02/2018 08:13:12,80,17,1965.898330518231,11,21,9306,55499,2,0,0.193004,2.7621,Infiltration,CIC-IDS-2018-EXFIL
14/02/2018 08:13:13,80,6,1103.258159418351,10,85,4681,218337,5,0,0.57058,3.7053,PortScan,CIC-IDS-2018-EXFIL
14/02/2018 08:13:14,22,17,322.9093322546615,2,34,2641,39853,2,1,0.266594,3.8461,Infiltration,CIC-IDS-2018-EXFIL
14/02/2018 08:13:15,53,6,7828.930139323034,5,7,3894,11225,1,2,0.38605,4.5954,Infiltration,CIC-IDS-2018-EXFIL
14/02/2018 08:13:16,443,6,508.38661920746404,20,5,64,5544,2,3,0.861065,1.674,Benign,CIC-IDS-2018-EXFIL
14/02/2018 08:13:17,445,6,651.8611205929834,6,8,3677,29803,1,6,0.435282,4.7596,Infiltration,CIC-IDS-2018-EXFIL
14/02/2018 08:13:18,443,6,4444.571446682112,7,6,2182,11266,1,1,0.345343,4.9533,Infiltration,CIC-IDS-2018-EXFIL
14/02/2018 08:13:19,8443,6,4790.119021332544,8,26,4258,25087,2,1,0.365828,3.4853,Infiltration,CIC-IDS-2018-EXFIL
14/02/2018 08:13:20,443,6,2411.3518861456746,3,8,914,32152,1,0,0.160545,4.6146,Bot,CIC-IDS-2018-EXFIL
14/02/2018 08:13:21,445,6,308.0599310110286,27,6,11736,9873,2,1,0.15932,5.5459,Bot,CIC-IDS-2018-EXFIL
14/02/2018 08:13:22,21,6,2495.3512242716233,12,9,3767,11865,4,0,0.085072,4.695,Bot,CIC-IDS-2018-EXFIL
14/02/2018 08:13:23,8443,6,2365.165083115805,11,6,5244,16947,1,2,0.1029,4.8478,Bot,CIC-IDS-2018-EXFIL
14/02/2018 08:13:24,21,6,2139.142587256041,30,18,36593,15020,0,1,0.161895,4.3918,Bot,CIC-IDS-2018-EXFIL
14/02/2018 08:13:25,22,6,1338.4815242574466,4,15,1591,30175,0,0,0.23884,6.2291,Bot,CIC-IDS-2018-EXFIL
14/02/2018 08:13:26,8443,6,5915.594130205632,19,2,16313,13418,3,4,0.120304,6.554,Bot,CIC-IDS-2018-EXFIL
14/02/2018 08:13:27,80,6,1576.1839690106744,3,13,5278,33210,0,1,0.36338,6.4151,Bot,CIC-IDS-2018-EXFIL
14/02/2018 08:13:28,80,6,1519.5539823828449,52,6,38460,20917,1,1,0.061248,5.0883,Bot,CIC-IDS-2018-EXFIL
14/02/2018 08:13:29,53,6,548.7839369630436,10,40,1049,96694,1,2,0.113641,4.8466,Bot,CIC-IDS-2018-EXFIL
14/02/2018 08:13:30,8443,6,6342.682162349733,9,32,10257,27890,1,3,0.029623,6.9686,Bot,CIC-IDS-2018-EXFIL
14/02/2018 08:13:31,53,17,4781.470253931143,14,4,8244,16496,2,3,0.06496,4.9029,Bot,CIC-IDS-2018-EXFIL
14/02/2018 08:13:32,80,6,1028.2860209791343,6,100,6707,183154,0,2,0.098224,4.8053,Bot,CIC-IDS-2018-EXFIL
14/02/2018 08:13:33,3389,6,2742.0392857969237,11,17,64,31275,3,5,0.134544,6.1893,Bot,CIC-IDS-2018-EXFIL
14/02/2018 08:13:34,3389,6,8319.479243758922,18,5,9685,19224,0,1,0.120844,5.0594,Bot,CIC-IDS-2018-EXFIL
14/02/2018 08:13:35,22,6,6026.08347105445,13,13,10494,18906,1,3,0.119874,7.2883,Bot,CIC-IDS-2018-EXFIL
14/02/2018 08:13:36,443,6,5654.502101642897,8,36,2928,38590,6,1,0.541663,3.0854,PortScan,CIC-IDS-2018-EXFIL
14/02/2018 08:13:37,8443,6,7341.880893099389,9,4,7647,16434,1,3,0.011015,6.7696,Bot,CIC-IDS-2018-EXFIL
14/02/2018 08:13:38,80,6,4168.67325423012,2,30,3168,41075,2,8,0.343873,1.0996,Benign,CIC-IDS-2018-EXFIL
14/02/2018 08:13:39,8443,6,2496.6775262919473,42,10,18079,11987,2,2,0.051263,6.3549,Bot,CIC-IDS-2018-EXFIL
14/02/2018 08:13:40,445,6,17890.764751589366,31,2,17338,18874,2,3,0.033316,3.9552,Bot,CIC-IDS-2018-EXFIL
14/02/2018 08:13:41,8443,17,1035.069434200907,16,3,7378,6568,1,1,0.173195,6.4867,Bot,CIC-IDS-2018-EXFIL
14/02/2018 08:13:42,8443,6,1530.3252826408275,7,31,6611,43861,0,4,0.27967,5.9758,Bot,CIC-IDS-2018-EXFIL
14/02/2018 08:13:43,3389,6,1688.0214419720435,5,10,6343,7394,1,3,0.000429,6.4117,Bot,CIC-IDS-2018-EXFIL
14/02/2018 08:13:44,445,6,537.5548018574839,6,7,3555,21276,0,1,0.104198,6.5031,Bot,CIC-IDS-2018-EXFIL
14/02/2018 08:13:45,3389,17,3907.8129027668087,3,10,1338,35640,1,6,0.460977,7.0015,Bot,CIC-IDS-2018-EXFIL
14/02/2018 08:13:46,443,6,1006.6384338075544,7,36,3429,7810,1,0,0.026266,5.6614,Bot,CIC-IDS-2018-EXFIL
14/02/2018 08:13:47,53,6,9605.151738794408,4,2,3971,1722,1,1,0.163847,5.3631,Bot,CIC-IDS-2018-EXFIL
14/02/2018 08:13:48,21,6,1092.156716574833,4,6,3458,19748,0,2,0.134492,4.7591,Bot,CIC-IDS-2018-EXFIL
14/02/2018 08:13:49,53,6,2527.607403390934,32,35,21859,36614,1,2,0.025603,5.8289,Bot,CIC-IDS-2018-EXFIL
14/02/2018 08:13:50,22,6,1745.5567671208573,11,8,1884,17604,2,1,0.109347,6.7562,Bot,CIC-IDS-2018-EXFIL
14/02/2018 08:13:51,22,6,3087.9850987793575,5,32,3838,26558,2,2,0.219272,5.4917,Bot,CIC-IDS-2018-EXFIL
14/02/2018 08:13:52,443,6,3979.229060596093,9,10,7473,22776,0,1,0.164962,6.6228,Bot,CIC-IDS-2018-EXFIL
14/02/2018 08:13:53,8443,6,5955.944804448273,36,51,27628,666,2,2,0.117949,6.0247,Bot,CIC-IDS-2018-EXFIL
14/02/2018 08:13:54,53,17,2050.8335780220414,8,3,138,12978,2,2,0.079142,4.9442,Bot,CIC-IDS-2018-EXFIL
14/02/2018 08:13:55,53,6,1315.8904722873365,3,40,6336,26570,0,1,0.056827,5.3588,Bot,CIC-IDS-2018-EXFIL
14/02/2018 08:13:56,53,6,3733.281794048611,4,18,3932,37415,1,5,0.191241,6.1916,Bot,CIC-IDS-2018-EXFIL
14/02/2018 08:13:57,8443,6,7477.541051336992,36,23,19418,52837,0,9,0.667618,2.2857,Benign,CIC-IDS-2018-EXFIL
14/02/2018 08:13:58,21,6,6125.934523371827,26,25,8780,27938,0,4,0.264775,5.4707,Bot,CIC-IDS-2018-EXFIL
14/02/2018 08:13:59,21,6,4971.210251986332,5,72,6911,89572,0,1,0.084132,7.6258,Bot,CIC-IDS-2018-EXFIL
14/02/2018 08:14:00,3389,6,4098.084631911014,9,5,7968,1038,2,2,0.100055,6.0222,Bot,CIC-IDS-2018-EXFIL
14/02/2018 08:14:01,80,6,1072.6172864128168,2,53,4753,81185,1,6,0.031111,7.3682,Bot,CIC-IDS-2018-EXFIL
14/02/2018 08:14:02,445,6,5182.6748732796905,6,19,5371,11423,1,5,0.725791,1.3849,Benign,CIC-IDS-2018-EXFIL
14/02/2018 08:14:03,21,6,1315.976880205686,8,3,6834,20289,2,0,0.101115,5.5622,Bot,CIC-IDS-2018-EXFIL
14/02/2018 08:14:04,8443,6,2825.501811556537,22,34,64,52148,2,1,0.312972,4.9257,Bot,CIC-IDS-2018-EXFIL
14/02/2018 08:14:05,3389,6,1989.8723800758714,4,4,5370,1895,1,4,0.085603,6.2385,Bot,CIC-IDS-2018-EXFIL
14/02/2018 08:14:06,22,17,4556.260737836194,4,31,8605,64,1,2,0.159423,6.0959,Bot,CIC-IDS-2018-EXFIL
14/02/2018 08:14:07,3389,6,1028.7779574020956,2,19,6482,27833,0,1,0.130239,5.2639,Bot,CIC-IDS-2018-EXFIL
14/02/2018 08:14:08,21,6,10064.629979588677,6,5,1441,10838,2,1,0.01814,5.2624,Bot,CIC-IDS-2018-EXFIL
14/02/2018 08:14:09,3389,6,3319.064707406787,5,68,1874,66162,2,1,0.275298,7.4589,Bot,CIC-IDS-2018-EXFIL
14/02/2018 08:14:10,21,6,332.5498597810462,11,2,11491,16627,1,1,0.034427,4.5172,Bot,CIC-IDS-2018-EXFIL
14/02/2018 08:14:11,22,17,22206.942160776947,2,4,5933,17106,0,6,0.319124,1.2785,Benign,CIC-IDS-2018-EXFIL
14/02/2018 08:14:12,3389,17,422.7707091749215,5,7,6854,12582,0,1,0.021813,5.8811,Bot,CIC-IDS-2018-EXFIL
14/02/2018 08:14:13,8443,17,6249.220966323637,4,24,2632,34681,1,1,0.225137,5.8955,Bot,CIC-IDS-2018-EXFIL
14/02/2018 08:14:14,53,6,5514.353069733766,5,18,3118,40775,2,1,0.079351,5.4162,Bot,CIC-IDS-2018-EXFIL
14/02/2018 08:14:15,8443,6,460.10750103237524,8,17,7259,1566,0,3,0.026126,7.1169,Bot,CIC-IDS-2018-EXFIL
14/02/2018 08:14:16,22,6,1272.3509777668953,31,2,17920,12677,1,1,0.064372,5.75,Bot,CIC-IDS-2018-EXFIL
14/02/2018 08:14:17,445,6,801.0843683173301,19,52,7278,33696,2,0,0.295599,7.95,Bot,CIC-IDS-2018-EXFIL
14/02/2018 08:14:18,22,6,1840.8548173060021,15,10,64,15782,3,3,0.269068,4.766,Bot,CIC-IDS-2018-EXFIL
14/02/2018 08:14:19,445,6,3985.206238194904,42,17,28935,34091,2,2,0.389586,5.1033,Bot,CIC-IDS-2018-EXFIL
14/02/2018 08:14:20,445,6,4401.265176372547,16,23,14392,33480,0,3,0.237693,4.3846,Bot,CIC-IDS-2018-EXFIL
14/02/2018 08:14:21,22,6,1493.5955148903918,11,10,4984,23525,1,3,0.18088,5.2884,Bot,CIC-IDS-2018-EXFIL
14/02/2018 08:14:22,445,6,18793.00033010087,9,43,1103,92620,1,0,0.001332,5.559,Bot,CIC-IDS-2018-EXFIL
14/02/2018 08:14:23,22,6,2503.8309310171203,6,65,4546,25158,0,2,0.236932,4.7759,Bot,CIC-IDS-2018-EXFIL
14/02/2018 08:14:24,445,6,3062.2119380736963,10,107,6712,139464,1,2,0.265436,4.723,Bot,CIC-IDS-2018-EXFIL
14/02/2018 08:14:25,3389,6,10735.103444772018,5,5,5521,16318,1,2,0.010201,7.3656,Bot,CIC-IDS-2018-EXFIL
14/02/2018 08:14:26,445,6,1260.1270918756964,27,33,23740,82066,0,6,0.062973,6.7237,Bot,CIC-IDS-2018-EXFIL
14/02/2018 08:14:27,22,6,7312.686712432606,2,11,2629,28191,1,4,0.188438,6.0693,Bot,CIC-IDS-2018-EXFIL
14/02/2018 08:14:28,8443,6,561.7430506718385,9,95,7274,34111,0,0,0.063545,6.4808,Bot,CIC-IDS-2018-EXFIL
14/02/2018 08:14:29,22,6,3915.2671633976506,7,2,4503,5261,2,1,0.173967,6.2867,Bot,CIC-IDS-2018-EXFIL
14/02/2018 08:14:30,3389,6,2304.5677888865926,2,3,3282,16323,7,1,0.482047,2.1973,PortScan,CIC-IDS-2018-EXFIL
14/02/2018 08:14:31,53,6,5179.3526261988445,14,13,64,7390,4,8,0.476954,1.6556,Benign,CIC-IDS-2018-EXFIL
14/02/2018 08:14:32,8443,6,408.41961207995547,11,2,4884,7335,1,0,0.498699,7.5308,Bot,CIC-IDS-2018-EXFIL
14/02/2018 08:14:33,445,6,1351.9203273183696,5,48,621,54177,0,3,0.22349,4.5312,Bot,CIC-IDS-2018-EXFIL
14/02/2018 08:14:34,53,6,1883.7237088173847,8,28,5011,30669,0,1,0.116023,5.8941,Bot,CIC-IDS-2018-EXFIL
14/02/2018 08:14:35,445,6,480.7512303606877,8,2,8324,4950,0,2,0.050418,4.5534,Bot,CIC-IDS-2018-EXFIL
14/02/2018 08:14:36,443,6,2703.1644415507526,9,12,6292,29819,3,6,0.055012,6.8901,Bot,CIC-IDS-2018-EXFIL
14/02/2018 08:14:37,8443,17,6493.351367626204,7,9,2592,17220,1,5,0.092511,6.2285,Bot,CIC-IDS-2018-EXFIL
14/02/2018 08:14:38,53,6,9784.628626415199,6,13,1984,32323,2,1,0.116231,6.6348,Bot,CIC-IDS-2018-EXFIL
14/02/2018 08:14:39,80,6,2625.1660610671365,18,40,11726,80949,0,1,0.012314,6.3088,Bot,CIC-IDS-2018-EXFIL
14/02/2018 08:14:40,8443,6,4350.178990700017,3,25,1960,12496,0,2,0.231828,5.3379,Data-Exfiltration-DNS,CIC-IDS-2018-EXFIL
14/02/2018 08:14:41,8443,6,2868.538879066573,21,50,64,91705,0,2,0.399334,7.2524,Data-Exfiltration-DNS,CIC-IDS-2018-EXFIL
14/02/2018 08:14:42,445,6,12493.588487907507,7,5,7303,10866,0,4,0.07563,7.7803,Data-Exfiltration-DNS,CIC-IDS-2018-EXFIL
14/02/2018 08:14:43,80,6,5151.970676824361,13,15,8159,18208,1,1,0.011274,7.1186,Data-Exfiltration-DNS,CIC-IDS-2018-EXFIL
14/02/2018 08:14:44,445,6,10303.872115758077,11,3,7657,8790,1,3,0.29132,6.3713,Data-Exfiltration-DNS,CIC-IDS-2018-EXFIL
14/02/2018 08:14:45,53,6,303.2289347502026,15,9,14611,15475,4,4,0.062409,7.3128,Data-Exfiltration-DNS,CIC-IDS-2018-EXFIL
14/02/2018 08:14:46,22,6,665.5218754309702,6,3,2830,7883,1,1,0.273836,7.8249,Data-Exfiltration-DNS,CIC-IDS-2018-EXFIL
14/02/2018 08:14:47,80,6,3141.9817426735,29,11,12190,25953,0,1,0.158284,7.537,Data-Exfiltration-DNS,CIC-IDS-2018-EXFIL
14/02/2018 08:14:48,443,6,2187.2190889345015,22,25,18742,44306,3,1,0.237943,7.95,Data-Exfiltration-DNS,CIC-IDS-2018-EXFIL
14/02/2018 08:14:49,3389,6,7462.7224254010525,5,10,9060,13846,0,2,0.055936,6.444,Data-Exfiltration-DNS,CIC-IDS-2018-EXFIL
14/02/2018 08:14:50,443,17,4503.916971728691,37,34,33560,87513,0,1,0.607338,7.385,Data-Exfiltration-DNS,CIC-IDS-2018-EXFIL
14/02/2018 08:14:51,445,6,1354.5213018838542,9,33,4818,18753,0,1,0.674267,6.4123,Data-Exfiltration-DNS,CIC-IDS-2018-EXFIL
14/02/2018 08:14:52,80,6,2116.0430412646115,58,16,32332,25238,0,0,0.468657,7.6214,Data-Exfiltration-DNS,CIC-IDS-2018-EXFIL
14/02/2018 08:14:53,443,6,3233.1805718673736,2,2,1565,7579,9,3,0.566727,1.9242,PortScan,CIC-IDS-2018-EXFIL
14/02/2018 08:14:54,445,6,748.4592802725058,2,16,4570,19167,1,1,0.01281,5.7951,Data-Exfiltration-DNS,CIC-IDS-2018-EXFIL
14/02/2018 08:14:55,21,6,3730.767796119495,19,43,3638,86801,0,3,0.26778,6.4308,Data-Exfiltration-DNS,CIC-IDS-2018-EXFIL
14/02/2018 08:14:56,53,6,3921.0955800205907,5,8,5280,23870,0,0,0.006467,7.126,Data-Exfiltration-DNS,CIC-IDS-2018-EXFIL
14/02/2018 08:14:57,80,6,4823.848011304655,19,73,4015,143055,0,0,0.092543,6.6309,Data-Exfiltration-DNS,CIC-IDS-2018-EXFIL
14/02/2018 08:14:58,3389,6,3307.0300974363145,16,11,12941,21838,1,1,0.200585,7.2575,Data-Exfiltration-DNS,CIC-IDS-2018-EXFIL
14/02/2018 08:14:59,22,6,1799.76917133548,12,35,6651,52024,0,0,0.074185,7.6619,Data-Exfiltration-DNS,CIC-IDS-2018-EXFIL
14/02/2018 08:15:00,53,6,4882.898559939069,2,6,5438,8990,0,4,0.164846,5.9353,Data-Exfiltration-DNS,CIC-IDS-2018-EXFIL
14/02/2018 08:15:01,21,6,5254.999564622498,7,56,7275,67776,1,1,0.278174,7.2537,Data-Exfiltration-DNS,CIC-IDS-2018-EXFIL
14/02/2018 08:15:02,443,6,5765.468480786362,10,52,4262,47137,0,2,0.247581,7.95,Data-Exfiltration-DNS,CIC-IDS-2018-EXFIL
14/02/2018 08:15:03,445,17,869.6537036108049,17,82,8960,108521,2,1,0.288905,6.7486,Data-Exfiltration-DNS,CIC-IDS-2018-EXFIL
14/02/2018 08:15:04,53,6,1447.143826888518,2,11,5756,32852,1,1,0.174345,6.6302,Data-Exfiltration-DNS,CIC-IDS-2018-EXFIL
14/02/2018 08:15:05,22,6,217.42328649630974,2,77,2225,102479,3,2,0.248168,7.0397,Data-Exfiltration-DNS,CIC-IDS-2018-EXFIL
14/02/2018 08:15:06,21,6,450.99908953063755,21,4,12790,4467,2,2,0.169834,6.0289,Data-Exfiltration-DNS,CIC-IDS-2018-EXFIL
14/02/2018 08:15:07,8443,17,2942.503036454294,18,7,19653,21633,2,2,0.0373,6.6548,Data-Exfiltration-DNS,CIC-IDS-2018-EXFIL
14/02/2018 08:15:08,22,6,1871.344410150387,6,8,7988,18702,0,0,0.264551,6.5928,Data-Exfiltration-DNS,CIC-IDS-2018-EXFIL
14/02/2018 08:15:09,21,6,3030.265445542172,10,66,2412,64,2,2,0.190656,6.0105,Data-Exfiltration-DNS,CIC-IDS-2018-EXFIL
14/02/2018 08:15:10,53,6,1704.5996562336413,5,6,4813,14961,1,3,0.107543,6.4433,Data-Exfiltration-DNS,CIC-IDS-2018-EXFIL
14/02/2018 08:15:11,21,6,1303.6944809876738,22,4,6774,9056,2,3,0.084996,2.4297,PortScan,CIC-IDS-2018-EXFIL
14/02/2018 08:15:12,22,6,345.6416885990234,10,3,4512,7792,0,0,0.161579,7.95,Data-Exfiltration-DNS,CIC-IDS-2018-EXFIL
14/02/2018 08:15:13,443,6,1525.5495224257868,12,6,7921,25293,3,1,0.398018,1.8741,PortScan,CIC-IDS-2018-EXFIL
14/02/2018 08:15:14,21,6,2413.0755536769284,7,10,4870,9323,0,0,0.206391,6.6325,Data-Exfiltration-DNS,CIC-IDS-2018-EXFIL
14/02/2018 08:15:15,445,6,6985.574284956067,7,31,2070,40947,1,3,0.072448,7.1887,Data-Exfiltration-DNS,CIC-IDS-2018-EXFIL
14/02/2018 08:15:16,22,6,4995.547807640265,7,25,10814,63059,0,5,0.01502,7.95,Data-Exfiltration-DNS,CIC-IDS-2018-EXFIL
14/02/2018 08:15:17,80,6,7437.0930694605895,7,3,9630,3657,0,3,0.179929,6.8664,Data-Exfiltration-DNS,CIC-IDS-2018-EXFIL
14/02/2018 08:15:18,443,6,2459.9693691658363,13,84,14636,124070,0,0,0.270143,7.378,Data-Exfiltration-DNS,CIC-IDS-2018-EXFIL
14/02/2018 08:15:19,445,6,3294.2458723076033,10,11,6704,27347,0,4,0.29194,6.8768,Data-Exfiltration-DNS,CIC-IDS-2018-EXFIL
14/02/2018 08:15:20,3389,6,2025.7296395120156,2,28,3517,35384,1,1,0.35843,7.7173,Data-Exfiltration-DNS,CIC-IDS-2018-EXFIL
14/02/2018 08:15:21,443,6,1017.5861415808378,6,21,5665,64,0,1,0.445121,7.4377,Data-Exfiltration-DNS,CIC-IDS-2018-EXFIL
14/02/2018 08:15:22,445,17,2581.229050739499,3,7,5685,16651,2,3,0.180836,7.3036,Data-Exfiltration-DNS,CIC-IDS-2018-EXFIL
14/02/2018 08:15:23,22,6,874.1061273927432,11,10,2699,26172,0,1,0.351916,5.854,Data-Exfiltration-DNS,CIC-IDS-2018-EXFIL
14/02/2018 08:15:24,80,17,564.9221350077427,2,33,1501,53207,0,1,0.040646,6.9664,Data-Exfiltration-DNS,CIC-IDS-2018-EXFIL
14/02/2018 08:15:25,80,6,8279.993929151256,11,16,7637,19085,0,1,0.363551,5.4852,Data-Exfiltration-DNS,CIC-IDS-2018-EXFIL
14/02/2018 08:15:26,22,6,5332.648989433755,3,35,1893,42314,3,1,0.449876,2.1972,PortScan,CIC-IDS-2018-EXFIL
14/02/2018 08:15:27,21,6,899.9947639698211,4,12,2897,15674,1,1,0.016092,6.2481,Data-Exfiltration-DNS,CIC-IDS-2018-EXFIL
14/02/2018 08:15:28,53,6,23877.608876924336,4,34,2583,19710,1,2,0.389713,6.4043,Data-Exfiltration-DNS,CIC-IDS-2018-EXFIL
14/02/2018 08:15:29,8443,6,2383.2030713713066,13,5,10840,12122,1,2,0.306508,6.3751,Data-Exfiltration-DNS,CIC-IDS-2018-EXFIL
14/02/2018 08:15:30,8443,6,713.2158482334958,2,86,5805,53077,0,5,0.026484,5.481,Data-Exfiltration-DNS,CIC-IDS-2018-EXFIL
14/02/2018 08:15:31,445,6,6026.640806865967,7,5,2509,14969,1,2,0.155332,6.4024,Data-Exfiltration-DNS,CIC-IDS-2018-EXFIL
14/02/2018 08:15:32,53,6,479.0947242162481,5,2,5060,12565,1,3,0.03948,7.8165,Data-Exfiltration-DNS,CIC-IDS-2018-EXFIL
14/02/2018 08:15:33,8443,6,2584.085747968028,44,5,27477,14499,1,2,0.085901,6.0224,Data-Exfiltration-DNS,CIC-IDS-2018-EXFIL
14/02/2018 08:15:34,53,6,7861.319324880851,14,36,7889,29962,2,3,0.18325,5.8001,Data-Exfiltration-DNS,CIC-IDS-2018-EXFIL
14/02/2018 08:15:35,3389,6,800.8655056808608,2,4,4058,9277,1,0,0.261749,6.1774,Data-Exfiltration-DNS,CIC-IDS-2018-EXFIL
14/02/2018 08:15:36,443,6,322.4814549753464,22,39,14922,42075,1,2,0.138749,6.7644,Data-Exfiltration-DNS,CIC-IDS-2018-EXFIL
14/02/2018 08:15:37,8443,6,8119.754902313917,16,63,5775,7112,1,6,0.285597,6.7911,Data-Exfiltration-DNS,CIC-IDS-2018-EXFIL
14/02/2018 08:15:38,22,6,2753.7952511938533,10,10,10178,8014,0,2,0.066971,7.7577,Data-Exfiltration-DNS,CIC-IDS-2018-EXFIL
14/02/2018 08:15:39,3389,6,5355.243490687954,7,3,7250,11976,0,1,0.002599,6.5818,Data-Exfiltration-DNS,CIC-IDS-2018-EXFIL
14/02/2018 08:15:40,21,6,2651.2277831600054,12,9,4329,10027,1,3,0.000945,5.9796,Data-Exfiltration-DNS,CIC-IDS-2018-EXFIL
14/02/2018 08:15:41,445,6,4272.4350727866395,5,72,7223,165023,1,4,0.171116,7.95,Data-Exfiltration-DNS,CIC-IDS-2018-EXFIL
14/02/2018 08:15:42,53,6,14253.150414458045,23,60,13580,144696,2,2,0.354787,6.084,Data-Exfiltration-DNS,CIC-IDS-2018-EXFIL
14/02/2018 08:15:43,53,6,338.82105636651465,6,4,3866,11401,3,0,0.270171,6.5064,Data-Exfiltration-DNS,CIC-IDS-2018-EXFIL
14/02/2018 08:15:44,80,6,412.8101711905155,4,12,3503,24671,0,3,0.028795,5.5187,Data-Exfiltration-DNS,CIC-IDS-2018-EXFIL
14/02/2018 08:15:45,22,6,1600.5686837865203,15,9,9134,32562,0,2,0.051457,6.7371,Data-Exfiltration-DNS,CIC-IDS-2018-EXFIL
14/02/2018 08:15:46,8443,6,499.443621451829,8,3,9326,7582,1,2,0.133921,7.95,Data-Exfiltration-DNS,CIC-IDS-2018-EXFIL
14/02/2018 08:15:47,80,6,3296.2142247010047,7,72,6404,107455,1,1,0.233764,7.9172,Data-Exfiltration-DNS,CIC-IDS-2018-EXFIL
14/02/2018 08:15:48,445,6,4334.019261050747,6,8,6248,18577,1,2,0.064487,6.4476,Data-Exfiltration-DNS,CIC-IDS-2018-EXFIL
14/02/2018 08:15:49,443,6,7031.7199685621645,5,5,2653,4528,1,2,0.13224,7.95,Data-Exfiltration-DNS,CIC-IDS-2018-EXFIL
14/02/2018 08:15:50,21,6,2540.6869443096584,7,26,4306,37259,1,1,0.092176,7.3248,Data-Exfiltration-DNS,CIC-IDS-2018-EXFIL
14/02/2018 08:15:51,53,6,1028.1031058243434,4,6,2159,18597,3,1,0.035995,6.8307,Data-Exfiltration-DNS,CIC-IDS-2018-EXFIL
14/02/2018 08:15:52,53,6,4371.102032565657,5,3,3046,1648,1,3,0.23392,6.7421,Data-Exfiltration-DNS,CIC-IDS-2018-EXFIL
14/02/2018 08:15:53,3389,6,852.6859898439685,2,23,5417,43678,1,4,0.581209,1.9066,Benign,CIC-IDS-2018-EXFIL
14/02/2018 08:15:54,53,6,2278.257818842228,69,20,11043,42253,3,4,0.213074,7.2513,Data-Exfiltration-DNS,CIC-IDS-2018-EXFIL
14/02/2018 08:15:55,22,6,3580.2464921540563,3,39,2039,55793,5,4,0.075554,0.8474,PortScan,CIC-IDS-2018-EXFIL
14/02/2018 08:15:56,8443,6,8105.728913839938,3,52,5251,117230,0,4,0.298134,6.3159,Data-Exfiltration-DNS,CIC-IDS-2018-EXFIL
14/02/2018 08:15:57,53,6,4510.155383459994,3,8,6374,18984,1,0,0.002863,5.7216,Data-Exfiltration-DNS,CIC-IDS-2018-EXFIL
14/02/2018 08:15:58,21,6,1530.2663659347877,4,34,3734,131775,2,3,0.01514,6.806,Data-Exfiltration-DNS,CIC-IDS-2018-EXFIL
14/02/2018 08:15:59,3389,6,636.2310881081675,19,20,22360,45704,0,0,0.337992,7.8376,Data-Exfiltration-DNS,CIC-IDS-2018-EXFIL
14/02/2018 08:16:00,8443,6,15458.096647734254,6,86,2000,149286,4,1,0.378908,1.7301,PortScan,CIC-IDS-2018-EXFIL
14/02/2018 08:16:01,443,17,3470.7136269315056,5,8,4017,28856,3,8,0.54719,0.5,Benign,CIC-IDS-2018-EXFIL
14/02/2018 08:16:02,22,6,1189.45917540066,16,75,16308,218962,3,7,0.376783,0.5,Benign,CIC-IDS-2018-EXFIL
14/02/2018 08:16:03,443,6,297.7491879993104,18,13,14546,23901,0,4,0.511318,0.5,Benign,CIC-IDS-2018-EXFIL
14/02/2018 08:16:04,22,6,11520.97807660023,34,5,27261,12305,0,7,0.360389,2.1631,Benign,CIC-IDS-2018-EXFIL
14/02/2018 08:16:05,22,6,714.7703347481571,16,27,15679,72910,3,8,0.228133,1.3012,Benign,CIC-IDS-2018-EXFIL
14/02/2018 08:16:06,443,6,1528.0926576457045,46,43,38228,24963,1,12,0.544688,3.4128,Benign,CIC-IDS-2018-EXFIL
14/02/2018 08:16:07,3389,6,9636.522397026987,5,9,1296,26328,1,7,0.703577,2.3566,Benign,CIC-IDS-2018-EXFIL
14/02/2018 08:16:08,21,6,4151.383607487547,9,52,5804,59586,3,12,0.012137,0.6687,Benign,CIC-IDS-2018-EXFIL
14/02/2018 08:16:09,443,6,3095.3037916079124,6,3,3812,3405,0,9,0.408763,1.57,Benign,CIC-IDS-2018-EXFIL
14/02/2018 08:16:10,21,6,4104.808196736942,3,14,2148,22622,2,14,0.603824,0.9967,Benign,CIC-IDS-2018-EXFIL
14/02/2018 08:16:11,21,6,2126.3196185128672,3,12,3645,24451,1,8,0.350632,2.0612,Benign,CIC-IDS-2018-EXFIL
14/02/2018 08:16:12,21,6,1359.8915789472487,2,8,402,15853,0,5,0.691055,2.1232,Benign,CIC-IDS-2018-EXFIL
14/02/2018 08:16:13,22,6,831.1139055384285,25,29,3873,39994,1,6,0.55036,0.5,Benign,CIC-IDS-2018-EXFIL
14/02/2018 08:16:14,22,6,3337.7554185086933,4,10,3850,34839,2,11,0.549048,1.6485,Benign,CIC-IDS-2018-EXFIL
14/02/2018 08:16:15,8443,6,3028.257057969,11,33,2533,42120,1,8,0.61956,1.8423,Benign,CIC-IDS-2018-EXFIL
14/02/2018 08:16:16,8443,6,246.53656608815245,8,33,4565,20735,1,7,0.657754,1.1766,Benign,CIC-IDS-2018-EXFIL
14/02/2018 08:16:17,445,6,3876.9661153834913,18,12,4252,36795,4,1,0.78429,1.9703,PortScan,CIC-IDS-2018-EXFIL
14/02/2018 08:16:18,8443,6,351.95873873377116,3,53,4111,126562,0,8,0.095794,2.1744,Benign,CIC-IDS-2018-EXFIL
14/02/2018 08:16:19,22,6,2042.7815621052503,10,19,15932,35987,1,6,0.643865,1.4505,Benign,CIC-IDS-2018-EXFIL
14/02/2018 08:16:20,445,6,1167.9962372914058,2,15,5725,18681,1,6,0.477299,2.7777,Benign,CIC-IDS-2018-EXFIL
14/02/2018 08:16:21,53,6,982.7333750931123,11,29,64,45463,1,11,0.633571,1.647,Benign,CIC-IDS-2018-EXFIL
14/02/2018 08:16:22,8443,17,1217.843906428482,12,59,9446,97447,1,7,0.100574,1.8897,Benign,CIC-IDS-2018-EXFIL
14/02/2018 08:16:23,3389,6,3486.8803462631936,12,5,5230,6683,2,10,0.540294,2.2243,Benign,CIC-IDS-2018-EXFIL
14/02/2018 08:16:24,80,17,4510.9173239525435,5,33,3189,64,1,10,0.755612,0.7256,Benign,CIC-IDS-2018-EXFIL
14/02/2018 08:16:25,53,6,422.64503392435563,5,7,3191,12452,5,1,0.638967,2.8293,PortScan,CIC-IDS-2018-EXFIL
14/02/2018 08:16:26,445,6,2530.179581411487,35,3,8135,20736,0,7,0.41967,1.6993,Benign,CIC-IDS-2018-EXFIL
14/02/2018 08:16:27,445,6,1998.6321123022763,22,35,16028,24850,0,10,0.099881,0.718,Benign,CIC-IDS-2018-EXFIL
14/02/2018 08:16:28,445,6,560.085969266227,13,15,10292,29949,0,12,0.462903,1.2412,Benign,CIC-IDS-2018-EXFIL
14/02/2018 08:16:29,3389,6,335.90374376250634,17,5,19452,13799,1,8,0.5288,2.845,Benign,CIC-IDS-2018-EXFIL
14/02/2018 08:16:30,445,17,1215.315915195643,13,8,2783,23604,3,7,0.797662,1.5636,Benign,CIC-IDS-2018-EXFIL
14/02/2018 08:16:31,8443,6,2159.701659864834,9,22,15030,31045,0,14,0.484349,1.384,Benign,CIC-IDS-2018-EXFIL
14/02/2018 08:16:32,443,6,5122.5974817880115,22,2,20378,2661,3,7,0.242194,1.1126,Benign,CIC-IDS-2018-EXFIL
14/02/2018 08:16:33,80,6,3408.340593205989,12,18,4668,17094,3,8,0.501003,1.0404,Benign,CIC-IDS-2018-EXFIL
14/02/2018 08:16:34,3389,6,216.37705123869515,9,3,8930,7296,3,4,0.406224,1.6843,Benign,CIC-IDS-2018-EXFIL
14/02/2018 08:16:35,80,6,716.298142830537,9,41,6123,39517,0,7,0.473987,0.5,Benign,CIC-IDS-2018-EXFIL
14/02/2018 08:16:36,445,6,4749.928572093308,16,7,11512,18156,0,9,0.281867,1.5786,Benign,CIC-IDS-2018-EXFIL
14/02/2018 08:16:37,445,6,422.7408880615549,5,15,4318,9887,4,4,0.304878,1.0485,Benign,CIC-IDS-2018-EXFIL
14/02/2018 08:16:38,80,6,10281.933703510527,12,13,7158,18106,0,6,0.123123,2.5298,Benign,CIC-IDS-2018-EXFIL
14/02/2018 08:16:39,3389,6,2008.2178107161992,6,5,1266,15619,1,6,0.340041,1.7548,Benign,CIC-IDS-2018-EXFIL
14/02/2018 08:16:40,80,6,145.77575823835625,42,12,12233,11664,3,6,0.417517,1.9109,Benign,CIC-IDS-2018-EXFIL
14/02/2018 08:16:41,3389,6,16637.43440836017,16,5,10122,7017,3,8,0.856556,0.9769,Benign,CIC-IDS-2018-EXFIL
14/02/2018 08:16:42,445,6,1273.9864571531607,6,32,5104,85356,6,2,0.419579,3.1107,PortScan,CIC-IDS-2018-EXFIL
14/02/2018 08:16:43,445,6,2896.121732537974,28,7,2976,9727,1,6,0.691438,1.2996,Benign,CIC-IDS-2018-EXFIL
14/02/2018 08:16:44,80,17,4966.538489839596,12,12,4788,19707,0,7,0.61811,1.6016,Benign,CIC-IDS-2018-EXFIL
14/02/2018 08:16:45,3389,6,303.00140612555714,13,2,2954,8054,1,10,0.374603,1.3403,Benign,CIC-IDS-2018-EXFIL
14/02/2018 08:16:46,21,17,1465.5180616039322,4,41,64,12260,0,10,0.387506,1.4371,Benign,CIC-IDS-2018-EXFIL
14/02/2018 08:16:47,21,17,3340.217840188156,30,61,18160,97890,1,10,0.204697,2.0148,Benign,CIC-IDS-2018-EXFIL
14/02/2018 08:16:48,443,6,1170.6798928386133,15,5,64,22731,2,10,0.295592,2.2205,Benign,CIC-IDS-2018-EXFIL
14/02/2018 08:16:49,21,6,219.03351920541587,10,14,4699,30033,0,3,0.300787,1.6325,Benign,CIC-IDS-2018-EXFIL
14/02/2018 08:16:50,445,6,1135.3491678083367,4,2,583,10538,0,10,0.568793,0.5,Benign,CIC-IDS-2018-EXFIL
14/02/2018 08:16:51,22,6,3383.613194335787,12,2,4199,8733,0,5,0.066246,0.8777,Benign,CIC-IDS-2018-EXFIL
14/02/2018 08:16:52,22,6,6968.733328605687,14,63,15341,38235,2,6,0.543891,1.1568,Benign,CIC-IDS-2018-EXFIL
14/02/2018 08:16:53,443,6,271.6460667417516,29,23,14507,39911,1,11,0.42554,1.2294,Benign,CIC-IDS-2018-EXFIL
14/02/2018 08:16:54,443,6,2355.74619640768,4,23,1127,64381,3,7,0.656911,0.6258,Benign,CIC-IDS-2018-EXFIL
14/02/2018 08:16:55,8443,6,1750.1463696726707,3,12,5413,30988,0,11,0.477168,1.1233,Benign,CIC-IDS-2018-EXFIL
14/02/2018 08:16:56,445,6,4434.887474431971,13,8,2688,64,3,8,0.297548,2.1795,Benign,CIC-IDS-2018-EXFIL
14/02/2018 08:16:57,21,6,2071.649221194779,25,7,8577,11661,1,12,0.386412,0.6138,Benign,CIC-IDS-2018-EXFIL
14/02/2018 08:16:58,8443,6,5030.68888399173,4,15,2320,16718,1,3,0.688112,1.4507,Benign,CIC-IDS-2018-EXFIL
14/02/2018 08:16:59,80,6,607.8960352934027,8,8,4314,12859,2,9,0.156092,0.5,Benign,CIC-IDS-2018-EXFIL
14/02/2018 08:17:00,21,6,231.93247292588896,16,71,4749,141929,0,6,0.706655,0.5,Benign,CIC-IDS-2018-EXFIL
14/02/2018 08:17:01,445,6,1592.5243155688545,3,12,3308,64,1,8,0.542566,2.3294,Benign,CIC-IDS-2018-EXFIL
14/02/2018 08:17:02,8443,17,7522.486353572024,54,11,13531,19005,0,9,0.296677,0.5,Benign,CIC-IDS-2018-EXFIL
14/02/2018 08:17:03,21,6,3413.3373841480256,21,3,11094,5728,4,8,0.368446,1.2463,Benign,CIC-IDS-2018-EXFIL
14/02/2018 08:17:04,22,17,3938.557262893999,3,31,4336,80320,1,10,0.372606,0.7954,Benign,CIC-IDS-2018-EXFIL
14/02/2018 08:17:05,21,17,1354.6003863779583,2,2,4297,10080,0,6,0.860006,0.5,Benign,CIC-IDS-2018-EXFIL
14/02/2018 08:17:06,8443,6,2042.659770238864,3,14,6226,29545,2,9,0.470033,1.7292,Benign,CIC-IDS-2018-EXFIL
14/02/2018 08:17:07,53,17,3646.395206706303,11,6,2056,8497,1,7,0.544256,1.4332,Benign,CIC-IDS-2018-EXFIL
14/02/2018 08:17:08,21,17,3695.4245342522013,33,43,25908,10999,0,12,0.363003,0.5,Benign,CIC-IDS-2018-EXFIL
14/02/2018 08:17:09,443,6,4407.695342839139,4,16,4729,48402,1,8,0.525644,0.8732,Benign,CIC-IDS-2018-EXFIL
14/02/2018 08:17:10,443,6,272.26848726287756,4,33,2323,56611,1,7,0.753355,2.9506,Benign,CIC-IDS-2018-EXFIL
14/02/2018 08:17:11,53,6,4559.579434112478,8,22,10461,42528,0,11,0.098375,1.3366,Benign,CIC-IDS-2018-EXFIL
14/02/2018 08:17:12,3389,6,2883.436109364095,37,4,30246,13805,3,9,0.316529,1.96,Benign,CIC-IDS-2018-EXFIL
14/02/2018 08:17:13,22,6,647.8002470678425,20,39,7479,27498,1,11,0.33611,0.9228,Benign,CIC-IDS-2018-EXFIL
14/02/2018 08:17:14,443,6,3382.244124866042,24,11,19653,17696,1,6,0.55416,1.4371,Benign,CIC-IDS-2018-EXFIL
14/02/2018 08:17:15,445,6,4013.7325894110786,3,36,1099,30959,0,7,0.767155,1.1417,Benign,CIC-IDS-2018-EXFIL
14/02/2018 08:17:16,443,6,2348.6541610633617,11,123,6769,133616,1,10,0.492203,3.1468,Benign,CIC-IDS-2018-EXFIL
14/02/2018 08:17:17,21,17,3715.838051285732,3,10,2819,11956,0,10,0.241888,0.6132,Benign,CIC-IDS-2018-EXFIL
14/02/2018 08:17:18,8443,17,2003.2325173397135,12,21,4352,23581,1,6,0.705938,1.333,Benign,CIC-IDS-2018-EXFIL
14/02/2018 08:17:19,443,6,3739.654258425504,15,15,3046,16715,0,12,0.406955,1.372,Benign,CIC-IDS-2018-EXFIL
14/02/2018 08:17:20,8443,6,1980.7225485556157,6,9,5888,3812,7,1,0.509122,3.517,PortScan,CIC-IDS-2018-EXFIL
14/02/2018 08:17:21,80,6,130.3493008187633,8,19,5108,25283,8,0,0.325469,2.1581,PortScan,CIC-IDS-2018-EXFIL
14/02/2018 08:17:22,53,17,1147.4758228130354,2,7,6006,16205,4,4,0.326244,2.8689,PortScan,CIC-IDS-2018-EXFIL
14/02/2018 08:17:23,21,6,15651.423003385444,53,32,23488,41020,6,1,0.205287,2.5354,PortScan,CIC-IDS-2018-EXFIL
14/02/2018 08:17:24,3389,6,3109.8615226528964,2,24,3576,23049,8,1,0.457662,3.7729,PortScan,CIC-IDS-2018-EXFIL
14/02/2018 08:17:25,53,6,5119.537403850614,7,41,5528,27032,10,2,0.596599,3.5784,PortScan,CIC-IDS-2018-EXFIL
14/02/2018 08:17:26,445,6,1924.45720759234,9,28,2578,44282,4,3,0.265188,2.829,PortScan,CIC-IDS-2018-EXFIL
14/02/2018 08:17:27,21,6,1773.3674829526785,20,34,9925,5110,4,4,0.486793,3.1611,PortScan,CIC-IDS-2018-EXFIL
14/02/2018 08:17:28,443,6,4953.242004842005,25,11,23923,34100,11,1,0.273442,2.8039,PortScan,CIC-IDS-2018-EXFIL
14/02/2018 08:17:29,80,6,4266.596537959802,9,5,5898,12289,6,4,0.827374,3.2093,PortScan,CIC-IDS-2018-EXFIL
14/02/2018 08:17:30,445,6,3522.8010879471008,7,5,6095,6949,6,1,0.271466,2.3342,PortScan,CIC-IDS-2018-EXFIL
14/02/2018 08:17:31,8443,6,2444.2849964953775,7,19,3684,42137,6,5,0.547494,1.1564,PortScan,CIC-IDS-2018-EXFIL
14/02/2018 08:17:32,80,6,7951.7706354947,19,6,16036,7555,8,1,0.154888,2.1787,PortScan,CIC-IDS-2018-EXFIL
14/02/2018 08:17:33,8443,6,28179.08464287242,5,9,7983,23040,8,1,0.645167,2.7103,PortScan,CIC-IDS-2018-EXFIL
14/02/2018 08:17:34,445,6,4639.4141434416,6,3,4460,8290,5,2,0.438593,2.639,PortScan,CIC-IDS-2018-EXFIL
14/02/2018 08:17:35,53,6,6141.568773549234,2,14,1689,41990,3,0,0.457895,2.6573,PortScan,CIC-IDS-2018-EXFIL
14/02/2018 08:17:36,8443,6,3362.5650679671735,16,15,10790,27126,6,2,0.726253,1.2351,PortScan,CIC-IDS-2018-EXFIL
14/02/2018 08:17:37,53,6,2360.584453855165,17,10,9888,9039,4,1,0.187568,1.0055,PortScan,CIC-IDS-2018-EXFIL
14/02/2018 08:17:38,80,6,8192.903741738275,6,7,7897,6720,3,1,0.540927,1.7711,PortScan,CIC-IDS-2018-EXFIL
14/02/2018 08:17:39,8443,6,535.1273072054852,28,7,17134,15418,5,3,0.232472,2.3031,PortScan,CIC-IDS-2018-EXFIL
14/02/2018 08:17:40,445,6,7321.634362979029,5,32,2672,66728,5,2,0.443463,3.5847,PortScan,CIC-IDS-2018-EXFIL
14/02/2018 08:17:41,22,6,2690.390377121262,7,27,5769,55741,5,1,0.210396,1.3025,PortScan,CIC-IDS-2018-EXFIL
14/02/2018 08:17:42,445,6,3141.6537624235357,10,25,5698,35924,4,0,0.421802,0.7105,PortScan,CIC-IDS-2018-EXFIL
14/02/2018 08:17:43,22,6,3273.1653188480677,2,48,3169,40803,1,12,0.519912,2.9447,Benign,CIC-IDS-2018-EXFIL
14/02/2018 08:17:44,21,6,10369.155253759833,11,37,6735,115380,9,1,0.644757,1.6521,PortScan,CIC-IDS-2018-EXFIL
14/02/2018 08:17:45,443,6,5866.682485632296,7,2,5964,10509,5,2,0.308608,1.6099,PortScan,CIC-IDS-2018-EXFIL
14/02/2018 08:17:46,80,17,4946.507121774878,5,10,3874,18586,6,2,0.444252,2.731,PortScan,CIC-IDS-2018-EXFIL
14/02/2018 08:17:47,445,6,201.09803933953285,34,2,15527,15644,7,2,0.748545,1.2985,PortScan,CIC-IDS-2018-EXFIL
14/02/2018 08:17:48,445,6,727.0206432097718,10,51,10954,18230,4,1,0.462485,1.129,PortScan,CIC-IDS-2018-EXFIL
14/02/2018 08:17:49,443,6,4044.558897871594,32,43,17347,81653,7,0,0.49939,1.6222,PortScan,CIC-IDS-2018-EXFIL
14/02/2018 08:17:50,3389,6,1763.7979947095905,2,9,5343,15841,5,2,0.366165,2.9204,PortScan,CIC-IDS-2018-EXFIL
14/02/2018 08:17:51,443,6,13555.253211545827,31,12,18012,17268,10,4,0.148101,3.6561,PortScan,CIC-IDS-2018-EXFIL
14/02/2018 08:17:52,22,17,2832.5456414105292,9,29,7808,51398,8,6,0.363257,2.1799,PortScan,CIC-IDS-2018-EXFIL
14/02/2018 08:17:53,3389,6,2520.7232449867206,12,4,6462,4006,7,3,0.372821,2.4721,PortScan,CIC-IDS-2018-EXFIL
14/02/2018 08:17:54,80,6,3978.584269662183,11,32,9140,60018,10,0,0.391505,3.5005,PortScan,CIC-IDS-2018-EXFIL
14/02/2018 08:17:55,22,6,473.89325752765035,22,18,3387,10801,8,0,0.445893,2.9378,PortScan,CIC-IDS-2018-EXFIL
14/02/2018 08:17:56,22,6,4326.071983421928,3,6,2116,15364,8,2,0.758783,2.6051,PortScan,CIC-IDS-2018-EXFIL
14/02/2018 08:17:57,22,6,1470.45765948411,12,15,10117,17179,2,9,0.216554,0.5,Benign,CIC-IDS-2018-EXFIL
14/02/2018 08:17:58,21,6,1112.3491678462979,33,71,64,112679,2,3,0.630816,1.4398,PortScan,CIC-IDS-2018-EXFIL
14/02/2018 08:17:59,22,17,524.6867390823188,16,24,11223,54149,7,2,0.239588,0.5393,PortScan,CIC-IDS-2018-EXFIL
14/02/2018 08:18:00,445,6,8768.778853986163,21,12,14344,26143,6,1,0.52346,4.6561,PortScan,CIC-IDS-2018-EXFIL
14/02/2018 08:18:01,22,6,3186.274524513837,24,14,17249,36290,6,2,0.185654,0.5,PortScan,CIC-IDS-2018-EXFIL
14/02/2018 08:18:02,8443,6,635.8298156652315,8,21,12032,24268,0,16,0.420878,0.8672,Benign,CIC-IDS-2018-EXFIL
14/02/2018 08:18:03,53,6,4130.035846271347,11,57,18118,59007,6,1,0.620829,2.3865,PortScan,CIC-IDS-2018-EXFIL
14/02/2018 08:18:04,445,6,1100.7024582941135,24,94,31739,92002,5,0,0.483577,2.3051,PortScan,CIC-IDS-2018-EXFIL
14/02/2018 08:18:05,80,6,1280.6830382043859,6,7,4800,20993,6,1,0.103766,2.1237,PortScan,CIC-IDS-2018-EXFIL
14/02/2018 08:18:06,8443,17,122.07299623621341,22,11,8336,28495,4,2,0.54737,3.144,PortScan,CIC-IDS-2018-EXFIL
14/02/2018 08:18:07,53,6,9751.05841138622,14,68,13013,198158,8,1,0.531995,1.9384,PortScan,CIC-IDS-2018-EXFIL
14/02/2018 08:18:08,21,6,4337.6752636027495,5,52,7426,13242,6,1,0.175617,2.6741,PortScan,CIC-IDS-2018-EXFIL
14/02/2018 08:18:09,80,17,1018.6614352694811,33,8,18865,19777,5,5,0.251809,2.3292,PortScan,CIC-IDS-2018-EXFIL
14/02/2018 08:18:10,445,6,7004.495363451955,2,13,3630,15561,4,3,0.514151,4.0844,PortScan,CIC-IDS-2018-EXFIL
14/02/2018 08:18:11,445,17,6296.977276492388,10,35,4538,58184,4,3,0.332129,3.8024,PortScan,CIC-IDS-2018-EXFIL
14/02/2018 08:18:12,3389,6,3288.327498402732,11,11,13924,29768,3,3,0.594957,1.4714,PortScan,CIC-IDS-2018-EXFIL
14/02/2018 08:18:13,3389,6,11841.832481291432,7,4,2071,4767,6,2,0.67602,1.9584,PortScan,CIC-IDS-2018-EXFIL
14/02/2018 08:18:14,8443,6,15918.196458324339,32,12,4245,64,4,1,0.085289,1.3304,PortScan,CIC-IDS-2018-EXFIL
14/02/2018 08:18:15,445,6,22583.20718539886,18,4,679,648,6,2,0.618308,2.1207,PortScan,CIC-IDS-2018-EXFIL
14/02/2018 08:18:16,21,6,3251.472186796758,25,35,26975,30016,5,4,0.202731,2.3477,PortScan,CIC-IDS-2018-EXFIL
14/02/2018 08:18:17,443,6,1186.66469719996,17,23,10625,34000,4,3,0.296089,2.2881,PortScan,CIC-IDS-2018-EXFIL
14/02/2018 08:18:18,21,6,4326.479879750715,5,11,7044,12394,5,7,0.144078,1.4243,PortScan,CIC-IDS-2018-EXFIL
14/02/2018 08:18:19,53,6,908.3972354572243,15,6,12742,5272,9,1,0.313394,2.8555,PortScan,CIC-IDS-2018-EXFIL
14/02/2018 08:18:20,443,6,4889.1082350033275,8,7,11453,6959,6,3,0.249282,1.2905,PortScan,CIC-IDS-2018-EXFIL
14/02/2018 08:18:21,21,6,2154.1364707270186,7,4,6711,17596,11,3,0.364042,1.4634,PortScan,CIC-IDS-2018-EXFIL
14/02/2018 08:18:22,443,17,9929.080365059235,3,19,2777,15414,7,1,0.482758,2.6272,PortScan,CIC-IDS-2018-EXFIL
14/02/2018 08:18:23,8443,17,2597.851427630647,3,8,2914,13759,10,4,0.134976,3.718,PortScan,CIC-IDS-2018-EXFIL
14/02/2018 08:18:24,8443,6,1269.7171252112523,22,3,7123,9408,7,3,0.197722,1.5563,PortScan,CIC-IDS-2018-EXFIL
14/02/2018 08:18:25,8443,6,15737.315528606126,21,2,10744,11528,4,1,0.574903,3.5567,PortScan,CIC-IDS-2018-EXFIL
14/02/2018 08:18:26,8443,6,2670.312723374262,6,79,5265,59093,4,2,0.607049,1.7042,PortScan,CIC-IDS-2018-EXFIL
14/02/2018 08:18:27,443,6,6781.348961522395,3,39,4038,53387,6,2,0.09209,2.2902,PortScan,CIC-IDS-2018-EXFIL
14/02/2018 08:18:28,80,6,2405.602110818658,59,3,26537,4030,7,3,0.509631,1.0259,PortScan,CIC-IDS-2018-EXFIL
14/02/2018 08:18:29,80,17,3561.7874538338524,3,3,3645,5859,4,0,0.41523,0.6321,PortScan,CIC-IDS-2018-EXFIL
14/02/2018 08:18:30,443,6,9507.56174787339,5,11,4321,31566,4,3,0.870389,1.9621,PortScan,CIC-IDS-2018-EXFIL
14/02/2018 08:18:31,21,6,778.9863031596744,2,18,4701,41692,5,3,0.21016,1.4048,PortScan,CIC-IDS-2018-EXFIL
14/02/2018 08:18:32,8443,6,817.6759808390383,17,3,6947,12972,4,2,0.615726,2.0426,PortScan,CIC-IDS-2018-EXFIL
14/02/2018 08:18:33,53,6,4188.622104502913,17,17,15677,64,4,3,0.64011,2.7096,PortScan,CIC-IDS-2018-EXFIL
14/02/2018 08:18:34,21,6,694.1115986269671,21,5,10701,21878,2,2,0.282853,2.2161,PortScan,CIC-IDS-2018-EXFIL
14/02/2018 08:18:35,21,6,272.17278655176864,85,10,74055,24090,2,1,0.470154,3.4682,PortScan,CIC-IDS-2018-EXFIL
14/02/2018 08:18:36,21,6,2164.1431386011723,7,7,5370,24346,7,0,0.522276,3.0672,PortScan,CIC-IDS-2018-EXFIL
14/02/2018 08:18:37,8443,6,1467.2922271527748,4,40,2170,73357,4,3,0.399166,3.3429,PortScan,CIC-IDS-2018-EXFIL
14/02/2018 08:18:38,3389,6,660.8382572451386,6,18,4853,23469,10,2,0.387925,3.0438,PortScan,CIC-IDS-2018-EXFIL
14/02/2018 08:18:39,8443,6,169.71122911470485,12,35,5230,32032,1,5,0.500211,1.2022,Benign,CIC-IDS-2018-EXFIL
14/02/2018 08:18:40,53,6,3345.1978626791365,5,2,1596,5998,12,3,0.472389,4.486,SSH-Bruteforce,CIC-IDS-2018-EXFIL
14/02/2018 08:18:41,21,6,6783.244886493614,4,29,2270,64631,7,0,0.287581,2.9222,SSH-Bruteforce,CIC-IDS-2018-EXFIL
14/02/2018 08:18:42,22,17,145.7126579032443,2,28,1074,29331,9,2,0.498424,2.1788,SSH-Bruteforce,CIC-IDS-2018-EXFIL
14/02/2018 08:18:43,22,6,438.9369960994343,36,11,36522,17165,4,1,0.533428,4.6656,SSH-Bruteforce,CIC-IDS-2018-EXFIL
14/02/2018 08:18:44,22,6,2113.198255405716,7,23,4262,54093,1,3,0.180532,2.6434,SSH-Bruteforce,CIC-IDS-2018-EXFIL
14/02/2018 08:18:45,53,6,1685.777132221176,5,85,3740,80859,6,1,0.292913,2.0043,SSH-Bruteforce,CIC-IDS-2018-EXFIL
14/02/2018 08:18:46,80,6,1829.7621445972782,4,18,3071,37520,14,2,0.377867,2.9076,SSH-Bruteforce,CIC-IDS-2018-EXFIL
14/02/2018 08:18:47,445,6,1348.2780540293988,34,74,10111,16878,4,3,0.444892,3.8166,SSH-Bruteforce,CIC-IDS-2018-EXFIL
14/02/2018 08:18:48,80,6,6953.715790027178,16,37,17211,30272,8,2,0.169628,3.5683,SSH-Bruteforce,CIC-IDS-2018-EXFIL
14/02/2018 08:18:49,443,6,4576.81600007585,25,57,11449,98246,5,1,0.434066,3.6106,SSH-Bruteforce,CIC-IDS-2018-EXFIL
14/02/2018 08:18:50,3389,6,690.7760815671131,35,2,4815,12157,3,6,0.4582,3.2312,SSH-Bruteforce,CIC-IDS-2018-EXFIL
14/02/2018 08:18:51,8443,6,1311.694871767382,47,39,17146,127091,7,0,0.395664,4.2864,SSH-Bruteforce,CIC-IDS-2018-EXFIL
14/02/2018 08:18:52,80,6,2669.887215440059,9,18,5925,54236,10,0,0.485642,1.9411,SSH-Bruteforce,CIC-IDS-2018-EXFIL
14/02/2018 08:18:53,80,6,2629.375852552369,8,19,5726,25727,3,4,0.64661,3.3811,SSH-Bruteforce,CIC-IDS-2018-EXFIL
14/02/2018 08:18:54,22,6,6766.520756698828,12,4,14407,16782,3,2,0.916513,1.8162,SSH-Bruteforce,CIC-IDS-2018-EXFIL
14/02/2018 08:18:55,445,6,2773.505805474512,28,19,14123,47652,3,2,0.386302,2.7523,SSH-Bruteforce,CIC-IDS-2018-EXFIL
14/02/2018 08:18:56,80,6,430.7365190087825,32,26,23893,44900,2,3,0.590231,1.6993,SSH-Bruteforce,CIC-IDS-2018-EXFIL
14/02/2018 08:18:57,8443,6,1488.0177193262407,16,26,6688,49167,5,0,0.441934,2.6328,SSH-Bruteforce,CIC-IDS-2018-EXFIL
14/02/2018 08:18:58,445,17,423.1344235407987,17,11,3265,24129,10,2,0.255614,4.6067,SSH-Bruteforce,CIC-IDS-2018-EXFIL
14/02/2018 08:18:59,445,6,7530.967250460887,11,2,12470,7222,5,0,0.757789,3.9065,SSH-Bruteforce,CIC-IDS-2018-EXFIL
14/02/2018 08:19:00,3389,6,747.8811438193826,10,10,9448,16828,11,0,0.572133,4.4305,SSH-Bruteforce,CIC-IDS-2018-EXFIL
14/02/2018 08:19:01,445,6,1537.2065297404827,2,11,3188,19557,6,3,0.491137,2.8699,SSH-Bruteforce,CIC-IDS-2018-EXFIL
14/02/2018 08:19:02,443,6,7167.611681495506,11,32,7806,32375,7,0,0.463287,1.1781,PortScan,CIC-IDS-2018-EXFIL
14/02/2018 08:19:03,8443,6,250.31089212918687,4,18,5044,16412,6,2,0.15335,2.6108,SSH-Bruteforce,CIC-IDS-2018-EXFIL
14/02/2018 08:19:04,8443,17,928.3005676146487,18,22,12726,29720,6,1,0.380166,3.9151,SSH-Bruteforce,CIC-IDS-2018-EXFIL
14/02/2018 08:19:05,8443,6,6009.755747052452,5,57,3352,26167,8,1,0.491802,3.123,SSH-Bruteforce,CIC-IDS-2018-EXFIL
14/02/2018 08:19:06,445,6,1666.2881124837718,18,12,7612,34203,4,1,0.280635,5.0734,SSH-Bruteforce,CIC-IDS-2018-EXFIL
14/02/2018 08:19:07,80,6,2471.5567421554615,2,5,2892,11355,6,3,0.438355,3.7887,SSH-Bruteforce,CIC-IDS-2018-EXFIL
14/02/2018 08:19:08,443,6,3039.22862011739,8,13,96,22814,5,5,0.850018,4.513,SSH-Bruteforce,CIC-IDS-2018-EXFIL
14/02/2018 08:19:09,80,17,3460.316244542436,24,13,8730,26217,8,1,0.520355,3.9558,SSH-Bruteforce,CIC-IDS-2018-EXFIL
14/02/2018 08:19:10,21,6,1389.6939431716194,12,7,7311,9385,7,1,0.486024,3.721,SSH-Bruteforce,CIC-IDS-2018-EXFIL
14/02/2018 08:19:11,80,6,2682.4945818648816,2,8,1662,23719,5,1,0.399095,3.7652,SSH-Bruteforce,CIC-IDS-2018-EXFIL
14/02/2018 08:19:12,21,17,415.0581715259344,9,14,1042,10755,5,0,0.699253,1.7866,SSH-Bruteforce,CIC-IDS-2018-EXFIL
14/02/2018 08:19:13,443,6,5528.878075094051,10,8,3953,13739,3,1,0.459166,2.5409,SSH-Bruteforce,CIC-IDS-2018-EXFIL
14/02/2018 08:19:14,80,6,2536.932140904356,2,12,1389,26981,7,2,0.586798,4.9974,SSH-Bruteforce,CIC-IDS-2018-EXFIL
14/02/2018 08:19:15,80,6,10277.226592245328,6,17,4555,34496,2,3,0.402067,3.2896,SSH-Bruteforce,CIC-IDS-2018-EXFIL
14/02/2018 08:19:16,22,6,1096.4960750438702,24,34,24141,38302,7,1,0.445305,3.3962,SSH-Bruteforce,CIC-IDS-2018-EXFIL
14/02/2018 08:19:17,22,6,1621.5893787500606,5,3,3559,14653,8,2,0.310363,3.3588,SSH-Bruteforce,CIC-IDS-2018-EXFIL
14/02/2018 08:19:18,22,17,3000.595124689242,37,13,9408,22368,5,6,0.441385,3.4051,SSH-Bruteforce,CIC-IDS-2018-EXFIL
14/02/2018 08:19:19,3389,6,506.27508674342346,26,38,12938,2875,5,1,0.532608,2.5117,SSH-Bruteforce,CIC-IDS-2018-EXFIL
14/02/2018 08:19:20,80,6,9776.854056321821,11,2,7848,15560,10,0,0.555954,4.2056,SSH-Bruteforce,CIC-IDS-2018-EXFIL
14/02/2018 08:19:21,443,6,802.4790195959374,14,3,6455,7659,5,1,0.252727,2.4819,SSH-Bruteforce,CIC-IDS-2018-EXFIL
14/02/2018 08:19:22,443,17,3727.6121398157475,3,9,4611,9102,3,1,0.346933,3.5876,SSH-Bruteforce,CIC-IDS-2018-EXFIL
14/02/2018 08:19:23,22,6,202.53010305341536,12,38,12434,93941,6,1,0.217548,3.782,SSH-Bruteforce,CIC-IDS-2018-EXFIL
14/02/2018 08:19:24,80,6,730.2011659438052,11,6,8602,12126,4,4,0.427317,3.8205,SSH-Bruteforce,CIC-IDS-2018-EXFIL
14/02/2018 08:19:25,53,6,141.43154048017936,3,44,5760,47460,9,2,0.884702,2.0392,PortScan,CIC-IDS-2018-EXFIL
14/02/2018 08:19:26,22,6,6310.644892419891,10,32,5902,16317,6,4,0.407962,4.0896,SSH-Bruteforce,CIC-IDS-2018-EXFIL
14/02/2018 08:19:27,8443,6,3987.2175841623,29,8,8512,16297,4,1,0.404703,2.6791,SSH-Bruteforce,CIC-IDS-2018-EXFIL
14/02/2018 08:19:28,443,6,3959.1289270505436,3,6,3882,18450,4,1,0.724073,3.9289,SSH-Bruteforce,CIC-IDS-2018-EXFIL
14/02/2018 08:19:29,22,6,5954.038867989715,5,39,4033,94491,3,3,0.445829,2.7608,SSH-Bruteforce,CIC-IDS-2018-EXFIL
14/02/2018 08:19:30,22,6,5930.29700313412,2,12,4324,8890,7,2,0.689456,3.3493,SSH-Bruteforce,CIC-IDS-2018-EXFIL
14/02/2018 08:19:31,80,6,5519.985736988402,2,26,3740,15255,4,1,0.317171,2.4639,SSH-Bruteforce,CIC-IDS-2018-EXFIL
14/02/2018 08:19:32,8443,17,12810.185716431815,2,25,3279,60707,4,2,0.427061,3.812,SSH-Bruteforce,CIC-IDS-2018-EXFIL
14/02/2018 08:19:33,21,6,1982.741093008585,4,10,3680,12130,11,3,0.657699,3.7324,SSH-Bruteforce,CIC-IDS-2018-EXFIL
14/02/2018 08:19:34,53,6,1449.3131356057731,2,7,3394,13510,0,5,0.013842,3.3708,SSH-Bruteforce,CIC-IDS-2018-EXFIL
14/02/2018 08:19:35,80,6,1743.797993034524,16,26,4892,47204,3,3,0.400146,4.1518,SSH-Bruteforce,CIC-IDS-2018-EXFIL
14/02/2018 08:19:36,21,6,5349.743054447143,8,43,5839,32866,9,1,0.508945,3.5606,SSH-Bruteforce,CIC-IDS-2018-EXFIL
14/02/2018 08:19:37,21,6,876.6659241629015,7,7,6277,2512,5,3,0.657661,2.7315,SSH-Bruteforce,CIC-IDS-2018-EXFIL
14/02/2018 08:19:38,3389,6,171.4473443381701,8,26,10150,71998,7,0,0.138635,3.3955,SSH-Bruteforce,CIC-IDS-2018-EXFIL
14/02/2018 08:19:39,21,17,5668.834152423357,24,10,11641,9696,5,1,0.416417,2.5938,SSH-Bruteforce,CIC-IDS-2018-EXFIL
14/02/2018 08:19:40,8443,6,7782.22128651617,15,15,19053,25403,13,3,0.465167,3.4199,SSH-Bruteforce,CIC-IDS-2018-EXFIL
14/02/2018 08:19:41,80,6,1362.8621765394887,18,14,12017,22448,7,2,0.372115,3.2386,SSH-Bruteforce,CIC-IDS-2018-EXFIL
14/02/2018 08:19:42,443,6,5058.162193999837,34,7,18994,14124,5,1,0.237134,4.8035,SSH-Bruteforce,CIC-IDS-2018-EXFIL
14/02/2018 08:19:43,22,6,6950.441036726157,10,4,13544,19926,9,1,0.76611,3.7314,SSH-Bruteforce,CIC-IDS-2018-EXFIL
14/02/2018 08:19:44,8443,6,2618.5511892696013,2,15,2903,40030,7,1,0.606001,4.2867,SSH-Bruteforce,CIC-IDS-2018-EXFIL
14/02/2018 08:19:45,21,6,3428.6187888872455,8,4,5508,13094,9,2,0.312745,3.5318,SSH-Bruteforce,CIC-IDS-2018-EXFIL
14/02/2018 08:19:46,22,6,9993.365157274993,7,10,9564,21506,13,2,0.501109,3.2441,SSH-Bruteforce,CIC-IDS-2018-EXFIL
14/02/2018 08:19:47,53,6,5417.077039111398,12,3,10236,3746,5,4,0.618558,4.209,SSH-Bruteforce,CIC-IDS-2018-EXFIL
14/02/2018 08:19:48,445,6,3536.572391244101,6,3,4013,7738,5,1,0.583546,4.7278,SSH-Bruteforce,CIC-IDS-2018-EXFIL
14/02/2018 08:19:49,443,6,267.79980278823234,37,39,64,89333,3,3,0.476862,4.1216,SSH-Bruteforce,CIC-IDS-2018-EXFIL
14/02/2018 08:19:50,445,6,6279.759574535826,5,4,6290,10374,9,1,0.776615,2.1261,SSH-Bruteforce,CIC-IDS-2018-EXFIL
14/02/2018 08:19:51,80,6,7379.608561619006,5,10,129,40964,6,2,0.528969,2.6293,SSH-Bruteforce,CIC-IDS-2018-EXFIL
14/02/2018 08:19:52,53,6,5654.903450189385,30,10,18042,27252,5,3,0.192951,3.7671,SSH-Bruteforce,CIC-IDS-2018-EXFIL
14/02/2018 08:19:53,80,6,9802.464508739426,26,26,18492,58268,10,3,0.53397,4.5274,SSH-Bruteforce,CIC-IDS-2018-EXFIL
14/02/2018 08:19:54,445,6,191.87795213082083,8,29,7480,53754,3,1,0.967634,4.4015,SSH-Bruteforce,CIC-IDS-2018-EXFIL
14/02/2018 08:19:55,21,6,16153.859944736932,7,7,8650,16547,6,3,0.13838,2.392,SSH-Bruteforce,CIC-IDS-2018-EXFIL
14/02/2018 08:19:56,8443,6,4827.609076744521,10,62,6573,28523,7,0,0.269569,2.7774,SSH-Bruteforce,CIC-IDS-2018-EXFIL
14/02/2018 08:19:57,8443,6,3094.355210614493,6,3,10671,9303,6,0,0.443361,3.4488,SSH-Bruteforce,CIC-IDS-2018-EXFIL
14/02/2018 08:19:58,80,6,2499.6471885571227,7,12,7870,19210,10,0,0.421755,3.3664,SSH-Bruteforce,CIC-IDS-2018-EXFIL
14/02/2018 08:19:59,53,6,1111.431146193399,9,32,1286,60844,4,1,0.310484,4.0267,SSH-Bruteforce,CIC-IDS-2018-EXFIL
14/02/2018 08:20:00,445,6,3205.915761212814,21,11,8536,28901,0,2,0.523533,4.4939,Infiltration,CIC-IDS-2018-EXFIL
14/02/2018 08:20:01,8443,6,8138.291358096556,2,38,3019,101566,2,1,0.39086,5.562,Infiltration,CIC-IDS-2018-EXFIL
14/02/2018 08:20:02,3389,6,3211.4168389484507,10,46,9582,82319,0,2,0.476165,5.6499,Infiltration,CIC-IDS-2018-EXFIL
14/02/2018 08:20:03,53,6,357.3081623486923,9,33,8022,36860,2,3,0.469841,5.8092,Infiltration,CIC-IDS-2018-EXFIL
14/02/2018 08:20:04,8443,6,7515.764628623943,14,10,1179,27436,1,0,0.063308,3.7687,Infiltration,CIC-IDS-2018-EXFIL
14/02/2018 08:20:05,8443,6,1993.2136010359147,4,12,6215,33043,0,3,0.317709,5.4532,Infiltration,CIC-IDS-2018-EXFIL
14/02/2018 08:20:06,21,6,2770.9374189289824,20,3,7588,11834,0,4,0.901164,5.4847,Infiltration,CIC-IDS-2018-EXFIL
14/02/2018 08:20:07,80,6,1196.3745173523855,22,36,64,86978,2,9,0.498721,2.8656,Benign,CIC-IDS-2018-EXFIL
14/02/2018 08:20:08,22,6,3018.7539813823473,20,61,2815,135053,0,4,0.40356,4.24,Infiltration,CIC-IDS-2018-EXFIL
14/02/2018 08:20:09,8443,6,1409.5345013143306,39,14,35585,21179,0,3,0.513574,4.1296,Infiltration,CIC-IDS-2018-EXFIL
14/02/2018 08:20:10,445,6,4707.392399979756,11,15,5718,14029,0,4,0.179256,4.8671,Infiltration,CIC-IDS-2018-EXFIL
14/02/2018 08:20:11,53,6,5531.036078071593,5,2,669,13752,0,3,0.021302,4.6547,Infiltration,CIC-IDS-2018-EXFIL
14/02/2018 08:20:12,53,6,2993.7288054094133,21,2,13373,15390,2,0,0.762327,5.7469,Infiltration,CIC-IDS-2018-EXFIL
14/02/2018 08:20:13,443,6,3084.25588663703,20,17,8043,26960,0,1,1.045621,6.0267,Infiltration,CIC-IDS-2018-EXFIL
14/02/2018 08:20:14,3389,6,5100.038383161085,2,56,2521,29528,3,0,0.275103,4.9629,Infiltration,CIC-IDS-2018-EXFIL
14/02/2018 08:20:15,22,6,8795.862352576049,28,30,21228,50060,1,5,0.504497,4.3763,Infiltration,CIC-IDS-2018-EXFIL
14/02/2018 08:20:16,21,17,7512.04181303741,4,5,5424,20226,0,1,0.439028,5.8672,Infiltration,CIC-IDS-2018-EXFIL
14/02/2018 08:20:17,3389,6,3156.1975617314415,7,23,7367,51781,4,5,0.256309,3.2367,PortScan,CIC-IDS-2018-EXFIL
14/02/2018 08:20:18,22,6,637.2807751404451,31,62,33301,12972,0,2,0.694944,4.9808,Infiltration,CIC-IDS-2018-EXFIL
14/02/2018 08:20:19,22,6,1541.732974277185,23,30,617,24856,4,3,0.62066,5.1171,Infiltration,CIC-IDS-2018-EXFIL
14/02/2018 08:20:20,445,6,1561.3685608239748,4,3,4444,16214,2,2,0.688924,5.0229,Infiltration,CIC-IDS-2018-EXFIL
14/02/2018 08:20:21,443,6,4798.016182518255,2,77,2193,172816,1,1,0.158141,3.72,Infiltration,CIC-IDS-2018-EXFIL
14/02/2018 08:20:22,445,6,5821.871764374321,4,14,81,40882,0,1,0.503615,7.0599,Infiltration,CIC-IDS-2018-EXFIL
14/02/2018 08:20:23,53,6,3875.7741832924858,31,12,12722,15519,8,2,0.701308,0.5984,PortScan,CIC-IDS-2018-EXFIL
14/02/2018 08:20:24,80,6,2859.3965492587977,5,3,4726,10651,2,2,0.755263,4.0487,Infiltration,CIC-IDS-2018-EXFIL
14/02/2018 08:20:25,22,6,9382.250944420488,5,3,3787,7009,1,3,0.468003,5.3001,Infiltration,CIC-IDS-2018-EXFIL
14/02/2018 08:20:26,3389,17,1266.5765432248568,21,41,9323,50124,1,3,0.520918,4.4058,Infiltration,CIC-IDS-2018-EXFIL
14/02/2018 08:20:27,53,6,1123.1168747290635,25,5,16908,7981,0,0,0.291283,3.8219,Infiltration,CIC-IDS-2018-EXFIL
14/02/2018 08:20:28,3389,6,216.41298892216415,12,11,2494,9764,0,1,0.086449,5.3559,Infiltration,CIC-IDS-2018-EXFIL
14/02/2018 08:20:29,21,6,931.3133752878392,7,39,6201,62018,0,2,0.19751,4.9037,Infiltration,CIC-IDS-2018-EXFIL
14/02/2018 08:20:30,443,6,10445.911538006414,3,53,3859,91032,4,1,0.768754,4.9615,Infiltration,CIC-IDS-2018-EXFIL
14/02/2018 08:20:31,21,17,10476.308086681314,4,20,5668,18225,0,3,0.561763,5.5382,Infiltration,CIC-IDS-2018-EXFIL
14/02/2018 08:20:32,22,6,156.6902948348762,35,7,19838,24494,1,4,0.435497,5.9067,Infiltration,CIC-IDS-2018-EXFIL
14/02/2018 08:20:33,443,6,474.06304146682055,2,31,4403,54364,0,5,0.382085,3.3102,Infiltration,CIC-IDS-2018-EXFIL
14/02/2018 08:20:34,3389,17,1390.6812142671467,7,43,7747,63899,1,1,0.858905,4.4591,Infiltration,CIC-IDS-2018-EXFIL
14/02/2018 08:20:35,445,6,544.2724108145298,26,74,11217,68667,0,2,0.475127,4.9221,Infiltration,CIC-IDS-2018-EXFIL
14/02/2018 08:20:36,22,6,4327.974400345149,10,11,10402,10512,3,1,0.331081,4.3819,Infiltration,CIC-IDS-2018-EXFIL
14/02/2018 08:20:37,21,6,3132.1327137194025,12,6,14149,22267,0,1,0.210918,5.9099,Infiltration,CIC-IDS-2018-EXFIL
14/02/2018 08:20:38,21,6,1439.7991302433957,3,20,2980,39107,0,3,0.57374,3.1579,Infiltration,CIC-IDS-2018-EXFIL
14/02/2018 08:20:39,445,6,510.33671416843555,2,11,5117,21738,2,3,0.393513,4.0844,Infiltration,CIC-IDS-2018-EXFIL
14/02/2018 08:20:40,53,6,1985.2107007011582,18,6,4255,9182,1,0,0.373171,5.0354,Infiltration,CIC-IDS-2018-EXFIL
14/02/2018 08:20:41,3389,17,1043.8162402106136,21,24,26837,61591,1,3,0.234735,4.2972,Infiltration,CIC-IDS-2018-EXFIL
14/02/2018 08:20:42,22,6,1122.304928881233,2,60,2328,39520,3,2,0.704645,5.0404,Infiltration,CIC-IDS-2018-EXFIL
14/02/2018 08:20:43,8443,17,1666.0738467806532,3,22,3877,37066,0,3,0.392195,4.6709,Infiltration,CIC-IDS-2018-EXFIL
14/02/2018 08:20:44,22,6,4986.502462772794,16,18,8964,16656,4,3,0.780987,2.7638,PortScan,CIC-IDS-2018-EXFIL
14/02/2018 08:20:45,22,6,1581.102005260509,7,40,5599,126223,0,1,0.667586,4.7485,Infiltration,CIC-IDS-2018-EXFIL
14/02/2018 08:20:46,3389,6,5652.181403910824,11,44,7378,109381,1,3,0.407349,5.2005,Infiltration,CIC-IDS-2018-EXFIL
14/02/2018 08:20:47,8443,6,3789.3353238312793,6,56,6753,45361,1,2,0.436407,3.0084,Infiltration,CIC-IDS-2018-EXFIL
14/02/2018 08:20:48,3389,6,499.9710277554514,30,4,22763,17638,2,1,0.564496,4.5819,Infiltration,CIC-IDS-2018-EXFIL
14/02/2018 08:20:49,445,6,940.8842077507494,32,10,21174,26342,2,0,0.763566,3.4428,Infiltration,CIC-IDS-2018-EXFIL
14/02/2018 08:20:50,21,6,201.6163848963289,20,67,8905,78926,1,3,0.761503,4.9624,Infiltration,CIC-IDS-2018-EXFIL
14/02/2018 08:20:51,53,6,3508.113385628896,8,55,3032,46291,1,1,0.574738,4.3497,Infiltration,CIC-IDS-2018-EXFIL
14/02/2018 08:20:52,21,6,1869.341991556146,20,13,13858,34990,1,3,0.379397,3.9175,Infiltration,CIC-IDS-2018-EXFIL
14/02/2018 08:20:53,443,17,1105.9265569534268,15,16,9443,64,0,3,0.34026,4.3698,Infiltration,CIC-IDS-2018-EXFIL
14/02/2018 08:20:54,443,6,1294.4709772564843,37,4,20861,9260,1,4,0.383793,3.5965,Infiltration,CIC-IDS-2018-EXFIL
14/02/2018 08:20:55,21,6,9608.775074658543,8,11,3035,15345,2,3,0.426408,4.8596,Infiltration,CIC-IDS-2018-EXFIL
14/02/2018 08:20:56,8443,6,749.7120391962577,10,5,13207,7073,1,4,0.157703,5.0988,Infiltration,CIC-IDS-2018-EXFIL
14/02/2018 08:20:57,21,6,1131.9126503720277,8,22,7218,32194,0,4,0.705586,4.0906,Infiltration,CIC-IDS-2018-EXFIL
14/02/2018 08:20:58,8443,6,2854.0453582354075,3,6,2167,15516,0,3,0.27416,4.6649,Infiltration,CIC-IDS-2018-EXFIL
14/02/2018 08:20:59,8443,6,3010.6920533671237,3,10,6462,37835,1,1,0.308416,4.2853,Infiltration,CIC-IDS-2018-EXFIL
14/02/2018 08:21:00,22,6,1021.1533850446947,9,21,6706,23908,0,2,0.321132,4.4002,Infiltration,CIC-IDS-2018-EXFIL
14/02/2018 08:21:01,445,17,267.96809528388167,30,59,29525,41371,2,2,0.320389,3.8262,Infiltration,CIC-IDS-2018-EXFIL
14/02/2018 08:21:02,22,6,1846.4569121924194,21,9,64,21078,0,1,0.595005,4.9579,Infiltration,CIC-IDS-2018-EXFIL
14/02/2018 08:21:03,21,6,3362.785352869276,34,12,18916,31027,0,2,0.345363,3.992,Infiltration,CIC-IDS-2018-EXFIL
14/02/2018 08:21:04,53,6,2989.910661922431,3,23,2872,21352,0,9,0.492029,1.0164,Benign,CIC-IDS-2018-EXFIL
14/02/2018 08:21:05,21,6,150.99811670180534,8,21,10346,42247,0,2,0.742832,5.1583,Infiltration,CIC-IDS-2018-EXFIL
14/02/2018 08:21:06,445,6,6002.4336208464,25,55,6190,41572,0,3,0.491959,4.5377,Infiltration,CIC-IDS-2018-EXFIL
14/02/2018 08:21:07,53,6,3853.617217683878,9,4,6927,9229,1,2,0.341343,5.0426,Infiltration,CIC-IDS-2018-EXFIL
14/02/2018 08:21:08,8443,6,367.5144178102084,15,29,4864,70022,0,2,0.426126,4.0612,Infiltration,CIC-IDS-2018-EXFIL
14/02/2018 08:21:09,21,6,179.1754324635618,10,11,11458,26359,1,1,0.51581,4.1687,Infiltration,CIC-IDS-2018-EXFIL
14/02/2018 08:21:10,445,6,669.2050177987163,22,15,5548,22785,1,0,0.467493,5.2698,Infiltration,CIC-IDS-2018-EXFIL
14/02/2018 08:21:11,443,6,2276.901523709413,49,5,22876,14909,0,3,0.094273,3.1604,Infiltration,CIC-IDS-2018-EXFIL
14/02/2018 08:21:12,80,6,526.7785242192415,15,7,8420,8449,1,1,0.763304,5.0986,Infiltration,CIC-IDS-2018-EXFIL
14/02/2018 08:21:13,80,17,6069.6917279221325,4,57,4487,17454,0,2,0.753032,4.3587,Infiltration,CIC-IDS-2018-EXFIL
14/02/2018 08:21:14,80,6,526.1092732922768,4,4,6058,4627,2,8,0.445147,1.3531,Benign,CIC-IDS-2018-EXFIL
14/02/2018 08:21:15,80,6,4296.605022417439,4,5,3932,22743,0,3,0.431166,3.8915,Infiltration,CIC-IDS-2018-EXFIL
14/02/2018 08:21:16,80,6,6760.558546607127,3,11,3589,21192,3,2,0.409723,2.2591,PortScan,CIC-IDS-2018-EXFIL
14/02/2018 08:21:17,445,17,5874.056179811383,10,57,10793,34822,2,4,0.754024,5.092,Infiltration,CIC-IDS-2018-EXFIL
14/02/2018 08:21:18,443,6,2241.5138912909993,2,10,1648,10550,0,2,0.009438,4.3576,Infiltration,CIC-IDS-2018-EXFIL
14/02/2018 08:21:19,80,6,953.9781084464659,9,22,6583,26335,1,3,0.182207,3.6243,Infiltration,CIC-IDS-2018-EXFIL
14/02/2018 08:21:20,8443,6,1408.3592610471146,17,24,15878,42368,2,0,0.22286,5.7229,Bot,CIC-IDS-2018-EXFIL
14/02/2018 08:21:21,53,17,8160.743207642902,5,18,5325,32752,0,2,0.307044,5.6231,Bot,CIC-IDS-2018-EXFIL
14/02/2018 08:21:22,21,17,3957.9369853037474,35,22,24120,50709,0,1,0.223496,5.8804,Bot,CIC-IDS-2018-EXFIL
14/02/2018 08:21:23,8443,6,3365.8842846740654,17,10,14064,23121,1,7,0.283429,6.7077,Bot,CIC-IDS-2018-EXFIL
14/02/2018 08:21:24,3389,6,6972.617919904484,3,14,64,15794,1,3,0.126175,4.8827,Bot,CIC-IDS-2018-EXFIL
14/02/2018 08:21:25,80,6,651.9092839956431,11,12,9152,35392,3,1,0.0938,6.2102,Bot,CIC-IDS-2018-EXFIL
14/02/2018 08:21:26,443,6,3108.539754771739,9,8,9840,20502,1,1,0.135419,4.3977,Bot,CIC-IDS-2018-EXFIL
14/02/2018 08:21:27,8443,6,666.704468237311,28,11,9024,34451,0,2,0.062101,5.3396,Bot,CIC-IDS-2018-EXFIL
14/02/2018 08:21:28,80,6,5946.659978626683,24,11,8055,25597,0,1,0.282997,5.8817,Bot,CIC-IDS-2018-EXFIL
14/02/2018 08:21:29,80,6,3397.6553777829886,13,16,6863,31870,2,3,0.097637,6.5908,Bot,CIC-IDS-2018-EXFIL
14/02/2018 08:21:30,445,6,2888.5506669459955,42,20,12453,41953,2,8,0.493606,2.1273,Benign,CIC-IDS-2018-EXFIL
14/02/2018 08:21:31,22,6,8309.902431170332,7,33,7269,45205,2,2,0.05736,6.2907,Bot,CIC-IDS-2018-EXFIL
14/02/2018 08:21:32,3389,6,129.84511900919253,6,3,7685,1062,1,2,0.086893,7.2603,Bot,CIC-IDS-2018-EXFIL
14/02/2018 08:21:33,443,6,1726.6410567938894,18,3,15845,14796,1,1,0.009412,4.1381,Bot,CIC-IDS-2018-EXFIL
14/02/2018 08:21:34,443,6,1308.397171957762,6,13,5151,22679,2,2,0.221115,4.9318,Bot,CIC-IDS-2018-EXFIL
14/02/2018 08:21:35,22,6,1743.2298773749146,13,27,5744,48360,0,1,0.336125,3.683,Bot,CIC-IDS-2018-EXFIL
14/02/2018 08:21:36,53,6,1083.6755204031206,41,19,27451,16486,5,2,0.046824,5.6619,Bot,CIC-IDS-2018-EXFIL
14/02/2018 08:21:37,445,17,2783.828149093891,4,8,4884,20720,2,2,0.452941,6.3318,Bot,CIC-IDS-2018-EXFIL
14/02/2018 08:21:38,8443,6,13826.65227335369,11,38,1610,34045,1,5,0.581809,2.8086,Benign,CIC-IDS-2018-EXFIL
14/02/2018 08:21:39,8443,6,3993.035600490216,12,12,7993,52846,1,5,0.248352,0.9243,Benign,CIC-IDS-2018-EXFIL
14/02/2018 08:21:40,8443,6,1264.7006695654138,32,18,12952,20160,1,4,0.126639,7.1288,Bot,CIC-IDS-2018-EXFIL
14/02/2018 08:21:41,445,6,2116.582620118728,41,22,3908,19172,0,11,0.481721,1.7215,Benign,CIC-IDS-2018-EXFIL
14/02/2018 08:21:42,8443,6,11967.16271679469,4,12,1914,29023,1,2,0.008148,5.2862,Bot,CIC-IDS-2018-EXFIL
14/02/2018 08:21:43,80,6,2746.1703725938582,25,5,8001,13314,1,3,0.207792,5.9006,Bot,CIC-IDS-2018-EXFIL
14/02/2018 08:21:44,22,6,4693.058865440454,2,7,3822,10799,0,0,0.343978,5.4934,Bot,CIC-IDS-2018-EXFIL
14/02/2018 08:21:45,443,17,1197.472136613302,10,7,3839,14184,0,1,0.05043,4.9578,Bot,CIC-IDS-2018-EXFIL
14/02/2018 08:21:46,3389,6,7892.473896607486,8,7,4293,8143,1,2,0.021998,6.4825,Bot,CIC-IDS-2018-EXFIL
14/02/2018 08:21:47,445,17,2927.7011564775817,17,4,5527,7036,0,3,0.186451,6.4703,Bot,CIC-IDS-2018-EXFIL
14/02/2018 08:21:48,8443,6,6336.055919963375,10,19,5687,28830,1,0,0.198529,6.6998,Bot,CIC-IDS-2018-EXFIL
14/02/2018 08:21:49,53,6,354.6495423385554,6,23,3679,41226,3,1,0.074141,5.4122,Bot,CIC-IDS-2018-EXFIL
14/02/2018 08:21:50,53,6,679.7207673299257,3,21,4755,41396,1,3,0.072925,6.5632,Bot,CIC-IDS-2018-EXFIL
14/02/2018 08:21:51,22,6,1462.676353695681,12,70,7850,102609,9,4,0.496317,3.3673,PortScan,CIC-IDS-2018-EXFIL
14/02/2018 08:21:52,445,6,4832.464813765797,6,10,5014,24635,0,2,0.39105,7.5188,Bot,CIC-IDS-2018-EXFIL
14/02/2018 08:21:53,22,6,569.0851309164489,6,4,6165,14178,2,1,0.141168,5.8006,Bot,CIC-IDS-2018-EXFIL
14/02/2018 08:21:54,22,6,144.29377879173003,9,42,5084,84103,2,1,0.073991,5.7929,Bot,CIC-IDS-2018-EXFIL
14/02/2018 08:21:55,21,6,11884.293794158286,9,6,6009,27135,1,3,0.292084,7.2606,Bot,CIC-IDS-2018-EXFIL
14/02/2018 08:21:56,80,6,1256.4641457033647,31,30,20154,35442,2,0,0.086399,7.7091,Bot,CIC-IDS-2018-EXFIL
14/02/2018 08:21:57,80,6,452.7063035732699,4,3,4542,15540,1,2,0.360243,6.2049,Bot,CIC-IDS-2018-EXFIL
14/02/2018 08:21:58,8443,6,179.14758006647583,8,27,3526,59508,0,3,0.266507,6.0248,Bot,CIC-IDS-2018-EXFIL
14/02/2018 08:21:59,8443,17,1884.6776054685768,22,5,4943,4439,0,1,0.255942,4.7458,Bot,CIC-IDS-2018-EXFIL
14/02/2018 08:22:00,80,6,5178.342654051492,9,27,11815,14978,1,1,0.004841,5.815,Bot,CIC-IDS-2018-EXFIL
14/02/2018 08:22:01,21,6,582.7757080939432,12,28,5434,49057,2,1,0.058316,6.1352,Bot,CIC-IDS-2018-EXFIL
14/02/2018 08:22:02,80,17,275.915837939633,2,55,4031,21638,1,0,0.058509,6.8012,Bot,CIC-IDS-2018-EXFIL
14/02/2018 08:22:03,445,6,2470.6342976259225,2,8,1713,13379,2,3,0.07241,6.254,Bot,CIC-IDS-2018-EXFIL
14/02/2018 08:22:04,445,6,829.4128834098501,5,3,4945,6448,0,6,0.736502,0.8048,Benign,CIC-IDS-2018-EXFIL
14/02/2018 08:22:05,443,6,2335.692487172532,3,7,884,7765,1,4,0.177261,5.0778,Bot,CIC-IDS-2018-EXFIL
14/02/2018 08:22:06,53,6,115.46036580624147,57,25,6027,26969,0,0,0.214298,4.7418,Bot,CIC-IDS-2018-EXFIL
14/02/2018 08:22:07,3389,17,2341.4026861167317,10,35,13209,64,0,4,0.179951,5.6985,Bot,CIC-IDS-2018-EXFIL
14/02/2018 08:22:08,3389,6,250.9864853022337,10,27,8849,6490,4,1,0.086154,7.2102,Bot,CIC-IDS-2018-EXFIL
14/02/2018 08:22:09,22,17,2789.5729574692855,5,6,3051,19264,1,2,0.161571,5.9818,Bot,CIC-IDS-2018-EXFIL
14/02/2018 08:22:10,80,6,5588.819276053291,6,58,4676,54994,0,2,0.073321,6.3667,Bot,CIC-IDS-2018-EXFIL
14/02/2018 08:22:11,8443,6,8219.415085279168,21,4,19124,8624,1,4,0.272193,5.3622,Bot,CIC-IDS-2018-EXFIL
14/02/2018 08:22:12,445,17,1193.9710090830772,26,2,2332,17213,1,1,0.05671,6.6311,Bot,CIC-IDS-2018-EXFIL
14/02/2018 08:22:13,53,17,377.63135604425196,3,20,1179,64,6,2,0.524766,3.408,PortScan,CIC-IDS-2018-EXFIL
14/02/2018 08:22:14,80,6,6057.72573295033,3,16,2838,17473,2,1,0.038871,5.467,Bot,CIC-IDS-2018-EXFIL
14/02/2018 08:22:15,3389,6,272.5140995454045,8,31,2493,92472,1,1,0.09385,5.6905,Bot,CIC-IDS-2018-EXFIL
14/02/2018 08:22:16,443,17,11745.469836693488,9,12,12927,6864,3,5,0.27389,5.2153,Bot,CIC-IDS-2018-EXFIL
14/02/2018 08:22:17,3389,6,828.1414011243469,36,21,28772,41865,1,1,0.188742,5.3732,Bot,CIC-IDS-2018-EXFIL
14/02/2018 08:22:18,445,6,2300.157473833689,11,46,3101,64,1,3,0.290999,5.7367,Bot,CIC-IDS-2018-EXFIL
14/02/2018 08:22:19,3389,6,2827.133755019748,40,2,16083,16492,2,3,0.321678,3.8717,Bot,CIC-IDS-2018-EXFIL
14/02/2018 08:22:20,22,6,4428.226420268548,15,28,13856,61722,1,2,0.263121,5.9679,Bot,CIC-IDS-2018-EXFIL
14/02/2018 08:22:21,3389,6,659.9076628124299,6,23,5496,26470,0,3,0.088547,4.671,Bot,CIC-IDS-2018-EXFIL
14/02/2018 08:22:22,8443,6,2630.013637568587,2,5,4149,9189,2,2,0.027284,6.4533,Bot,CIC-IDS-2018-EXFIL
14/02/2018 08:22:23,8443,6,5187.060328392635,8,12,3535,44171,2,3,0.155154,5.8915,Bot,CIC-IDS-2018-EXFIL
14/02/2018 08:22:24,8443,6,1965.0287805576936,9,21,11231,26612,2,3,0.036974,4.5086,Bot,CIC-IDS-2018-EXFIL
14/02/2018 08:22:25,443,17,574.5029404872246,29,16,6890,22645,1,8,0.534286,1.26,Benign,CIC-IDS-2018-EXFIL
14/02/2018 08:22:26,445,6,2725.4726407925086,8,10,12183,13106,0,1,0.276895,6.4213,Bot,CIC-IDS-2018-EXFIL
14/02/2018 08:22:27,21,6,1199.4862551156793,6,36,661,109022,0,4,0.159748,6.3369,Bot,CIC-IDS-2018-EXFIL
14/02/2018 08:22:28,53,6,672.5219972634849,15,24,7122,44469,2,0,0.15284,5.5726,Bot,CIC-IDS-2018-EXFIL
14/02/2018 08:22:29,53,6,5155.639288484282,30,68,6099,136248,0,1,0.293516,6.0197,Bot,CIC-IDS-2018-EXFIL
14/02/2018 08:22:30,8443,6,1065.5630765375784,19,7,2958,12262,0,2,0.115773,5.9999,Bot,CIC-IDS-2018-EXFIL
14/02/2018 08:22:31,445,6,1260.2732808608544,21,10,21963,18302,0,3,0.017442,5.1617,Bot,CIC-IDS-2018-EXFIL
14/02/2018 08:22:32,53,6,2550.047798886918,6,11,4686,23783,1,3,0.063789,6.4975,Bot,CIC-IDS-2018-EXFIL
14/02/2018 08:22:33,53,6,2973.9598490548897,11,52,4076,106897,0,10,0.50229,1.6093,Benign,CIC-IDS-2018-EXFIL
14/02/2018 08:22:34,3389,6,2093.8233046167093,10,4,2914,8031,1,1,0.333664,5.5655,Bot,CIC-IDS-2018-EXFIL
14/02/2018 08:22:35,53,6,7840.591306977385,15,53,9932,72574,0,0,0.060902,5.1388,Bot,CIC-IDS-2018-EXFIL
14/02/2018 08:22:36,8443,6,7124.785809022023,16,18,15401,26313,1,0,0.075,5.4565,Bot,CIC-IDS-2018-EXFIL
14/02/2018 08:22:37,8443,6,2467.8079598818217,15,36,1056,71566,2,2,0.029173,5.3924,Bot,CIC-IDS-2018-EXFIL
14/02/2018 08:22:38,445,6,12492.050642562484,9,18,4675,18381,0,2,0.146609,6.0705,Bot,CIC-IDS-2018-EXFIL
14/02/2018 08:22:39,8443,6,16750.603183224008,14,56,10888,147160,0,3,0.160661,4.7639,Bot,CIC-IDS-2018-EXFIL
14/02/2018 08:22:40,8443,6,3780.7566337504645,18,8,4197,31502,2,1,0.143464,6.7616,Data-Exfiltration-DNS,CIC-IDS-2018-EXFIL
14/02/2018 08:22:41,445,6,8522.486257032038,9,4,6674,14018,1,0,0.242572,6.9127,Data-Exfiltration-DNS,CIC-IDS-2018-EXFIL
14/02/2018 08:22:42,445,6,4426.515095379708,11,45,7014,151885,1,2,0.188954,7.3894,Data-Exfiltration-DNS,CIC-IDS-2018-EXFIL
14/02/2018 08:22:43,21,6,4316.154129864445,5,15,10524,24309,0,2,0.045017,5.8792,Data-Exfiltration-DNS,CIC-IDS-2018-EXFIL
14/02/2018 08:22:44,53,6,4417.289011720793,10,15,5509,38311,3,1,0.133538,6.693,Data-Exfiltration-DNS,CIC-IDS-2018-EXFIL
14/02/2018 08:22:45,53,6,6197.071886826119,6,19,4146,53121,2,0,0.063538,7.5711,Data-Exfiltration-DNS,CIC-IDS-2018-EXFIL
14/02/2018 08:22:46,21,6,979.4756632926478,20,5,12839,5931,2,2,0.176828,7.95,Data-Exfiltration-DNS,CIC-IDS-2018-EXFIL
14/02/2018 08:22:47,8443,6,1068.1219187825327,6,34,1703,1163,3,3,0.366307,7.95,Data-Exfiltration-DNS,CIC-IDS-2018-EXFIL
14/02/2018 08:22:48,445,6,3062.426333394592,2,10,2202,6875,2,2,0.023501,7.2365,Data-Exfiltration-DNS,CIC-IDS-2018-EXFIL
14/02/2018 08:22:49,3389,6,5162.061149791329,3,40,3768,7778,2,4,0.038482,6.2024,Data-Exfiltration-DNS,CIC-IDS-2018-EXFIL
14/02/2018 08:22:50,445,6,266.39112717837594,2,3,2420,14571,1,3,0.024651,6.0923,Data-Exfiltration-DNS,CIC-IDS-2018-EXFIL
14/02/2018 08:22:51,22,6,1408.8764910330221,24,2,22048,7984,1,4,0.074205,6.0256,Data-Exfiltration-DNS,CIC-IDS-2018-EXFIL
14/02/2018 08:22:52,8443,6,3148.5366916756298,3,14,3770,7784,6,4,0.609964,2.2153,PortScan,CIC-IDS-2018-EXFIL
14/02/2018 08:22:53,21,6,6191.762428682626,69,28,24597,29149,1,6,0.7632,1.3083,Benign,CIC-IDS-2018-EXFIL
14/02/2018 08:22:54,22,6,4790.914142078235,10,8,8691,9131,5,3,0.125135,6.9916,Data-Exfiltration-DNS,CIC-IDS-2018-EXFIL
14/02/2018 08:22:55,445,6,2412.505163426263,3,7,2970,19659,1,3,0.019946,7.95,Data-Exfiltration-DNS,CIC-IDS-2018-EXFIL
14/02/2018 08:22:56,443,6,2619.3606910318754,10,60,11645,170878,3,2,0.514515,2.2693,PortScan,CIC-IDS-2018-EXFIL
14/02/2018 08:22:57,80,6,4338.334001471592,9,27,4347,53365,1,3,0.399716,5.7287,Data-Exfiltration-DNS,CIC-IDS-2018-EXFIL
14/02/2018 08:22:58,22,6,380.2967931270045,30,9,10520,22058,0,2,0.258651,6.3272,Data-Exfiltration-DNS,CIC-IDS-2018-EXFIL
14/02/2018 08:22:59,21,6,7075.718452652042,16,62,8939,62443,6,1,0.422611,4.2297,PortScan,CIC-IDS-2018-EXFIL
14/02/2018 08:23:00,22,6,1324.526440236531,8,3,5858,10794,2,3,0.217985,7.6747,Data-Exfiltration-DNS,CIC-IDS-2018-EXFIL
14/02/2018 08:23:01,80,6,2088.573974213795,21,9,11236,10192,0,2,0.065661,5.5882,Data-Exfiltration-DNS,CIC-IDS-2018-EXFIL
14/02/2018 08:23:02,80,6,3788.3479749078692,20,6,7852,603,3,2,0.589732,2.1078,PortScan,CIC-IDS-2018-EXFIL
14/02/2018 08:23:03,53,6,601.5335369890315,13,3,17126,14491,0,0,0.18553,7.8303,Data-Exfiltration-DNS,CIC-IDS-2018-EXFIL
14/02/2018 08:23:04,53,6,4179.363716251697,2,34,2504,37046,0,1,0.047728,5.3064,Data-Exfiltration-DNS,CIC-IDS-2018-EXFIL
14/02/2018 08:23:05,3389,6,11726.47483704816,6,22,2608,19669,1,3,0.360436,6.1615,Data-Exfiltration-DNS,CIC-IDS-2018-EXFIL
14/02/2018 08:23:06,443,6,252.05041822696052,9,4,4275,9718,1,3,0.015724,5.8973,Data-Exfiltration-DNS,CIC-IDS-2018-EXFIL
14/02/2018 08:23:07,3389,6,2450.1293800470794,21,21,15783,20771,0,1,0.091323,6.8255,Data-Exfiltration-DNS,CIC-IDS-2018-EXFIL
14/02/2018 08:23:08,443,6,155.23929498795925,45,42,27959,104088,1,4,0.223065,7.1437,Data-Exfiltration-DNS,CIC-IDS-2018-EXFIL
14/02/2018 08:23:09,53,6,8124.24461378354,33,55,16319,25945,1,1,0.126757,6.6495,Data-Exfiltration-DNS,CIC-IDS-2018-EXFIL
14/02/2018 08:23:10,445,17,439.6036602082617,2,6,1347,14546,4,3,0.070119,5.6694,Data-Exfiltration-DNS,CIC-IDS-2018-EXFIL
14/02/2018 08:23:11,22,6,685.367759676064,7,20,5104,27955,2,3,0.009469,5.2625,Data-Exfiltration-DNS,CIC-IDS-2018-EXFIL
14/02/2018 08:23:12,21,6,863.0330293481384,2,38,1468,67733,0,0,0.480185,7.6531,Data-Exfiltration-DNS,CIC-IDS-2018-EXFIL
14/02/2018 08:23:13,445,6,271.72029964005924,4,73,2725,105976,1,1,0.66456,7.724,Data-Exfiltration-DNS,CIC-IDS-2018-EXFIL
14/02/2018 08:23:14,3389,6,448.85649244845393,7,12,2379,24275,1,4,0.141608,6.5397,Data-Exfiltration-DNS,CIC-IDS-2018-EXFIL
14/02/2018 08:23:15,53,6,105.29010855889547,24,12,25059,22498,2,1,0.441764,6.8972,Data-Exfiltration-DNS,CIC-IDS-2018-EXFIL
14/02/2018 08:23:16,53,6,2254.8167049285335,9,40,5331,113999,0,9,0.815481,0.5,Benign,CIC-IDS-2018-EXFIL
14/02/2018 08:23:17,21,6,638.6486966866428,21,41,14437,45505,0,0,0.409532,7.95,Data-Exfiltration-DNS,CIC-IDS-2018-EXFIL
14/02/2018 08:23:18,22,6,9291.151956533356,5,4,5304,16514,1,2,0.101829,7.95,Data-Exfiltration-DNS,CIC-IDS-2018-EXFIL
14/02/2018 08:23:19,3389,6,3233.718423005982,2,7,5711,16773,2,0,0.07109,7.7716,Data-Exfiltration-DNS,CIC-IDS-2018-EXFIL
14/02/2018 08:23:20,8443,6,2792.759012029948,4,47,2786,64,0,4,0.189718,5.5016,Data-Exfiltration-DNS,CIC-IDS-2018-EXFIL
14/02/2018 08:23:21,80,6,6574.642396980476,3,32,5183,10401,3,2,0.397156,2.0121,PortScan,CIC-IDS-2018-EXFIL
14/02/2018 08:23:22,80,6,6749.662525127956,18,20,9194,39935,5,1,0.295215,6.354,Data-Exfiltration-DNS,CIC-IDS-2018-EXFIL
14/02/2018 08:23:23,21,6,2064.3665417267257,2,61,2285,45136,0,3,0.120742,7.7039,Data-Exfiltration-DNS,CIC-IDS-2018-EXFIL
14/02/2018 08:23:24,21,6,3354.7007230935583,11,32,11496,58909,1,0,0.140659,6.3777,Data-Exfiltration-DNS,CIC-IDS-2018-EXFIL
14/02/2018 08:23:25,3389,6,430.22304391179983,7,16,3106,30146,1,2,0.002226,7.3107,Data-Exfiltration-DNS,CIC-IDS-2018-EXFIL
14/02/2018 08:23:26,80,6,500.9492997513699,6,32,5614,11934,0,1,0.065594,6.9908,Data-Exfiltration-DNS,CIC-IDS-2018-EXFIL
14/02/2018 08:23:27,22,6,2043.8898308214987,3,27,4347,2112,1,3,0.057062,7.4557,Data-Exfiltration-DNS,CIC-IDS-2018-EXFIL
14/02/2018 08:23:28,445,6,4790.0194860309675,56,4,32624,13615,0,3,0.247691,6.5523,Data-Exfiltration-DNS,CIC-IDS-2018-EXFIL
14/02/2018 08:23:29,53,6,3037.114002353074,19,12,7740,27330,0,3,0.190782,7.95,Data-Exfiltration-DNS,CIC-IDS-2018-EXFIL
14/02/2018 08:23:30,22,6,8808.062468002287,30,8,24964,17115,2,1,0.297262,6.2767,Data-Exfiltration-DNS,CIC-IDS-2018-EXFIL
14/02/2018 08:23:31,443,6,4391.958002598905,24,63,13650,211145,4,3,0.526132,1.6731,PortScan,CIC-IDS-2018-EXFIL
14/02/2018 08:23:32,443,6,4585.3356483150665,33,13,15635,32815,0,1,0.142268,7.0623,Data-Exfiltration-DNS,CIC-IDS-2018-EXFIL
14/02/2018 08:23:33,443,6,5735.502033376389,7,4,4187,10348,12,3,0.347602,1.8705,PortScan,CIC-IDS-2018-EXFIL
14/02/2018 08:23:34,22,6,6442.536263385609,9,35,4679,74024,0,1,0.192617,7.7972,Data-Exfiltration-DNS,CIC-IDS-2018-EXFIL
14/02/2018 08:23:35,53,6,501.24948668942994,6,22,801,51621,1,3,0.326245,6.7531,Data-Exfiltration-DNS,CIC-IDS-2018-EXFIL
14/02/2018 08:23:36,443,6,3544.9764287278003,12,16,64,47727,1,0,0.041954,7.2784,Data-Exfiltration-DNS,CIC-IDS-2018-EXFIL
14/02/2018 08:23:37,445,17,1289.667668392887,4,6,8779,25000,0,0,0.276169,6.0925,Data-Exfiltration-DNS,CIC-IDS-2018-EXFIL
14/02/2018 08:23:38,3389,6,3279.8835892522407,15,9,10001,17335,0,2,0.19509,7.025,Data-Exfiltration-DNS,CIC-IDS-2018-EXFIL
14/02/2018 08:23:39,8443,6,104.2665564900855,13,15,3234,15404,1,3,0.132059,6.9766,Data-Exfiltration-DNS,CIC-IDS-2018-EXFIL
14/02/2018 08:23:40,53,17,3712.684249756151,5,12,5141,12414,2,2,0.30655,7.1678,Data-Exfiltration-DNS,CIC-IDS-2018-EXFIL
14/02/2018 08:23:41,8443,6,4192.166149600469,13,7,10641,5515,2,1,0.0204,6.1734,Data-Exfiltration-DNS,CIC-IDS-2018-EXFIL
14/02/2018 08:23:42,80,6,453.13722789497353,17,7,17652,15501,1,1,0.260304,6.7525,Data-Exfiltration-DNS,CIC-IDS-2018-EXFIL
14/02/2018 08:23:43,21,6,593.3446576301014,6,9,4821,41796,0,1,0.057463,7.763,Data-Exfiltration-DNS,CIC-IDS-2018-EXFIL
14/02/2018 08:23:44,53,6,1463.7788020710482,17,9,10432,19048,1,3,0.005906,7.4414,Data-Exfiltration-DNS,CIC-IDS-2018-EXFIL
14/02/2018 08:23:45,53,6,1935.2505035233205,14,10,9708,19827,2,7,0.489981,1.3742,Benign,CIC-IDS-2018-EXFIL
14/02/2018 08:23:46,3389,6,1364.9560844545422,15,28,7676,46830,0,4,0.095436,7.95,Data-Exfiltration-DNS,CIC-IDS-2018-EXFIL
14/02/2018 08:23:47,53,6,5751.651442704391,9,16,9160,30187,0,2,0.246891,7.9098,Data-Exfiltration-DNS,CIC-IDS-2018-EXFIL
14/02/2018 08:23:48,445,6,5309.843861903214,3,22,3815,64,5,1,0.24708,3.0055,PortScan,CIC-IDS-2018-EXFIL
14/02/2018 08:23:49,22,6,1990.327479284426,3,13,4447,30235,0,1,0.145321,5.8301,Data-Exfiltration-DNS,CIC-IDS-2018-EXFIL
14/02/2018 08:23:50,22,6,3066.2614512989576,15,11,6399,27590,0,1,0.235134,7.1448,Data-Exfiltration-DNS,CIC-IDS-2018-EXFIL
14/02/2018 08:23:51,3389,6,3287.9253595292375,87,15,37095,37492,2,2,0.130503,7.95,Data-Exfiltration-DNS,CIC-IDS-2018-EXFIL
14/02/2018 08:23:52,22,17,2589.9787270321376,5,22,5126,40746,0,13,0.239916,1.2661,Benign,CIC-IDS-2018-EXFIL
14/02/2018 08:23:53,80,6,5207.42007422417,5,10,6840,14358,0,1,0.054952,7.5226,Data-Exfiltration-DNS,CIC-IDS-2018-EXFIL
14/02/2018 08:23:54,443,6,11073.364673375569,4,64,4420,56848,3,1,0.381172,2.5446,PortScan,CIC-IDS-2018-EXFIL
14/02/2018 08:23:55,53,17,12383.46292188997,24,2,20207,17103,0,5,0.231867,7.95,Data-Exfiltration-DNS,CIC-IDS-2018-EXFIL
14/02/2018 08:23:56,21,6,6056.957571628072,4,42,3821,61901,0,1,0.052227,5.8753,Data-Exfiltration-DNS,CIC-IDS-2018-EXFIL
14/02/2018 08:23:57,21,17,3289.8212776981923,9,15,1656,30110,6,0,0.540405,2.2466,PortScan,CIC-IDS-2018-EXFIL
14/02/2018 08:23:58,445,17,1113.9515626478524,13,27,12887,21727,1,6,0.083407,6.1716,Data-Exfiltration-DNS,CIC-IDS-2018-EXFIL
14/02/2018 08:23:59,53,6,3042.630392036533,16,8,12163,5879,1,2,0.050384,6.8181,Data-Exfiltration-DNS,CIC-IDS-2018-EXFIL
14/02/2018 08:24:00,80,6,7597.484143405651,25,3,9248,13969,1,11,0.399697,0.6333,Benign,CIC-IDS-2018-EXFIL
14/02/2018 08:24:01,443,6,7799.212528211528,8,23,5657,64,3,6,0.173799,0.9963,Benign,CIC-IDS-2018-EXFIL
14/02/2018 08:24:02,22,6,5397.508742258612,3,12,4084,5659,2,9,0.324034,0.7375,Benign,CIC-IDS-2018-EXFIL
14/02/2018 08:24:03,8443,6,659.2124411840866,5,56,1233,95811,0,5,0.446087,1.5943,Benign,CIC-IDS-2018-EXFIL
14/02/2018 08:24:04,53,6,2274.5867389224895,12,9,5679,30633,2,10,0.321177,1.4222,Benign,CIC-IDS-2018-EXFIL
14/02/2018 08:24:05,80,6,785.7310811927108,15,79,64,8881,2,9,0.178582,2.2938,Benign,CIC-IDS-2018-EXFIL
14/02/2018 08:24:06,21,17,893.0541175203047,28,20,16459,64822,0,2,0.181843,1.5588,Benign,CIC-IDS-2018-EXFIL
14/02/2018 08:24:07,445,6,4870.479089383514,4,21,7065,13782,1,9,0.413596,1.3482,Benign,CIC-IDS-2018-EXFIL
14/02/2018 08:24:08,3389,17,4550.9938176035685,33,3,23640,4470,6,2,0.779498,2.4595,PortScan,CIC-IDS-2018-EXFIL
14/02/2018 08:24:09,3389,6,1987.1784869376738,11,16,4924,26651,1,6,0.395967,3.1116,Benign,CIC-IDS-2018-EXFIL
14/02/2018 08:24:10,22,6,2682.712963011895,3,16,4755,49437,0,4,0.424301,0.565,Benign,CIC-IDS-2018-EXFIL
14/02/2018 08:24:11,443,6,17439.98190487827,7,26,3182,31555,0,9,0.168507,1.3435,Benign,CIC-IDS-2018-EXFIL
14/02/2018 08:24:12,22,6,2191.2588853135826,2,11,4634,17861,4,9,0.450129,0.7235,Benign,CIC-IDS-2018-EXFIL
14/02/2018 08:24:13,445,17,4570.766358798285,12,6,11135,16327,12,1,0.331703,0.8963,PortScan,CIC-IDS-2018-EXFIL
14/02/2018 08:24:14,3389,17,1077.5298391583635,35,11,64,17424,1,8,0.219554,0.8951,Benign,CIC-IDS-2018-EXFIL
14/02/2018 08:24:15,8443,6,3249.8007283386933,6,34,2429,53570,3,8,0.420252,1.9387,Benign,CIC-IDS-2018-EXFIL
14/02/2018 08:24:16,80,6,7103.90386976281,51,38,1369,50895,2,7,0.357801,0.9562,Benign,CIC-IDS-2018-EXFIL
14/02/2018 08:24:17,53,6,1141.505317089849,22,48,6378,76965,0,7,0.506871,0.7575,Benign,CIC-IDS-2018-EXFIL
14/02/2018 08:24:18,80,6,516.0086681007493,8,20,5010,24492,2,6,0.511214,0.7068,Benign,CIC-IDS-2018-EXFIL
14/02/2018 08:24:19,21,6,3329.2843422646233,16,22,8475,39885,0,7,0.196532,1.4182,Benign,CIC-IDS-2018-EXFIL
14/02/2018 08:24:20,22,6,800.7363687765377,57,20,31168,24090,2,14,0.369533,1.102,Benign,CIC-IDS-2018-EXFIL
14/02/2018 08:24:21,80,6,1524.9807999419486,5,6,6102,15377,1,9,0.097477,2.143,Benign,CIC-IDS-2018-EXFIL
14/02/2018 08:24:22,8443,6,866.4492416986617,9,3,13339,11376,0,15,0.492172,0.5,Benign,CIC-IDS-2018-EXFIL
14/02/2018 08:24:23,80,6,5328.248730393238,22,8,15921,28725,0,7,0.20001,1.2354,Benign,CIC-IDS-2018-EXFIL
14/02/2018 08:24:24,445,6,2722.410863134669,20,8,13623,18609,6,2,0.249054,1.8478,PortScan,CIC-IDS-2018-EXFIL
14/02/2018 08:24:25,22,6,258.7770028013492,11,10,3864,33406,0,7,0.410825,0.5,Benign,CIC-IDS-2018-EXFIL
14/02/2018 08:24:26,8443,17,2745.710473205074,16,70,23511,114681,1,9,0.515661,1.0425,Benign,CIC-IDS-2018-EXFIL
14/02/2018 08:24:27,21,6,375.3556234803505,29,37,17188,10806,0,8,0.454346,1.6245,Benign,CIC-IDS-2018-EXFIL
14/02/2018 08:24:28,21,6,2416.5613257589284,5,40,6013,103442,0,9,0.491611,1.2149,Benign,CIC-IDS-2018-EXFIL
14/02/2018 08:24:29,3389,17,2171.548549118952,16,42,10054,71358,0,5,0.429865,1.387,Benign,CIC-IDS-2018-EXFIL
14/02/2018 08:24:30,445,6,2472.2409131963373,18,18,9646,30394,0,11,0.50557,1.1821,Benign,CIC-IDS-2018-EXFIL
14/02/2018 08:24:31,22,6,6325.305324668512,4,13,5102,20148,2,5,0.508269,2.8251,Benign,CIC-IDS-2018-EXFIL
14/02/2018 08:24:32,22,6,776.726359478537,2,46,2471,15419,1,8,0.200452,1.9648,Benign,CIC-IDS-2018-EXFIL
14/02/2018 08:24:33,445,6,7260.712503368321,2,15,601,32211,1,8,0.743812,2.2925,Benign,CIC-IDS-2018-EXFIL
14/02/2018 08:24:34,443,6,3961.3686691870394,18,22,5842,45830,0,6,0.45467,0.5,Benign,CIC-IDS-2018-EXFIL
14/02/2018 08:24:35,21,6,5266.330623053341,16,16,10221,49432,3,9,0.437268,1.1011,Benign,CIC-IDS-2018-EXFIL
14/02/2018 08:24:36,80,6,994.4176288395987,10,7,4815,6399,2,11,0.062283,0.9118,Benign,CIC-IDS-2018-EXFIL
14/02/2018 08:24:37,21,17,8155.707175699886,13,5,3751,8899,2,8,0.233409,0.5,Benign,CIC-IDS-2018-EXFIL
14/02/2018 08:24:38,3389,6,844.2983230242658,10,2,3607,7673,1,11,0.208095,0.5,Benign,CIC-IDS-2018-EXFIL
14/02/2018 08:24:39,22,6,1316.151905159396,31,17,29545,29597,1,6,0.184503,1.6063,Benign,CIC-IDS-2018-EXFIL
14/02/2018 08:24:40,8443,17,7044.80250909015,21,3,2680,17707,8,3,0.457941,2.4113,PortScan,CIC-IDS-2018-EXFIL
14/02/2018 08:24:41,3389,6,5846.219231117166,2,4,5743,25836,0,6,0.515138,1.0457,Benign,CIC-IDS-2018-EXFIL
14/02/2018 08:24:42,22,6,536.806891739156,7,24,6493,61808,0,7,0.079491,1.4586,Benign,CIC-IDS-2018-EXFIL
14/02/2018 08:24:43,21,6,176.53573668301948,4,19,3023,32920,1,8,0.711024,0.9573,Benign,CIC-IDS-2018-EXFIL
14/02/2018 08:24:44,445,6,4481.561028582172,13,20,12057,67174,6,2,0.351235,2.1145,PortScan,CIC-IDS-2018-EXFIL
14/02/2018 08:24:45,21,17,4365.133072606443,11,6,7311,24124,1,5,0.8308,0.5,Benign,CIC-IDS-2018-EXFIL
14/02/2018 08:24:46,80,6,2810.0918569179807,5,3,4705,1722,1,11,0.231765,1.6464,Benign,CIC-IDS-2018-EXFIL
14/02/2018 08:24:47,21,6,3730.3444659684264,7,10,5825,22029,1,3,0.166944,0.5,Benign,CIC-IDS-2018-EXFIL
14/02/2018 08:24:48,80,6,1594.0047101843475,7,8,7363,16839,0,11,0.523441,0.5,Benign,CIC-IDS-2018-EXFIL
14/02/2018 08:24:49,445,6,12697.93128006912,4,15,6682,22214,0,7,0.190764,1.3858,Benign,CIC-IDS-2018-EXFIL
14/02/2018 08:24:50,21,6,4170.9135497784055,5,10,5924,10845,2,11,0.473612,2.8024,Benign,CIC-IDS-2018-EXFIL
14/02/2018 08:24:51,80,6,2246.654540448671,6,30,3249,43869,0,0,0.23818,0.7345,Benign,CIC-IDS-2018-EXFIL
14/02/2018 08:24:52,80,17,513.7031107153148,26,8,30981,17472,2,8,0.52128,0.5,Benign,CIC-IDS-2018-EXFIL
14/02/2018 08:24:53,443,6,6754.800428992381,19,2,7376,7667,1,9,0.513994,0.789,Benign,CIC-IDS-2018-EXFIL
14/02/2018 08:24:54,80,6,191.19956736076318,3,51,1013,91952,1,5,0.317534,1.5343,Benign,CIC-IDS-2018-EXFIL
14/02/2018 08:24:55,445,6,563.8178985994721,2,7,6253,18742,2,7,0.410204,0.5,Benign,CIC-IDS-2018-EXFIL
14/02/2018 08:24:56,443,6,1716.4581666417873,10,9,12633,6332,2,13,0.543907,1.8278,Benign,CIC-IDS-2018-EXFIL
14/02/2018 08:24:57,443,6,15683.561986759425,11,5,3717,12388,2,12,0.628425,1.0961,Benign,CIC-IDS-2018-EXFIL
14/02/2018 08:24:58,22,6,3024.2846745515058,8,20,3218,55932,3,4,0.486924,0.8844,Benign,CIC-IDS-2018-EXFIL
14/02/2018 08:24:59,22,6,946.9302803397911,2,27,4166,18221,2,8,0.443646,0.8164,Benign,CIC-IDS-2018-EXFIL
14/02/2018 08:25:00,21,17,718.5288378517084,8,8,6554,6573,1,4,0.482963,1.6167,Benign,CIC-IDS-2018-EXFIL
14/02/2018 08:25:01,53,6,4195.498583498514,13,7,1389,16972,0,9,0.32659,2.3362,Benign,CIC-IDS-2018-EXFIL
14/02/2018 08:25:02,8443,6,950.9738679329074,14,22,6273,36443,0,11,0.462857,2.2591,Benign,CIC-IDS-2018-EXFIL
14/02/2018 08:25:03,80,6,849.4796737721398,21,28,9213,41875,1,7,0.328784,2.0058,Benign,CIC-IDS-2018-EXFIL
14/02/2018 08:25:04,443,6,2546.114312566134,10,5,7526,13621,1,4,0.32485,1.7297,Benign,CIC-IDS-2018-EXFIL
14/02/2018 08:25:05,22,6,802.898515821557,2,27,4676,11487,1,6,0.609053,2.229,Benign,CIC-IDS-2018-EXFIL
14/02/2018 08:25:06,22,6,3052.0252705852363,6,28,6198,87634,1,4,0.316689,1.8834,Benign,CIC-IDS-2018-EXFIL
14/02/2018 08:25:07,53,6,1085.597773185259,24,6,4751,12538,1,10,0.418342,0.7942,Benign,CIC-IDS-2018-EXFIL
14/02/2018 08:25:08,21,6,7768.540969940464,2,4,3313,9673,5,6,0.63991,1.6877,Benign,CIC-IDS-2018-EXFIL
14/02/2018 08:25:09,445,6,7677.7176567508595,7,19,1955,28816,2,4,0.693722,0.7569,Benign,CIC-IDS-2018-EXFIL
14/02/2018 08:25:10,3389,6,303.9149546950068,7,5,11564,14908,0,6,0.624238,1.933,Benign,CIC-IDS-2018-EXFIL
14/02/2018 08:25:11,3389,6,676.0379512683047,18,22,19696,20112,0,9,0.431963,1.6384,Benign,CIC-IDS-2018-EXFIL
14/02/2018 08:25:12,8443,6,1974.6859887863939,19,34,5839,64,3,8,0.310824,1.1169,Benign,CIC-IDS-2018-EXFIL
14/02/2018 08:25:13,443,17,2331.736698763256,37,10,36830,23347,1,6,0.230845,1.6863,Benign,CIC-IDS-2018-EXFIL
14/02/2018 08:25:14,445,6,2983.676322963508,39,10,1011,19827,2,10,0.553993,1.0115,Benign,CIC-IDS-2018-EXFIL
14/02/2018 08:25:15,22,6,1373.0089291846803,13,7,11039,20341,0,5,0.358067,1.311,Benign,CIC-IDS-2018-EXFIL
14/02/2018 08:25:16,53,6,2831.8606032298744,3,13,2418,16042,4,9,0.226076,1.6548,Benign,CIC-IDS-2018-EXFIL
14/02/2018 08:25:17,53,6,5449.227744374604,3,92,3599,186103,1,6,0.467759,1.1833,Benign,CIC-IDS-2018-EXFIL
14/02/2018 08:25:18,80,6,707.1098994995042,20,46,19233,60071,4,5,0.37445,2.4614,Benign,CIC-IDS-2018-EXFIL
14/02/2018 08:25:19,80,6,4412.412535202559,3,22,2667,26260,1,8,0.540091,0.5332,Benign,CIC-IDS-2018-EXFIL
14/02/2018 08:25:20,80,6,1188.4909752319395,4,14,6305,18800,3,0,0.043465,1.5169,PortScan,CIC-IDS-2018-EXFIL
14/02/2018 08:25:21,3389,6,7093.097691681352,17,53,17677,52691,4,0,0.420075,2.8067,PortScan,CIC-IDS-2018-EXFIL
14/02/2018 08:25:22,53,6,3857.6694165629056,26,5,8292,12080,6,1,0.310264,3.2382,PortScan,CIC-IDS-2018-EXFIL
14/02/2018 08:25:23,80,6,1118.7049510250208,3,2,7470,3639,6,1,0.540254,2.1902,PortScan,CIC-IDS-2018-EXFIL
14/02/2018 08:25:24,80,6,4982.462785344639,9,126,5954,180844,6,4,0.088695,1.8698,PortScan,CIC-IDS-2018-EXFIL
14/02/2018 08:25:25,445,6,258.503948783209,5,13,4015,17739,2,2,0.349305,0.7626,Benign,CIC-IDS-2018-EXFIL
14/02/2018 08:25:26,443,6,2063.1327046009014,5,6,8364,13243,6,4,0.454361,3.5208,PortScan,CIC-IDS-2018-EXFIL
14/02/2018 08:25:27,80,17,6351.081667042215,3,44,5109,24316,6,0,0.232609,0.6815,PortScan,CIC-IDS-2018-EXFIL
14/02/2018 08:25:28,443,17,3744.576832434713,8,11,3074,10329,4,1,0.470884,2.4379,PortScan,CIC-IDS-2018-EXFIL
14/02/2018 08:25:29,443,6,2450.9937122248643,5,62,6109,81103,6,4,0.499294,3.6976,PortScan,CIC-IDS-2018-EXFIL
14/02/2018 08:25:30,22,6,5030.687085783569,18,31,2325,54538,5,1,0.791467,1.9273,PortScan,CIC-IDS-2018-EXFIL
14/02/2018 08:25:31,22,6,10192.849785899927,9,19,6928,5925,6,4,0.442427,1.8197,PortScan,CIC-IDS-2018-EXFIL
14/02/2018 08:25:32,8443,17,8517.077339793943,42,20,29771,41649,10,2,0.478876,1.9927,PortScan,CIC-IDS-2018-EXFIL
14/02/2018 08:25:33,21,6,7140.12609375965,6,29,5318,38606,1,13,0.377087,1.9322,Benign,CIC-IDS-2018-EXFIL
14/02/2018 08:25:34,445,6,3534.6867605656807,10,6,4112,17509,4,1,0.559243,0.6963,PortScan,CIC-IDS-2018-EXFIL
14/02/2018 08:25:35,53,6,351.4088230077624,14,32,6943,69456,2,0,0.13809,2.738,PortScan,CIC-IDS-2018-EXFIL
14/02/2018 08:25:36,21,6,2785.2109974637096,3,8,3921,14702,7,1,0.342268,1.3633,PortScan,CIC-IDS-2018-EXFIL
14/02/2018 08:25:37,80,6,3853.4509084884844,3,15,5921,18515,5,0,0.228991,2.6449,PortScan,CIC-IDS-2018-EXFIL
14/02/2018 08:25:38,80,6,2338.733276990817,11,3,7784,6623,2,3,0.712772,1.2114,PortScan,CIC-IDS-2018-EXFIL
14/02/2018 08:25:39,21,6,2802.868194425716,3,12,5467,64,5,0,0.54909,2.6219,PortScan,CIC-IDS-2018-EXFIL
14/02/2018 08:25:40,22,6,2005.086808309298,8,19,6902,37589,4,1,0.700013,2.247,PortScan,CIC-IDS-2018-EXFIL
14/02/2018 08:25:41,443,6,2560.0424779843875,5,49,4531,100573,7,4,0.351522,3.1068,PortScan,CIC-IDS-2018-EXFIL
14/02/2018 08:25:42,22,6,1015.9641420068657,10,8,7572,18921,4,6,0.488196,1.5927,PortScan,CIC-IDS-2018-EXFIL
14/02/2018 08:25:43,80,6,998.0975553272814,24,62,18206,116713,1,7,0.69158,1.5684,Benign,CIC-IDS-2018-EXFIL
14/02/2018 08:25:44,8443,6,5265.93116535607,4,27,7836,42056,8,1,0.605863,2.8581,PortScan,CIC-IDS-2018-EXFIL
14/02/2018 08:25:45,80,17,7807.119002973121,3,23,2383,44002,6,5,0.448009,2.439,PortScan,CIC-IDS-2018-EXFIL
14/02/2018 08:25:46,80,6,1260.8618734215029,3,48,3182,62192,9,0,0.390052,2.4694,PortScan,CIC-IDS-2018-EXFIL
14/02/2018 08:25:47,3389,17,652.7072849546688,4,45,5396,41250,6,2,0.639263,1.5224,PortScan,CIC-IDS-2018-EXFIL
14/02/2018 08:25:48,8443,6,770.804541619671,16,29,15694,14596,2,2,0.462156,2.2219,PortScan,CIC-IDS-2018-EXFIL
14/02/2018 08:25:49,443,6,5387.1780474415655,2,54,3152,71840,9,2,0.766687,2.7287,PortScan,CIC-IDS-2018-EXFIL
14/02/2018 08:25:50,445,6,1107.2247440152073,45,13,23804,16019,3,11,0.502802,0.5,Benign,CIC-IDS-2018-EXFIL
14/02/2018 08:25:51,445,6,5394.458279061437,6,17,1985,28007,11,3,0.495281,2.5242,PortScan,CIC-IDS-2018-EXFIL
14/02/2018 08:25:52,8443,17,1496.3869289895572,7,14,7555,19026,3,2,0.265253,2.2227,PortScan,CIC-IDS-2018-EXFIL
14/02/2018 08:25:53,53,17,1682.6283921926529,21,6,22148,19107,6,3,0.567442,2.5899,PortScan,CIC-IDS-2018-EXFIL
14/02/2018 08:25:54,80,6,2442.621960587086,43,62,19515,64,4,2,0.564444,2.4533,PortScan,CIC-IDS-2018-EXFIL
14/02/2018 08:25:55,8443,6,11023.41759822756,8,23,5034,25709,5,0,0.247946,2.9733,PortScan,CIC-IDS-2018-EXFIL
14/02/2018 08:25:56,80,6,306.3979332793249,5,28,6970,42278,5,4,0.509138,1.4225,PortScan,CIC-IDS-2018-EXFIL
14/02/2018 08:25:57,80,6,1991.638358843685,2,49,1487,68486,8,4,0.133823,3.1146,PortScan,CIC-IDS-2018-EXFIL
14/02/2018 08:25:58,3389,6,1382.868479470759,8,8,3371,19823,8,0,0.464124,4.252,PortScan,CIC-IDS-2018-EXFIL
14/02/2018 08:25:59,80,6,1723.6902210631179,3,15,5695,41748,8,1,0.241512,1.5956,PortScan,CIC-IDS-2018-EXFIL
14/02/2018 08:26:00,443,6,259.5685068875307,25,8,14059,6042,9,1,0.366033,3.8192,PortScan,CIC-IDS-2018-EXFIL
14/02/2018 08:26:01,8443,6,2201.660489970776,9,24,14055,18076,6,0,0.332706,2.7354,PortScan,CIC-IDS-2018-EXFIL
14/02/2018 08:26:02,8443,6,2094.1199364731538,9,3,6145,7935,3,0,0.570328,3.6252,PortScan,CIC-IDS-2018-EXFIL
14/02/2018 08:26:03,443,17,2264.575987134357,24,7,7672,23857,1,2,0.53719,2.0062,PortScan,CIC-IDS-2018-EXFIL
14/02/2018 08:26:04,22,6,10195.230405505634,17,31,18992,67723,7,3,0.649165,2.2625,PortScan,CIC-IDS-2018-EXFIL
14/02/2018 08:26:05,53,6,2338.24026793876,42,19,14331,48959,10,2,0.256169,2.3921,PortScan,CIC-IDS-2018-EXFIL
14/02/2018 08:26:06,21,6,9836.323151485249,6,17,7770,43992,8,1,0.733038,1.5592,PortScan,CIC-IDS-2018-EXFIL
14/02/2018 08:26:07,80,17,4024.3782245007897,13,74,4431,52796,3,1,0.411465,4.0227,PortScan,CIC-IDS-2018-EXFIL
14/02/2018 08:26:08,53,6,1248.8711267343556,3,36,1395,86841,4,3,0.220637,3.2201,PortScan,CIC-IDS-2018-EXFIL
14/02/2018 08:26:09,445,6,2459.8742227288526,13,29,12992,25076,7,0,0.391577,2.6932,PortScan,CIC-IDS-2018-EXFIL
14/02/2018 08:26:10,443,6,14091.862396400924,5,3,7160,12075,5,0,0.666784,2.122,PortScan,CIC-IDS-2018-EXFIL
14/02/2018 08:26:11,443,6,138.3803062453067,52,45,23658,61247,5,1,0.181271,1.8202,PortScan,CIC-IDS-2018-EXFIL
14/02/2018 08:26:12,443,6,6650.2487812417285,17,4,15805,17174,8,1,0.2782,1.8067,PortScan,CIC-IDS-2018-EXFIL
14/02/2018 08:26:13,443,6,2257.6073354823957,47,31,8982,18857,8,1,0.57002,3.1623,PortScan,CIC-IDS-2018-EXFIL
14/02/2018 08:26:14,53,6,13881.820825691873,8,14,6335,34695,13,2,0.530155,1.5296,PortScan,CIC-IDS-2018-EXFIL
14/02/2018 08:26:15,80,6,1176.070433848254,25,11,18628,26229,7,0,0.571757,2.7772,PortScan,CIC-IDS-2018-EXFIL
14/02/2018 08:26:16,443,6,5217.466645830539,2,56,4125,166192,4,2,0.185402,3.8538,PortScan,CIC-IDS-2018-EXFIL
14/02/2018 08:26:17,3389,6,211.68239967559919,4,25,835,8935,5,2,0.222502,3.6357,PortScan,CIC-IDS-2018-EXFIL
14/02/2018 08:26:18,8443,6,3601.3001180047218,2,14,2893,26031,2,9,0.402938,0.5,Benign,CIC-IDS-2018-EXFIL
14/02/2018 08:26:19,3389,6,148.31827887807208,5,8,5821,17810,2,4,0.164916,1.4062,PortScan,CIC-IDS-2018-EXFIL
14/02/2018 08:26:20,21,6,1817.2589908918828,15,3,15815,11684,10,1,0.43698,1.1577,PortScan,CIC-IDS-2018-EXFIL
14/02/2018 08:26:21,3389,17,271.0359689749789,36,21,6966,41521,8,1,0.225836,1.2573,PortScan,CIC-IDS-2018-EXFIL
14/02/2018 08:26:22,443,6,474.2043147838653,13,3,3688,5862,7,3,0.150088,2.436,PortScan,CIC-IDS-2018-EXFIL
14/02/2018 08:26:23,445,6,713.6742772319425,9,10,8463,32329,6,3,0.466175,2.1553,PortScan,CIC-IDS-2018-EXFIL
14/02/2018 08:26:24,21,6,6356.322848721172,2,2,6162,6323,9,2,0.786797,2.4887,PortScan,CIC-IDS-2018-EXFIL
14/02/2018 08:26:25,3389,6,1379.8014122370244,45,16,23984,45611,4,1,0.482614,1.8098,PortScan,CIC-IDS-2018-EXFIL
14/02/2018 08:26:26,22,6,11648.816460196937,13,8,10600,16672,5,0,0.25773,3.1039,PortScan,CIC-IDS-2018-EXFIL
14/02/2018 08:26:27,22,17,1252.1204728944674,18,11,7229,16903,4,3,0.317117,1.4883,PortScan,CIC-IDS-2018-EXFIL
14/02/2018 08:26:28,80,6,232.0499155491913,21,29,18893,71488,2,5,0.541036,2.3192,PortScan,CIC-IDS-2018-EXFIL
14/02/2018 08:26:29,21,17,1590.512518450745,5,22,7227,51094,8,2,0.766173,1.2578,PortScan,CIC-IDS-2018-EXFIL
14/02/2018 08:26:30,53,17,1910.0247660294035,10,15,4187,42950,3,4,0.450212,1.9135,PortScan,CIC-IDS-2018-EXFIL
14/02/2018 08:26:31,22,6,2864.4171751043823,4,19,6483,34580,6,3,0.577251,4.4244,PortScan,CIC-IDS-2018-EXFIL
14/02/2018 08:26:32,53,6,3511.9660210906063,3,13,680,36565,4,1,0.488532,2.1718,PortScan,CIC-IDS-2018-EXFIL
14/02/2018 08:26:33,8443,6,5213.993731558894,33,38,30361,60527,10,0,0.134278,1.4758,PortScan,CIC-IDS-2018-EXFIL
14/02/2018 08:26:34,3389,6,14834.16752139858,8,8,7365,17941,9,2,0.646919,2.737,PortScan,CIC-IDS-2018-EXFIL
14/02/2018 08:26:35,53,6,2701.5132389351375,2,39,1870,87366,8,2,0.360252,1.9551,PortScan,CIC-IDS-2018-EXFIL
14/02/2018 08:26:36,53,17,1597.7298375831156,6,39,5660,62221,4,2,0.518482,2.3708,PortScan,CIC-IDS-2018-EXFIL
14/02/2018 08:26:37,53,6,857.6617323155755,11,54,11720,47789,6,2,0.180573,1.2497,PortScan,CIC-IDS-2018-EXFIL
14/02/2018 08:26:38,443,17,2653.28946599336,7,15,11694,23680,9,1,0.234235,3.4452,PortScan,CIC-IDS-2018-EXFIL
14/02/2018 08:26:39,8443,6,4818.194739208092,8,16,5489,20585,6,4,0.540554,1.027,PortScan,CIC-IDS-2018-EXFIL
14/02/2018 08:26:40,80,6,8636.821949473162,49,4,6014,14041,5,1,0.504254,4.3283,SSH-Bruteforce,CIC-IDS-2018-EXFIL
14/02/2018 08:26:41,3389,6,1309.2639519045586,8,6,3212,20768,6,1,0.903205,4.1466,SSH-Bruteforce,CIC-IDS-2018-EXFIL
14/02/2018 08:26:42,3389,6,1385.3037451615805,2,8,2974,8735,3,5,0.2189,4.7829,SSH-Bruteforce,CIC-IDS-2018-EXFIL
14/02/2018 08:26:43,80,6,1087.8824610225938,39,4,38336,21500,4,4,0.68956,3.8235,SSH-Bruteforce,CIC-IDS-2018-EXFIL
14/02/2018 08:26:44,22,6,1003.7215962176753,5,2,64,14697,8,2,0.169425,3.5267,SSH-Bruteforce,CIC-IDS-2018-EXFIL
14/02/2018 08:26:45,3389,6,1773.590747435716,2,7,3968,4077,4,0,0.643279,4.7958,SSH-Bruteforce,CIC-IDS-2018-EXFIL
14/02/2018 08:26:46,8443,6,4637.113609707525,9,4,7166,15858,3,5,0.241326,2.5807,SSH-Bruteforce,CIC-IDS-2018-EXFIL
14/02/2018 08:26:47,80,6,2569.640337915387,28,2,28161,3258,6,0,0.460227,3.8728,SSH-Bruteforce,CIC-IDS-2018-EXFIL
14/02/2018 08:26:48,443,6,338.7295754253971,15,18,10419,48288,8,2,0.398014,3.5629,SSH-Bruteforce,CIC-IDS-2018-EXFIL
14/02/2018 08:26:49,22,6,3434.8112237715886,8,18,8919,8454,7,0,0.026541,2.5991,PortScan,CIC-IDS-2018-EXFIL
14/02/2018 08:26:50,22,17,2956.870699262216,3,25,5035,64,8,1,0.648966,3.6507,SSH-Bruteforce,CIC-IDS-2018-EXFIL
14/02/2018 08:26:51,3389,6,390.0783754112026,4,11,6826,16642,1,13,0.450069,0.5,Benign,CIC-IDS-2018-EXFIL
14/02/2018 08:26:52,53,6,2312.0351188842533,32,32,6753,51135,1,6,0.530909,0.9912,Benign,CIC-IDS-2018-EXFIL
14/02/2018 08:26:53,80,17,2159.955510170856,3,11,5230,12335,9,3,0.675265,2.2164,PortScan,CIC-IDS-2018-EXFIL
14/02/2018 08:26:54,443,6,5657.306088389657,4,31,115,61505,7,3,0.641876,4.6072,SSH-Bruteforce,CIC-IDS-2018-EXFIL
14/02/2018 08:26:55,8443,6,642.3521497568447,6,16,388,23094,2,2,0.433478,3.5854,SSH-Bruteforce,CIC-IDS-2018-EXFIL
14/02/2018 08:26:56,8443,6,11591.34014707643,37,11,64,10086,2,5,0.50315,1.9684,SSH-Bruteforce,CIC-IDS-2018-EXFIL
14/02/2018 08:26:57,21,6,3079.5389506612737,13,19,6664,51730,9,2,0.445656,2.9554,SSH-Bruteforce,CIC-IDS-2018-EXFIL
14/02/2018 08:26:58,21,6,3135.914173426049,18,3,14563,15256,7,1,0.461865,4.6141,SSH-Bruteforce,CIC-IDS-2018-EXFIL
14/02/2018 08:26:59,53,6,2732.423064124842,8,4,7025,11338,4,2,0.931104,3.1026,SSH-Bruteforce,CIC-IDS-2018-EXFIL
14/02/2018 08:27:00,8443,6,4415.800389778727,5,41,4605,72095,0,6,0.174691,1.2154,Benign,CIC-IDS-2018-EXFIL
14/02/2018 08:27:01,22,6,1313.8987224440298,10,14,11483,47571,8,2,0.456163,3.5211,SSH-Bruteforce,CIC-IDS-2018-EXFIL
14/02/2018 08:27:02,8443,6,9153.495304463931,2,12,2878,21840,5,2,0.586058,2.3747,SSH-Bruteforce,CIC-IDS-2018-EXFIL
14/02/2018 08:27:03,445,6,3301.0326936445044,13,56,10669,95698,7,0,0.760783,3.8847,SSH-Bruteforce,CIC-IDS-2018-EXFIL
14/02/2018 08:27:04,21,6,4507.685833209598,4,12,5743,20268,4,0,0.654595,4.3031,SSH-Bruteforce,CIC-IDS-2018-EXFIL
14/02/2018 08:27:05,3389,6,178.4150247472378,16,8,7981,15109,7,3,0.455762,3.5326,SSH-Bruteforce,CIC-IDS-2018-EXFIL
14/02/2018 08:27:06,3389,6,3009.1527588375375,6,9,7489,10171,6,1,0.209864,3.0774,SSH-Bruteforce,CIC-IDS-2018-EXFIL
14/02/2018 08:27:07,80,6,280.4040895502562,14,9,11127,22125,3,2,0.670755,2.2155,SSH-Bruteforce,CIC-IDS-2018-EXFIL
14/02/2018 08:27:08,3389,6,1569.816868740857,7,38,6638,31493,6,1,0.548052,2.6642,SSH-Bruteforce,CIC-IDS-2018-EXFIL
14/02/2018 08:27:09,21,6,348.0103615072516,36,8,7860,19727,3,2,0.310733,3.999,SSH-Bruteforce,CIC-IDS-2018-EXFIL
14/02/2018 08:27:10,3389,6,13466.303490218064,9,5,6073,24746,12,4,0.339341,1.6286,SSH-Bruteforce,CIC-IDS-2018-EXFIL
14/02/2018 08:27:11,443,6,2408.2936181169125,3,5,2595,5884,7,2,0.76517,3.7094,SSH-Bruteforce,CIC-IDS-2018-EXFIL
14/02/2018 08:27:12,445,17,11595.990285481766,11,5,4068,7089,5,2,0.722224,3.7475,SSH-Bruteforce,CIC-IDS-2018-EXFIL
14/02/2018 08:27:13,22,6,5927.604288734029,21,22,21327,50119,10,2,0.87358,2.8994,SSH-Bruteforce,CIC-IDS-2018-EXFIL
14/02/2018 08:27:14,53,6,494.74750923632587,26,65,12358,87852,5,2,0.122659,3.9282,SSH-Bruteforce,CIC-IDS-2018-EXFIL
14/02/2018 08:27:15,21,17,1663.607538946429,6,95,64,26360,2,10,0.435306,0.5,Benign,CIC-IDS-2018-EXFIL
14/02/2018 08:27:16,53,6,5397.44715231243,28,9,9529,28006,3,2,0.18675,4.2664,SSH-Bruteforce,CIC-IDS-2018-EXFIL
14/02/2018 08:27:17,21,17,1536.6939637358032,11,17,7750,33513,4,3,0.334525,2.4093,SSH-Bruteforce,CIC-IDS-2018-EXFIL
14/02/2018 08:27:18,21,17,11232.861366287194,89,2,66930,9066,6,2,0.301345,3.4834,SSH-Bruteforce,CIC-IDS-2018-EXFIL
14/02/2018 08:27:19,80,6,2698.504226382132,5,25,4887,35796,7,0,0.343371,2.4476,SSH-Bruteforce,CIC-IDS-2018-EXFIL
14/02/2018 08:27:20,3389,6,3280.7047578687157,11,53,8563,100041,6,3,0.674574,3.912,SSH-Bruteforce,CIC-IDS-2018-EXFIL
14/02/2018 08:27:21,443,6,7610.094969361048,15,15,6020,20654,6,0,0.920244,4.3723,SSH-Bruteforce,CIC-IDS-2018-EXFIL
14/02/2018 08:27:22,8443,6,8707.98582740036,6,23,4479,57920,4,4,0.669113,1.8043,SSH-Bruteforce,CIC-IDS-2018-EXFIL
14/02/2018 08:27:23,22,6,3235.4368053603444,34,12,25615,4875,7,2,0.300153,2.5308,SSH-Bruteforce,CIC-IDS-2018-EXFIL
14/02/2018 08:27:24,445,17,268.05065084254016,37,49,14821,101855,1,5,0.392917,1.3496,Benign,CIC-IDS-2018-EXFIL
14/02/2018 08:27:25,3389,6,5254.640791343149,10,2,3521,13794,4,3,0.830702,4.97,SSH-Bruteforce,CIC-IDS-2018-EXFIL
14/02/2018 08:27:26,443,6,3217.240376595578,45,4,24091,18652,5,1,0.231217,3.9407,SSH-Bruteforce,CIC-IDS-2018-EXFIL
14/02/2018 08:27:27,445,6,416.2949783104508,25,6,19205,13475,8,2,0.851244,4.1228,SSH-Bruteforce,CIC-IDS-2018-EXFIL
14/02/2018 08:27:28,80,6,14303.958358525875,29,3,25159,14248,9,2,0.20864,4.3005,SSH-Bruteforce,CIC-IDS-2018-EXFIL
14/02/2018 08:27:29,443,6,2984.7730440699224,12,6,3332,18481,8,3,0.429777,4.2317,SSH-Bruteforce,CIC-IDS-2018-EXFIL
14/02/2018 08:27:30,21,6,884.3856049863139,6,6,6475,12477,7,2,0.528876,3.7562,SSH-Bruteforce,CIC-IDS-2018-EXFIL
14/02/2018 08:27:31,8443,6,934.06288965478,3,15,3564,64,4,2,0.29063,2.9973,SSH-Bruteforce,CIC-IDS-2018-EXFIL
14/02/2018 08:27:32,21,6,1498.3073532336946,4,5,2528,12426,5,3,0.539829,2.9672,SSH-Bruteforce,CIC-IDS-2018-EXFIL
14/02/2018 08:27:33,80,6,1647.5936457821442,9,29,3583,47062,10,4,0.469151,2.6957,SSH-Bruteforce,CIC-IDS-2018-EXFIL
14/02/2018 08:27:34,53,6,2052.1934290111535,7,28,6752,17469,1,12,0.494789,0.5,Benign,CIC-IDS-2018-EXFIL
14/02/2018 08:27:35,21,6,930.9635441678257,13,78,9255,41045,5,0,0.631643,4.444,SSH-Bruteforce,CIC-IDS-2018-EXFIL
14/02/2018 08:27:36,8443,6,2219.413137709477,5,11,5195,16050,7,0,0.683328,3.4031,SSH-Bruteforce,CIC-IDS-2018-EXFIL
14/02/2018 08:27:37,445,6,2300.655767588714,3,9,4360,20746,10,3,0.673259,3.349,SSH-Bruteforce,CIC-IDS-2018-EXFIL
14/02/2018 08:27:38,53,6,3121.9887411582854,15,42,5492,114345,7,1,0.461787,3.6386,SSH-Bruteforce,CIC-IDS-2018-EXFIL
14/02/2018 08:27:39,22,6,336.7514077614318,6,3,7734,13994,7,1,0.468953,3.8671,SSH-Bruteforce,CIC-IDS-2018-EXFIL
14/02/2018 08:27:40,3389,6,2948.79634957047,8,31,7369,51616,2,1,0.354798,2.4879,SSH-Bruteforce,CIC-IDS-2018-EXFIL
14/02/2018 08:27:41,22,6,2618.200764674675,5,24,3349,53237,4,6,0.581928,3.1479,SSH-Bruteforce,CIC-IDS-2018-EXFIL
14/02/2018 08:27:42,443,6,1310.4292985909576,2,7,5273,14329,9,3,0.468702,2.9988,SSH-Bruteforce,CIC-IDS-2018-EXFIL
14/02/2018 08:27:43,445,6,623.2009004432025,8,41,3535,74859,3,5,0.336743,4.2432,SSH-Bruteforce,CIC-IDS-2018-EXFIL
14/02/2018 08:27:44,3389,17,5393.684399981689,13,7,8183,7079,5,1,0.555214,3.2357,SSH-Bruteforce,CIC-IDS-2018-EXFIL
14/02/2018 08:27:45,21,6,7442.604080455479,10,69,9552,180112,4,4,0.297182,2.9341,PortScan,CIC-IDS-2018-EXFIL
14/02/2018 08:27:46,445,6,3090.4623624508595,9,4,8825,7264,7,2,0.328499,3.7343,SSH-Bruteforce,CIC-IDS-2018-EXFIL
14/02/2018 08:27:47,21,17,5143.397892198633,14,18,11150,24062,4,1,0.282302,5.1636,SSH-Bruteforce,CIC-IDS-2018-EXFIL
14/02/2018 08:27:48,21,6,433.0247706952624,3,18,3174,20407,3,2,0.389954,4.6316,SSH-Bruteforce,CIC-IDS-2018-EXFIL
14/02/2018 08:27:49,8443,17,3806.3306007099372,2,5,554,14914,3,1,0.389223,4.6733,SSH-Bruteforce,CIC-IDS-2018-EXFIL
14/02/2018 08:27:50,21,6,349.653532654489,4,46,4728,102016,5,2,0.237199,2.9527,SSH-Bruteforce,CIC-IDS-2018-EXFIL
14/02/2018 08:27:51,21,6,366.7733788628373,4,4,5522,13731,4,0,0.366701,3.4839,SSH-Bruteforce,CIC-IDS-2018-EXFIL
14/02/2018 08:27:52,80,17,4096.30291358146,6,27,5938,60145,5,2,0.82338,3.7198,SSH-Bruteforce,CIC-IDS-2018-EXFIL
14/02/2018 08:27:53,8443,6,2805.203750357344,6,7,5164,64,7,3,0.551272,4.4982,SSH-Bruteforce,CIC-IDS-2018-EXFIL
14/02/2018 08:27:54,445,6,4024.09322826547,5,67,3658,147637,5,3,0.336447,3.1554,SSH-Bruteforce,CIC-IDS-2018-EXFIL
14/02/2018 08:27:55,8443,6,568.3740063891281,5,38,4647,41999,7,3,0.571324,2.3885,SSH-Bruteforce,CIC-IDS-2018-EXFIL
14/02/2018 08:27:56,3389,17,7141.3840537381175,3,88,4255,213096,1,6,0.643963,0.803,Benign,CIC-IDS-2018-EXFIL
14/02/2018 08:27:57,8443,6,5911.222249807375,9,50,9140,84276,10,3,0.666853,2.7945,SSH-Bruteforce,CIC-IDS-2018-EXFIL
14/02/2018 08:27:58,21,6,239.95529643707317,3,13,3542,13410,7,0,0.362448,2.4332,SSH-Bruteforce,CIC-IDS-2018-EXFIL
14/02/2018 08:27:59,22,6,4289.628150267329,22,23,11985,55835,4,2,0.707092,2.3238,SSH-Bruteforce,CIC-IDS-2018-EXFIL
14/02/2018 08:28:00,22,6,8304.41297757554,16,15,10032,32235,2,4,0.540173,3.4669,Infiltration,CIC-IDS-2018-EXFIL
14/02/2018 08:28:01,3389,6,1913.5716182722203,3,35,5846,62375,3,1,0.364167,5.2436,Infiltration,CIC-IDS-2018-EXFIL
14/02/2018 08:28:02,53,6,7532.472008610698,2,2,4893,5511,0,3,0.281527,4.4066,Infiltration,CIC-IDS-2018-EXFIL
14/02/2018 08:28:03,80,6,9342.512693505405,11,4,8050,5469,6,1,0.562261,3.2453,PortScan,CIC-IDS-2018-EXFIL
14/02/2018 08:28:04,21,6,10403.561093358598,10,31,7873,50269,0,1,0.664479,4.5789,Infiltration,CIC-IDS-2018-EXFIL
14/02/2018 08:28:05,22,6,5216.518024247091,3,13,3616,37063,1,4,0.188012,4.003,Infiltration,CIC-IDS-2018-EXFIL
14/02/2018 08:28:06,3389,6,364.4396203040828,2,38,5934,46366,3,5,0.736171,5.2717,Infiltration,CIC-IDS-2018-EXFIL
14/02/2018 08:28:07,445,6,458.2168338758016,6,27,9585,14656,0,2,0.292615,5.0283,Infiltration,CIC-IDS-2018-EXFIL
14/02/2018 08:28:08,443,17,7275.697907826148,6,28,8084,58866,2,1,0.673521,4.0515,Infiltration,CIC-IDS-2018-EXFIL
14/02/2018 08:28:09,80,6,1253.6862456828712,18,36,11166,31419,0,0,0.739947,3.8092,Infiltration,CIC-IDS-2018-EXFIL
14/02/2018 08:28:10,445,6,1103.5326920094378,3,2,6816,5045,0,3,0.227951,5.4762,Infiltration,CIC-IDS-2018-EXFIL
14/02/2018 08:28:11,445,6,9672.281566752552,21,41,21732,88900,3,5,0.112174,5.2193,Infiltration,CIC-IDS-2018-EXFIL
14/02/2018 08:28:12,3389,6,659.7707737884413,5,22,2866,4633,0,4,0.60574,4.1154,Infiltration,CIC-IDS-2018-EXFIL
14/02/2018 08:28:13,22,6,5568.299721741396,51,16,15412,11590,0,1,0.454658,5.1134,Infiltration,CIC-IDS-2018-EXFIL
14/02/2018 08:28:14,21,6,3960.063170979195,3,51,3749,95230,0,5,0.402977,5.1439,Infiltration,CIC-IDS-2018-EXFIL
14/02/2018 08:28:15,21,6,654.1476710702561,18,5,19276,4848,7,4,0.627201,2.0067,PortScan,CIC-IDS-2018-EXFIL
14/02/2018 08:28:16,80,17,15833.881352470045,6,12,7651,26214,8,2,0.974305,2.6518,PortScan,CIC-IDS-2018-EXFIL
14/02/2018 08:28:17,53,6,6957.951307377765,14,30,9103,29642,0,2,0.378606,4.3587,Infiltration,CIC-IDS-2018-EXFIL
14/02/2018 08:28:18,53,6,1576.6539420327044,18,42,11115,51742,6,3,0.521973,2.8793,PortScan,CIC-IDS-2018-EXFIL
14/02/2018 08:28:19,53,6,1628.3299099440665,22,18,5513,33868,2,5,0.505519,4.846,Infiltration,CIC-IDS-2018-EXFIL
14/02/2018 08:28:20,8443,6,2637.2343217608327,12,8,3899,6754,0,2,0.54513,5.472,Infiltration,CIC-IDS-2018-EXFIL
14/02/2018 08:28:21,22,17,8016.7857116842515,12,6,9851,17988,1,9,0.253337,4.7049,Infiltration,CIC-IDS-2018-EXFIL
14/02/2018 08:28:22,445,6,6504.88871854904,7,42,8006,6260,1,7,0.147362,0.6415,Benign,CIC-IDS-2018-EXFIL
14/02/2018 08:28:23,443,6,1645.5892768311232,47,37,34160,59277,0,3,0.452416,4.513,Infiltration,CIC-IDS-2018-EXFIL
14/02/2018 08:28:24,21,17,3960.0271558410345,9,82,3938,127034,2,2,0.306924,3.6306,Infiltration,CIC-IDS-2018-EXFIL
14/02/2018 08:28:25,3389,6,4620.714253781512,15,11,8153,54717,0,0,0.562185,4.9852,Infiltration,CIC-IDS-2018-EXFIL
14/02/2018 08:28:26,53,6,3461.2010460830243,24,22,7193,63486,3,3,0.375352,4.566,Infiltration,CIC-IDS-2018-EXFIL
14/02/2018 08:28:27,21,6,2731.1356931657783,6,19,6502,8473,0,1,0.450241,3.9663,Infiltration,CIC-IDS-2018-EXFIL
14/02/2018 08:28:28,3389,6,592.6690953722659,7,9,4000,40322,1,4,0.554462,6.0667,Infiltration,CIC-IDS-2018-EXFIL
14/02/2018 08:28:29,445,6,5913.406540674354,17,11,9173,7865,3,1,0.115728,4.7911,Infiltration,CIC-IDS-2018-EXFIL
14/02/2018 08:28:30,445,6,1345.615938292523,8,8,9439,16342,1,2,0.467111,4.3578,Infiltration,CIC-IDS-2018-EXFIL
14/02/2018 08:28:31,22,6,2209.928768070331,8,54,2025,64673,0,1,0.406712,5.621,Infiltration,CIC-IDS-2018-EXFIL
14/02/2018 08:28:32,80,6,1377.4022516976634,21,66,11023,38868,3,0,0.479974,5.1855,Infiltration,CIC-IDS-2018-EXFIL
14/02/2018 08:28:33,3389,6,4484.161599281917,12,7,5444,13448,2,2,0.291372,4.0008,Infiltration,CIC-IDS-2018-EXFIL
14/02/2018 08:28:34,22,6,860.576037066332,55,26,16720,7691,2,1,0.636148,4.6643,Infiltration,CIC-IDS-2018-EXFIL
14/02/2018 08:28:35,445,6,1103.9188393766792,41,9,55886,3349,2,4,0.365349,5.0576,Infiltration,CIC-IDS-2018-EXFIL
14/02/2018 08:28:36,8443,6,3703.072205901112,25,5,21972,6065,0,2,0.604634,3.9176,Infiltration,CIC-IDS-2018-EXFIL
14/02/2018 08:28:37,8443,6,1194.8037933269588,8,71,5443,76926,3,0,0.642312,5.1076,Infiltration,CIC-IDS-2018-EXFIL
14/02/2018 08:28:38,3389,6,1374.8431649299387,11,22,5939,30011,0,0,0.154045,3.3013,Infiltration,CIC-IDS-2018-EXFIL
14/02/2018 08:28:39,22,6,810.3112523164963,28,2,29429,12604,1,5,0.319459,4.4468,Infiltration,CIC-IDS-2018-EXFIL
14/02/2018 08:28:40,443,6,682.1804448895257,5,32,4800,64,0,1,0.610685,5.4248,Infiltration,CIC-IDS-2018-EXFIL
14/02/2018 08:28:41,3389,17,6094.660154911746,3,20,2405,56993,1,0,0.495307,4.3985,Infiltration,CIC-IDS-2018-EXFIL
14/02/2018 08:28:42,445,17,1664.4694776631254,42,34,44023,31526,1,1,0.340327,5.0887,Infiltration,CIC-IDS-2018-EXFIL
14/02/2018 08:28:43,443,6,15075.490030377425,9,4,1148,11351,0,0,0.533827,3.1151,Infiltration,CIC-IDS-2018-EXFIL
14/02/2018 08:28:44,22,6,2862.773485010283,10,36,5155,36101,1,1,0.531351,4.6801,Infiltration,CIC-IDS-2018-EXFIL
14/02/2018 08:28:45,443,6,2144.0814723029985,4,3,6024,17079,2,1,0.609895,3.8061,Infiltration,CIC-IDS-2018-EXFIL
14/02/2018 08:28:46,22,17,6548.875774682439,15,19,453,25654,2,3,0.435893,5.773,Infiltration,CIC-IDS-2018-EXFIL
14/02/2018 08:28:47,22,6,1421.0494993843497,4,36,6848,40760,0,1,0.083807,4.6159,Infiltration,CIC-IDS-2018-EXFIL
14/02/2018 08:28:48,445,6,4114.484825309279,6,93,4445,126901,1,1,0.189565,4.8543,Infiltration,CIC-IDS-2018-EXFIL
14/02/2018 08:28:49,80,6,636.3567666773756,6,7,10217,12214,0,4,0.259989,4.7663,Infiltration,CIC-IDS-2018-EXFIL
14/02/2018 08:28:50,21,6,6774.0443904657595,9,32,3569,33042,0,3,0.434402,4.4145,Infiltration,CIC-IDS-2018-EXFIL
14/02/2018 08:28:51,443,6,3608.328753402917,2,31,6420,49026,7,4,0.343778,2.131,PortScan,CIC-IDS-2018-EXFIL
14/02/2018 08:28:52,445,6,1614.5006315968897,9,7,5637,22169,2,1,0.120678,4.5753,Infiltration,CIC-IDS-2018-EXFIL
14/02/2018 08:28:53,443,6,1242.2203825207582,37,27,12679,29356,1,3,0.331886,5.6163,Infiltration,CIC-IDS-2018-EXFIL
14/02/2018 08:28:54,22,6,9772.485564997925,13,12,5820,29616,2,2,0.597701,3.8882,Infiltration,CIC-IDS-2018-EXFIL
14/02/2018 08:28:55,8443,6,192.7849581117889,9,2,2440,10516,2,2,0.356152,4.7809,Infiltration,CIC-IDS-2018-EXFIL
14/02/2018 08:28:56,22,6,6498.487063300433,13,15,10204,12078,7,1,0.277227,3.0575,PortScan,CIC-IDS-2018-EXFIL
14/02/2018 08:28:57,22,6,1488.4732557780678,9,16,5640,13552,2,5,0.306443,4.9872,Infiltration,CIC-IDS-2018-EXFIL
14/02/2018 08:28:58,443,6,9896.110722825255,24,7,22176,14634,1,3,0.539734,4.665,Infiltration,CIC-IDS-2018-EXFIL
14/02/2018 08:28:59,443,6,5451.702356036528,18,29,13179,49660,0,2,0.78437,4.9219,Infiltration,CIC-IDS-2018-EXFIL
14/02/2018 08:29:00,3389,6,191.84224859143083,4,15,5012,21798,1,1,0.461319,5.1784,Infiltration,CIC-IDS-2018-EXFIL
14/02/2018 08:29:01,80,6,10502.328613958525,3,26,4394,40529,4,1,0.50881,4.5052,Infiltration,CIC-IDS-2018-EXFIL
14/02/2018 08:29:02,445,17,17604.599067676132,4,3,5477,5447,0,0,0.311638,3.715,Infiltration,CIC-IDS-2018-EXFIL
14/02/2018 08:29:03,21,6,496.46185340031315,3,5,4394,11904,0,2,0.100455,5.6666,Infiltration,CIC-IDS-2018-EXFIL
14/02/2018 08:29:04,443,17,1774.3209930714388,5,34,4718,86510,0,1,0.381689,4.0203,Infiltration,CIC-IDS-2018-EXFIL
14/02/2018 08:29:05,53,6,1239.063792192757,37,7,7947,3259,1,2,0.532158,4.162,Infiltration,CIC-IDS-2018-EXFIL
14/02/2018 08:29:06,445,6,5246.284215192352,6,7,2063,11980,1,1,0.653747,5.0155,Infiltration,CIC-IDS-2018-EXFIL
14/02/2018 08:29:07,80,6,3143.6055193270836,37,14,13934,30175,0,1,0.0526,4.2463,Infiltration,CIC-IDS-2018-EXFIL
14/02/2018 08:29:08,8443,6,5429.654700340972,15,21,9511,43314,3,3,0.611674,4.9311,Infiltration,CIC-IDS-2018-EXFIL
14/02/2018 08:29:09,443,6,1940.0126350306434,5,24,5346,26116,2,2,0.378452,5.5142,Infiltration,CIC-IDS-2018-EXFIL
14/02/2018 08:29:10,80,6,3549.0471451925987,3,77,4704,187991,0,3,0.56336,4.0055,Infiltration,CIC-IDS-2018-EXFIL
14/02/2018 08:29:11,443,6,17475.664350213687,2,6,925,15172,2,1,0.559975,3.1985,Infiltration,CIC-IDS-2018-EXFIL
14/02/2018 08:29:12,443,6,4678.241541991124,10,29,7630,19490,2,6,0.610339,3.6488,Infiltration,CIC-IDS-2018-EXFIL
14/02/2018 08:29:13,22,6,6868.963006536689,11,6,7420,20631,2,3,0.258998,5.6377,Infiltration,CIC-IDS-2018-EXFIL
14/02/2018 08:29:14,8443,6,1089.1876655674882,3,7,3964,27840,2,1,0.406711,4.2865,Infiltration,CIC-IDS-2018-EXFIL
14/02/2018 08:29:15,3389,6,1172.09388466476,6,16,6623,47853,1,0,0.351622,5.3767,Infiltration,CIC-IDS-2018-EXFIL
14/02/2018 08:29:16,8443,6,581.9814666314979,2,27,3893,17345,2,1,0.266775,4.3688,Infiltration,CIC-IDS-2018-EXFIL
14/02/2018 08:29:17,53,6,2547.9894900636377,12,21,64,29245,2,2,0.248549,4.3665,Infiltration,CIC-IDS-2018-EXFIL
14/02/2018 08:29:18,3389,6,1641.1298830778326,2,59,2062,17568,0,0,0.538417,4.5438,Infiltration,CIC-IDS-2018-EXFIL
14/02/2018 08:29:19,21,6,108.56811571197372,5,9,5100,32694,3,3,0.493592,4.9536,Infiltration,CIC-IDS-2018-EXFIL
14/02/2018 08:29:20,21,6,9653.950793533904,33,83,21203,104077,1,1,0.02284,4.8973,Bot,CIC-IDS-2018-EXFIL
14/02/2018 08:29:21,21,6,2170.0890031360614,4,32,2655,64,1,2,0.350504,5.4593,Bot,CIC-IDS-2018-EXFIL
14/02/2018 08:29:22,3389,17,2435.7448960789993,2,9,2759,29131,1,2,0.178039,6.6889,Bot,CIC-IDS-2018-EXFIL
14/02/2018 08:29:23,443,17,3653.8751256553332,3,10,1805,29219,0,0,0.107262,6.1672,Bot,CIC-IDS-2018-EXFIL
14/02/2018 08:29:24,445,6,576.205645876457,3,16,3246,9485,2,1,0.039837,7.3217,Bot,CIC-IDS-2018-EXFIL
14/02/2018 08:29:25,22,6,3680.4573986877895,14,16,7505,40877,3,2,0.241462,5.7067,Bot,CIC-IDS-2018-EXFIL
14/02/2018 08:29:26,8443,17,597.1510449196621,15,3,13193,15394,0,0,0.044886,5.8476,Bot,CIC-IDS-2018-EXFIL
14/02/2018 08:29:27,80,6,2009.0354415779802,16,9,12384,14165,2,1,0.272379,6.9231,Bot,CIC-IDS-2018-EXFIL
14/02/2018 08:29:28,445,6,807.8496729168755,32,29,21632,18822,1,4,0.144861,5.752,Bot,CIC-IDS-2018-EXFIL
14/02/2018 08:29:29,3389,6,4743.376857255152,3,6,1840,12559,1,1,0.189738,5.7093,Bot,CIC-IDS-2018-EXFIL
14/02/2018 08:29:30,22,6,2045.6008624004285,6,23,1283,49126,4,1,0.101677,5.5041,Bot,CIC-IDS-2018-EXFIL
14/02/2018 08:29:31,8443,6,4934.6611763112305,2,3,3300,13422,1,0,0.346269,5.3495,Bot,CIC-IDS-2018-EXFIL
14/02/2018 08:29:32,443,6,3076.0769435619222,9,17,2772,37267,0,0,0.201316,6.0512,Bot,CIC-IDS-2018-EXFIL
14/02/2018 08:29:33,53,6,6926.684082622037,39,7,15978,22237,0,2,0.243929,5.5663,Bot,CIC-IDS-2018-EXFIL
14/02/2018 08:29:34,21,6,2259.029150211302,27,14,8171,20560,0,1,0.247329,6.1258,Bot,CIC-IDS-2018-EXFIL
14/02/2018 08:29:35,3389,6,2415.8673393697622,21,14,12763,34740,0,2,0.330731,5.9766,Bot,CIC-IDS-2018-EXFIL
14/02/2018 08:29:36,443,6,2651.7658476599922,11,54,4082,34183,0,1,0.028995,6.535,Bot,CIC-IDS-2018-EXFIL
14/02/2018 08:29:37,21,6,8047.823903031217,6,69,3896,27926,1,0,0.110775,5.75,Bot,CIC-IDS-2018-EXFIL
14/02/2018 08:29:38,22,6,213.945197665006,25,46,14837,62795,2,12,0.683058,1.904,Benign,CIC-IDS-2018-EXFIL
14/02/2018 08:29:39,8443,6,509.8360796289985,28,19,14285,26697,2,6,0.061779,5.5304,Bot,CIC-IDS-2018-EXFIL
14/02/2018 08:29:40,445,6,1608.1304606590875,34,21,12026,16630,0,2,0.078664,5.0621,Bot,CIC-IDS-2018-EXFIL
14/02/2018 08:29:41,80,6,8308.931789740283,19,9,15887,11783,1,2,0.014306,6.2423,Bot,CIC-IDS-2018-EXFIL
14/02/2018 08:29:42,22,17,2423.887942637628,8,40,4638,51041,2,4,0.053542,5.8139,Bot,CIC-IDS-2018-EXFIL
14/02/2018 08:29:43,443,6,5743.367359546003,20,6,7654,5049,1,1,0.388324,4.4781,Bot,CIC-IDS-2018-EXFIL
14/02/2018 08:29:44,8443,6,740.5757041019696,8,47,1592,86163,1,7,0.244518,1.2905,Benign,CIC-IDS-2018-EXFIL
14/02/2018 08:29:45,80,6,5837.904524707651,19,11,19458,19123,1,2,0.13555,5.2867,Bot,CIC-IDS-2018-EXFIL
14/02/2018 08:29:46,53,6,13049.545420616143,6,16,4923,23960,0,2,0.043094,4.8274,Bot,CIC-IDS-2018-EXFIL
14/02/2018 08:29:47,3389,17,9587.45645751182,8,8,12688,20645,1,5,0.698766,1.5539,Benign,CIC-IDS-2018-EXFIL
14/02/2018 08:29:48,443,6,3079.2148029516984,7,4,3236,20381,1,2,0.360714,4.8115,Bot,CIC-IDS-2018-EXFIL
14/02/2018 08:29:49,443,6,2221.132826463415,4,20,1984,49425,2,1,0.097292,6.5713,Bot,CIC-IDS-2018-EXFIL
14/02/2018 08:29:50,445,6,7129.17728123025,3,41,4365,25466,1,1,0.04481,5.2929,Bot,CIC-IDS-2018-EXFIL
14/02/2018 08:29:51,80,6,1098.447272059082,6,25,7612,1486,4,6,0.255739,5.3892,Bot,CIC-IDS-2018-EXFIL
14/02/2018 08:29:52,21,6,8120.889358839914,5,14,6775,32203,3,1,0.195582,3.9636,Bot,CIC-IDS-2018-EXFIL
14/02/2018 08:29:53,53,6,1976.38722573072,2,11,878,25160,1,6,0.456753,0.883,Benign,CIC-IDS-2018-EXFIL
14/02/2018 08:29:54,53,6,669.7595512076774,4,7,3180,23143,0,1,0.164432,3.7281,Bot,CIC-IDS-2018-EXFIL
14/02/2018 08:29:55,80,6,9460.520486996029,22,2,19738,18595,1,9,0.719102,1.1241,Benign,CIC-IDS-2018-EXFIL
14/02/2018 08:29:56,21,6,225.13281215629667,3,29,2078,44793,0,2,0.057747,4.8732,Bot,CIC-IDS-2018-EXFIL
14/02/2018 08:29:57,8443,6,1948.702852567294,17,11,9644,28848,2,4,0.168714,6.3763,Bot,CIC-IDS-2018-EXFIL
14/02/2018 08:29:58,8443,6,7433.497322194166,12,9,7953,13367,1,3,0.137526,5.8171,Bot,CIC-IDS-2018-EXFIL
14/02/2018 08:29:59,21,6,4411.25662749265,12,8,13855,16289,1,1,0.092853,6.1236,Bot,CIC-IDS-2018-EXFIL
14/02/2018 08:30:00,22,6,3808.2105525444836,22,4,14444,13693,1,2,0.409593,6.5977,Bot,CIC-IDS-2018-EXFIL
14/02/2018 08:30:01,8443,6,3260.0836718412115,53,6,22035,11651,0,1,0.301594,7.0981,Bot,CIC-IDS-2018-EXFIL
14/02/2018 08:30:02,80,6,5620.632084131018,5,42,7026,80482,3,4,0.289486,5.1242,Bot,CIC-IDS-2018-EXFIL
14/02/2018 08:30:03,3389,17,1039.6714650471022,19,37,7516,87412,0,0,0.151901,6.1656,Bot,CIC-IDS-2018-EXFIL
14/02/2018 08:30:04,3389,6,187.65035009138785,11,6,12597,18480,0,3,0.00568,7.1064,Bot,CIC-IDS-2018-EXFIL
14/02/2018 08:30:05,53,6,1403.4285309378365,7,10,6627,20216,2,2,0.031836,5.5704,Bot,CIC-IDS-2018-EXFIL
14/02/2018 08:30:06,80,6,491.79569663797395,6,77,7640,139577,1,3,0.187012,6.7792,Bot,CIC-IDS-2018-EXFIL
14/02/2018 08:30:07,21,6,703.2191853837178,11,55,6975,60503,1,2,0.201692,5.8159,Bot,CIC-IDS-2018-EXFIL
14/02/2018 08:30:08,443,6,10206.110879195765,3,4,5983,6549,0,3,0.099677,4.9608,Bot,CIC-IDS-2018-EXFIL
14/02/2018 08:30:09,443,6,617.3275478727684,9,89,3740,95547,1,3,0.310984,4.6941,Bot,CIC-IDS-2018-EXFIL
14/02/2018 08:30:10,80,6,5303.629201997573,14,24,4796,85920,4,1,0.026208,7.1366,Bot,CIC-IDS-2018-EXFIL
14/02/2018 08:30:11,53,6,924.0368515461093,17,9,11801,16117,4,2,0.062466,6.0695,Bot,CIC-IDS-2018-EXFIL
14/02/2018 08:30:12,445,6,470.2645011148992,5,31,64,21947,3,8,0.474658,0.602,Benign,CIC-IDS-2018-EXFIL
14/02/2018 08:30:13,443,17,6773.821273029028,5,35,5925,96237,1,3,0.12502,6.4099,Bot,CIC-IDS-2018-EXFIL
14/02/2018 08:30:14,22,6,2168.316397590036,14,33,2308,12003,0,1,0.457209,6.0368,Bot,CIC-IDS-2018-EXFIL
14/02/2018 08:30:15,22,6,2710.570964117656,10,4,6645,10303,0,0,0.030631,5.5835,Bot,CIC-IDS-2018-EXFIL
14/02/2018 08:30:16,8443,6,1765.4865172922366,12,4,17731,23103,1,0,0.054433,6.6381,Bot,CIC-IDS-2018-EXFIL
14/02/2018 08:30:17,443,6,4232.596337996045,3,33,4350,42264,1,2,0.155774,6.4724,Bot,CIC-IDS-2018-EXFIL
14/02/2018 08:30:18,80,6,492.5965080733143,5,29,4340,65141,1,9,0.491809,0.5,Benign,CIC-IDS-2018-EXFIL
14/02/2018 08:30:19,22,6,2067.429287121627,42,12,33076,18046,1,1,0.165868,4.9438,Bot,CIC-IDS-2018-EXFIL
14/02/2018 08:30:20,8443,6,1246.0253922731142,4,15,2313,13978,0,11,0.609968,2.5182,Benign,CIC-IDS-2018-EXFIL
14/02/2018 08:30:21,443,17,4436.201856977211,24,15,6407,19442,1,6,0.017797,6.0321,Bot,CIC-IDS-2018-EXFIL
14/02/2018 08:30:22,8443,6,4877.550289762859,12,38,8796,83403,5,0,0.350241,2.2436,PortScan,CIC-IDS-2018-EXFIL
14/02/2018 08:30:23,443,6,899.6645879097912,7,37,5007,5663,0,0,0.213469,5.7373,Bot,CIC-IDS-2018-EXFIL
14/02/2018 08:30:24,8443,6,343.03075775098057,28,31,11621,64,1,2,0.243945,5.6283,Bot,CIC-IDS-2018-EXFIL
14/02/2018 08:30:25,53,17,6057.257908088381,11,18,10581,25374,0,1,0.138946,6.0994,Bot,CIC-IDS-2018-EXFIL
14/02/2018 08:30:26,445,6,1167.582758277016,8,25,8129,51641,1,0,0.108213,5.609,Bot,CIC-IDS-2018-EXFIL
14/02/2018 08:30:27,53,6,1333.0845589946505,7,19,7617,20394,1,0,0.065033,5.1351,Bot,CIC-IDS-2018-EXFIL
14/02/2018 08:30:28,22,6,7343.956884497856,22,13,5619,21947,0,2,0.171194,6.9053,Bot,CIC-IDS-2018-EXFIL
14/02/2018 08:30:29,80,6,1486.1975151351382,3,5,2988,13467,0,0,0.112838,5.6683,Bot,CIC-IDS-2018-EXFIL
14/02/2018 08:30:30,53,6,1613.104150755577,27,38,15603,78884,2,4,0.052928,6.9453,Bot,CIC-IDS-2018-EXFIL
14/02/2018 08:30:31,443,6,3514.1401912175593,56,12,64,28056,1,1,0.115776,3.3618,Bot,CIC-IDS-2018-EXFIL
14/02/2018 08:30:32,21,6,2437.526897061791,32,32,23114,19776,5,5,0.247069,0.9725,PortScan,CIC-IDS-2018-EXFIL
14/02/2018 08:30:33,443,6,748.808608865914,37,7,18724,22225,0,11,0.778193,0.5,Benign,CIC-IDS-2018-EXFIL
14/02/2018 08:30:34,445,6,3883.680110870185,32,10,17391,12532,1,6,0.143232,1.9289,Benign,CIC-IDS-2018-EXFIL
14/02/2018 08:30:35,80,6,510.3608900027824,7,16,9885,32596,1,0,0.021156,5.8437,Bot,CIC-IDS-2018-EXFIL
14/02/2018 08:30:36,53,6,18732.22381973846,26,13,15912,27153,0,5,0.194699,6.2136,Bot,CIC-IDS-2018-EXFIL
14/02/2018 08:30:37,80,6,477.64655811088386,12,24,7946,47915,1,3,0.325676,4.2649,Bot,CIC-IDS-2018-EXFIL
14/02/2018 08:30:38,8443,6,2147.3136552325805,24,10,23292,12725,0,3,0.043303,5.1117,Bot,CIC-IDS-2018-EXFIL
14/02/2018 08:30:39,3389,6,6940.822599257771,15,8,7654,24718,0,3,0.371582,5.9393,Bot,CIC-IDS-2018-EXFIL
14/02/2018 08:30:40,445,17,5330.216841034215,7,26,7177,50019,2,2,0.212946,6.8785,Data-Exfiltration-DNS,CIC-IDS-2018-EXFIL
14/02/2018 08:30:41,21,6,7832.314272666953,2,27,3864,44946,1,2,0.208994,7.95,Data-Exfiltration-DNS,CIC-IDS-2018-EXFIL
14/02/2018 08:30:42,445,6,4533.794164850256,3,31,1372,23386,1,0,0.024913,7.5637,Data-Exfiltration-DNS,CIC-IDS-2018-EXFIL
14/02/2018 08:30:43,3389,6,1868.8759019721356,6,53,6110,40481,0,7,0.440788,7.95,Data-Exfiltration-DNS,CIC-IDS-2018-EXFIL
14/02/2018 08:30:44,22,6,177.6181664860027,18,10,4863,20523,1,7,0.581653,1.2345,Benign,CIC-IDS-2018-EXFIL
14/02/2018 08:30:45,53,6,2851.469978689765,26,17,18071,34415,1,0,0.155193,5.8865,Data-Exfiltration-DNS,CIC-IDS-2018-EXFIL
14/02/2018 08:30:46,22,6,2871.6759625362497,4,26,5731,61810,1,1,0.497861,6.0203,Data-Exfiltration-DNS,CIC-IDS-2018-EXFIL
14/02/2018 08:30:47,22,6,7200.723021304165,5,8,3701,11531,0,2,0.089341,6.7519,Data-Exfiltration-DNS,CIC-IDS-2018-EXFIL
14/02/2018 08:30:48,53,17,2199.386549838874,9,3,3519,10574,0,2,0.279892,7.3139,Data-Exfiltration-DNS,CIC-IDS-2018-EXFIL
14/02/2018 08:30:49,443,6,298.14697725681424,11,66,11019,57396,1,3,0.411815,5.9654,Data-Exfiltration-DNS,CIC-IDS-2018-EXFIL
14/02/2018 08:30:50,8443,6,2799.966452543366,3,59,6439,64,1,1,0.301696,7.2944,Data-Exfiltration-DNS,CIC-IDS-2018-EXFIL
14/02/2018 08:30:51,445,6,2652.8068937344433,5,15,6287,29651,1,3,0.431753,7.72,Data-Exfiltration-DNS,CIC-IDS-2018-EXFIL
14/02/2018 08:30:52,8443,6,9331.6793852849,27,30,10463,22957,1,1,0.281395,7.0778,Data-Exfiltration-DNS,CIC-IDS-2018-EXFIL
14/02/2018 08:30:53,3389,6,137.64743713303133,17,18,2186,31260,1,1,0.14388,7.0341,Data-Exfiltration-DNS,CIC-IDS-2018-EXFIL
14/02/2018 08:30:54,8443,6,917.9328509400491,42,4,19888,15028,1,1,0.123872,6.7493,Data-Exfiltration-DNS,CIC-IDS-2018-EXFIL
14/02/2018 08:30:55,8443,6,1389.6638584951254,7,55,3108,43365,0,3,0.04948,6.2328,Data-Exfiltration-DNS,CIC-IDS-2018-EXFIL
14/02/2018 08:30:56,53,6,6502.470868929711,2,2,4398,11391,0,1,0.107779,7.1223,Data-Exfiltration-DNS,CIC-IDS-2018-EXFIL
14/02/2018 08:30:57,3389,6,9376.863372489875,11,13,8695,26327,0,0,0.152182,7.95,Data-Exfiltration-DNS,CIC-IDS-2018-EXFIL
14/02/2018 08:30:58,3389,17,500.66183416856154,13,11,2887,23791,1,1,0.118283,6.7421,Data-Exfiltration-DNS,CIC-IDS-2018-EXFIL
14/02/2018 08:30:59,443,6,623.6031350290623,4,6,64,2814,0,9,0.467732,2.6856,Benign,CIC-IDS-2018-EXFIL
14/02/2018 08:31:00,22,6,1617.685718120381,22,19,5130,25209,2,3,0.212371,7.7977,Data-Exfiltration-DNS,CIC-IDS-2018-EXFIL
14/02/2018 08:31:01,445,6,3172.2324564097626,8,8,4399,23574,1,2,0.217219,6.5342,Data-Exfiltration-DNS,CIC-IDS-2018-EXFIL
14/02/2018 08:31:02,53,6,1740.8949775073902,45,4,23020,13940,2,3,0.010209,4.8357,Data-Exfiltration-DNS,CIC-IDS-2018-EXFIL
14/02/2018 08:31:03,22,17,6572.636870107998,6,24,4204,33867,1,1,0.089378,7.4576,Data-Exfiltration-DNS,CIC-IDS-2018-EXFIL
14/02/2018 08:31:04,53,6,2748.732265803183,15,5,13549,10475,0,1,0.416271,7.092,Data-Exfiltration-DNS,CIC-IDS-2018-EXFIL
14/02/2018 08:31:05,53,6,3325.386127295003,2,3,2265,9488,5,2,0.101182,7.95,Data-Exfiltration-DNS,CIC-IDS-2018-EXFIL
14/02/2018 08:31:06,3389,6,1607.614564391841,21,46,64,99397,0,3,0.27155,6.4672,Data-Exfiltration-DNS,CIC-IDS-2018-EXFIL
14/02/2018 08:31:07,445,6,6658.080788258352,12,7,15124,13414,0,1,0.165365,7.0506,Data-Exfiltration-DNS,CIC-IDS-2018-EXFIL
14/02/2018 08:31:08,22,6,26093.86066778619,18,31,14722,17198,4,1,0.005471,7.95,Data-Exfiltration-DNS,CIC-IDS-2018-EXFIL
14/02/2018 08:31:09,22,6,761.2866152232758,8,12,6015,10986,2,1,0.069801,7.95,Data-Exfiltration-DNS,CIC-IDS-2018-EXFIL
14/02/2018 08:31:10,22,17,5028.254955755584,15,43,11164,32892,6,0,0.506982,2.0823,PortScan,CIC-IDS-2018-EXFIL
14/02/2018 08:31:11,8443,6,3843.7950388420586,32,5,18191,22927,0,1,0.079295,6.5229,Data-Exfiltration-DNS,CIC-IDS-2018-EXFIL
14/02/2018 08:31:12,3389,6,2428.686126644393,8,13,8588,40476,2,1,0.149565,7.3392,Data-Exfiltration-DNS,CIC-IDS-2018-EXFIL
14/02/2018 08:31:13,445,6,4508.132756671887,75,11,66536,3391,0,1,0.096861,5.7185,Data-Exfiltration-DNS,CIC-IDS-2018-EXFIL
14/02/2018 08:31:14,80,6,331.8032391633675,27,3,8427,14361,0,3,0.186165,6.8939,Data-Exfiltration-DNS,CIC-IDS-2018-EXFIL
14/02/2018 08:31:15,3389,6,2875.549214021191,18,2,12538,12496,0,3,0.284907,4.7905,Data-Exfiltration-DNS,CIC-IDS-2018-EXFIL
14/02/2018 08:31:16,443,6,180.12414075902169,3,5,7494,19707,0,3,0.145104,6.771,Data-Exfiltration-DNS,CIC-IDS-2018-EXFIL
14/02/2018 08:31:17,21,17,3342.335699155818,19,50,7725,73502,1,1,0.000615,6.2821,Data-Exfiltration-DNS,CIC-IDS-2018-EXFIL
14/02/2018 08:31:18,3389,6,12117.929216368037,6,3,1977,9766,0,3,0.162472,7.5986,Data-Exfiltration-DNS,CIC-IDS-2018-EXFIL
14/02/2018 08:31:19,8443,6,13638.926535251325,5,28,6366,48252,2,0,0.300725,7.7486,Data-Exfiltration-DNS,CIC-IDS-2018-EXFIL
14/02/2018 08:31:20,53,17,311.00304272115613,52,2,19920,4236,3,2,0.037809,7.3268,Data-Exfiltration-DNS,CIC-IDS-2018-EXFIL
14/02/2018 08:31:21,443,6,8882.211436112735,41,11,22024,22562,1,3,0.531082,7.2539,Data-Exfiltration-DNS,CIC-IDS-2018-EXFIL
14/02/2018 08:31:22,8443,6,257.6447707458957,16,11,9002,64,1,2,0.125023,6.0964,Data-Exfiltration-DNS,CIC-IDS-2018-EXFIL
14/02/2018 08:31:23,443,6,691.7527591682299,23,25,6869,26034,1,1,0.098609,7.95,Data-Exfiltration-DNS,CIC-IDS-2018-EXFIL
14/02/2018 08:31:24,445,6,2337.844855011457,5,41,6813,136443,0,1,0.146943,4.9763,Data-Exfiltration-DNS,CIC-IDS-2018-EXFIL
14/02/2018 08:31:25,8443,6,2294.36820574967,10,23,12887,34493,0,3,0.007742,6.5637,Data-Exfiltration-DNS,CIC-IDS-2018-EXFIL
14/02/2018 08:31:26,53,6,588.294980182718,4,71,5015,52893,1,2,0.113058,6.3372,Data-Exfiltration-DNS,CIC-IDS-2018-EXFIL
14/02/2018 08:31:27,3389,6,2913.1431057613963,2,9,1114,23901,2,2,0.196102,5.2218,Data-Exfiltration-DNS,CIC-IDS-2018-EXFIL
14/02/2018 08:31:28,3389,6,1302.3426525174243,25,19,11851,28013,1,3,0.063479,6.5515,Data-Exfiltration-DNS,CIC-IDS-2018-EXFIL
14/02/2018 08:31:29,3389,6,1142.1540385065655,8,9,4898,9703,1,2,0.271038,7.171,Data-Exfiltration-DNS,CIC-IDS-2018-EXFIL
14/02/2018 08:31:30,445,6,3492.3126952547423,62,7,36964,20503,1,2,0.283241,7.58,Data-Exfiltration-DNS,CIC-IDS-2018-EXFIL
14/02/2018 08:31:31,443,6,6165.097137258658,46,9,61791,19469,0,3,0.281741,7.95,Data-Exfiltration-DNS,CIC-IDS-2018-EXFIL
14/02/2018 08:31:32,80,6,18804.117199208114,7,62,4889,83956,0,0,0.151422,5.9889,Data-Exfiltration-DNS,CIC-IDS-2018-EXFIL
14/02/2018 08:31:33,53,6,3569.9167498487786,48,42,11417,38503,0,2,0.032994,5.1526,Data-Exfiltration-DNS,CIC-IDS-2018-EXFIL
14/02/2018 08:31:34,21,6,7444.1155431293255,4,8,5644,7046,0,4,0.148462,6.4495,Data-Exfiltration-DNS,CIC-IDS-2018-EXFIL
14/02/2018 08:31:35,80,17,354.98940563087183,15,2,7490,5037,1,3,0.010373,7.0214,Data-Exfiltration-DNS,CIC-IDS-2018-EXFIL
14/02/2018 08:31:36,53,6,10730.670974641105,30,7,13661,28251,2,3,0.305672,0.8714,PortScan,CIC-IDS-2018-EXFIL
14/02/2018 08:31:37,80,6,2285.988940542034,2,5,4570,13770,0,2,0.389445,0.5,Benign,CIC-IDS-2018-EXFIL
14/02/2018 08:31:38,21,6,1761.5254050563608,5,3,6170,4499,1,2,0.228787,6.7201,Data-Exfiltration-DNS,CIC-IDS-2018-EXFIL
14/02/2018 08:31:39,80,6,4033.4395423621545,5,6,5325,9900,0,2,0.094734,6.1393,Data-Exfiltration-DNS,CIC-IDS-2018-EXFIL
14/02/2018 08:31:40,21,6,698.4680870502509,16,19,12141,40226,8,1,0.37584,1.9065,PortScan,CIC-IDS-2018-EXFIL
14/02/2018 08:31:41,21,6,946.0088883789172,2,67,1795,87158,4,2,0.02704,2.5759,PortScan,CIC-IDS-2018-EXFIL
14/02/2018 08:31:42,3389,6,4546.851921579709,29,3,22464,15106,5,0,0.3593,1.5392,PortScan,CIC-IDS-2018-EXFIL
14/02/2018 08:31:43,80,6,294.55849709410506,3,11,4271,28352,0,1,0.125734,4.993,Data-Exfiltration-DNS,CIC-IDS-2018-EXFIL
14/02/2018 08:31:44,443,6,1023.7856044989063,15,52,7547,104718,0,1,0.084035,5.9455,Data-Exfiltration-DNS,CIC-IDS-2018-EXFIL
14/02/2018 08:31:45,3389,17,181.69825212889458,12,18,5111,9124,2,1,0.059774,5.4914,Data-Exfiltration-DNS,CIC-IDS-2018-EXFIL
14/02/2018 08:31:46,3389,6,5119.31069877999,9,32,8228,67273,1,2,0.066406,6.2656,Data-Exfiltration-DNS,CIC-IDS-2018-EXFIL
14/02/2018 08:31:47,8443,6,3566.3403877379014,13,38,15237,38028,1,0,0.079029,7.95,Data-Exfiltration-DNS,CIC-IDS-2018-EXFIL
14/02/2018 08:31:48,443,6,6937.398041439655,15,8,10637,5127,0,1,0.130257,6.7341,Data-Exfiltration-DNS,CIC-IDS-2018-EXFIL
14/02/2018 08:31:49,22,6,5170.020175985169,50,6,63576,17846,0,3,0.094716,5.9743,Data-Exfiltration-DNS,CIC-IDS-2018-EXFIL
14/02/2018 08:31:50,53,6,1768.2603749858977,13,25,11445,34718,1,2,0.277146,5.6824,Data-Exfiltration-DNS,CIC-IDS-2018-EXFIL
14/02/2018 08:31:51,21,6,2104.2463400811885,4,4,5771,6027,0,3,0.060056,7.7864,Data-Exfiltration-DNS,CIC-IDS-2018-EXFIL
14/02/2018 08:31:52,53,6,3025.646123640379,2,13,3943,19350,0,9,0.483233,2.2696,Benign,CIC-IDS-2018-EXFIL
14/02/2018 08:31:53,8443,6,290.36693372041174,25,26,64,46096,3,2,0.314919,7.95,Data-Exfiltration-DNS,CIC-IDS-2018-EXFIL
14/02/2018 08:31:54,8443,17,388.9095542695433,2,9,2454,25213,2,6,0.125988,7.6647,Data-Exfiltration-DNS,CIC-IDS-2018-EXFIL
14/02/2018 08:31:55,443,6,2697.0974440987725,13,9,10490,22589,3,1,0.155386,6.0756,Data-Exfiltration-DNS,CIC-IDS-2018-EXFIL
14/02/2018 08:31:56,53,6,798.1853330607444,42,37,6564,61133,1,1,0.039573,6.3248,Data-Exfiltration-DNS,CIC-IDS-2018-EXFIL
14/02/2018 08:31:57,53,17,1306.3497938895523,2,9,2344,20565,2,3,0.059887,6.0082,Data-Exfiltration-DNS,CIC-IDS-2018-EXFIL
14/02/2018 08:31:58,8443,6,258.360378421179,15,24,16590,41309,0,3,0.440492,7.2541,Data-Exfiltration-DNS,CIC-IDS-2018-EXFIL
14/02/2018 08:31:59,8443,6,3896.9749229273734,17,20,9161,29535,0,2,0.204282,7.95,Data-Exfiltration-DNS,CIC-IDS-2018-EXFIL
14/02/2018 08:32:00,22,6,1414.5394763061624,49,2,29359,8936,1,15,0.363512,0.7692,Benign,CIC-IDS-2018-EXFIL
14/02/2018 08:32:01,445,6,10100.002052274946,8,21,6637,61291,0,9,0.302805,1.774,Benign,CIC-IDS-2018-EXFIL
14/02/2018 08:32:02,3389,6,3117.404381025563,56,34,44824,53675,1,7,0.472779,0.9065,Benign,CIC-IDS-2018-EXFIL
14/02/2018 08:32:03,443,6,3619.7359099748146,10,48,6840,70366,0,12,0.376392,1.9248,Benign,CIC-IDS-2018-EXFIL
14/02/2018 08:32:04,443,6,571.2831429512448,12,2,2593,6139,1,6,0.673391,1.2877,Benign,CIC-IDS-2018-EXFIL
14/02/2018 08:32:05,8443,6,2697.1306813764336,34,17,28809,31582,0,6,0.376218,0.5759,Benign,CIC-IDS-2018-EXFIL
14/02/2018 08:32:06,80,6,1982.900214119445,14,7,7964,9543,2,11,0.544203,0.5,Benign,CIC-IDS-2018-EXFIL
14/02/2018 08:32:07,443,6,1004.1041127208107,5,2,3293,1427,0,8,0.147675,2.041,Benign,CIC-IDS-2018-EXFIL
14/02/2018 08:32:08,445,17,1064.0719942522865,18,10,20155,21541,0,3,0.482786,2.194,Benign,CIC-IDS-2018-EXFIL
14/02/2018 08:32:09,53,6,5278.748067548984,7,39,8318,103607,0,10,0.557471,1.5929,Benign,CIC-IDS-2018-EXFIL
14/02/2018 08:32:10,443,17,2268.376745807078,28,31,18431,5253,1,10,0.602188,1.8746,Benign,CIC-IDS-2018-EXFIL
14/02/2018 08:32:11,21,6,6627.92552070915,40,55,25483,61295,1,7,0.646221,0.5036,Benign,CIC-IDS-2018-EXFIL
14/02/2018 08:32:12,8443,6,509.30371973222026,10,53,5446,96259,0,8,0.344195,1.6035,Benign,CIC-IDS-2018-EXFIL
14/02/2018 08:32:13,53,6,9015.943469451582,10,15,11793,14564,2,7,0.789357,2.3069,Benign,CIC-IDS-2018-EXFIL
14/02/2018 08:32:14,80,6,2844.728351566853,24,9,13495,12738,1,9,0.279725,2.3649,Benign,CIC-IDS-2018-EXFIL
14/02/2018 08:32:15,8443,6,2492.71557752302,4,6,2723,27916,0,7,0.532306,0.9334,Benign,CIC-IDS-2018-EXFIL
14/02/2018 08:32:16,53,6,3957.4877459856275,25,4,8205,9639,0,8,0.653512,1.3182,Benign,CIC-IDS-2018-EXFIL
14/02/2018 08:32:17,443,6,4797.305373545568,49,6,19509,16641,1,8,0.699097,0.7834,Benign,CIC-IDS-2018-EXFIL
14/02/2018 08:32:18,21,17,2799.70795558817,34,18,13093,50626,1,9,0.560801,1.0396,Benign,CIC-IDS-2018-EXFIL
14/02/2018 08:32:19,80,6,1009.5878339365007,29,45,39264,93629,1,6,0.352928,0.5,Benign,CIC-IDS-2018-EXFIL
14/02/2018 08:32:20,21,6,802.0338255876889,22,32,976,42340,5,2,0.358162,1.3763,PortScan,CIC-IDS-2018-EXFIL
14/02/2018 08:32:21,443,6,5580.519041381326,22,5,25732,15249,3,8,0.681454,1.4874,Benign,CIC-IDS-2018-EXFIL
14/02/2018 08:32:22,53,6,1743.5859593363355,8,3,7972,18614,8,4,0.17945,3.3349,PortScan,CIC-IDS-2018-EXFIL
14/02/2018 08:32:23,21,6,3224.8860069127395,8,12,5319,10549,0,13,0.20466,1.555,Benign,CIC-IDS-2018-EXFIL
14/02/2018 08:32:24,53,6,1670.5750197037282,19,6,5381,8225,1,10,0.619948,0.9122,Benign,CIC-IDS-2018-EXFIL
14/02/2018 08:32:25,53,6,849.252149594845,7,13,2346,4944,2,10,0.231286,1.3505,Benign,CIC-IDS-2018-EXFIL
14/02/2018 08:32:26,3389,6,12894.853401787543,15,15,12269,45788,0,11,0.039352,1.2091,Benign,CIC-IDS-2018-EXFIL
14/02/2018 08:32:27,8443,6,3153.729602484653,30,18,26911,19680,0,5,0.752717,1.0688,Benign,CIC-IDS-2018-EXFIL
14/02/2018 08:32:28,8443,17,325.2195527988286,4,10,6396,30713,0,5,0.887546,1.4934,Benign,CIC-IDS-2018-EXFIL
14/02/2018 08:32:29,443,6,5962.014979209041,54,34,23160,31605,1,7,0.582217,0.6371,Benign,CIC-IDS-2018-EXFIL
14/02/2018 08:32:30,53,17,3434.390209571697,23,53,8731,89499,1,9,0.704136,0.5381,Benign,CIC-IDS-2018-EXFIL
14/02/2018 08:32:31,445,6,544.9698844007526,5,19,9592,36447,0,5,0.255382,2.6493,Benign,CIC-IDS-2018-EXFIL
14/02/2018 08:32:32,22,6,6096.681136477413,18,29,19391,64381,2,5,0.164302,0.5,Benign,CIC-IDS-2018-EXFIL
14/02/2018 08:32:33,80,17,2320.071113758895,21,70,19299,35155,0,9,0.684458,1.9328,Benign,CIC-IDS-2018-EXFIL
14/02/2018 08:32:34,21,6,5791.979516075614,15,6,7781,14171,0,13,0.582973,1.9208,Benign,CIC-IDS-2018-EXFIL
14/02/2018 08:32:35,3389,6,1502.9287312068104,12,14,9764,60382,2,6,0.552494,2.0124,Benign,CIC-IDS-2018-EXFIL
14/02/2018 08:32:36,22,6,964.943148709765,13,3,9901,16329,0,6,0.703719,2.1257,Benign,CIC-IDS-2018-EXFIL
14/02/2018 08:32:37,21,6,7199.533610905422,22,14,10398,2954,1,13,0.294619,1.0445,Benign,CIC-IDS-2018-EXFIL
14/02/2018 08:32:38,80,6,6900.9923581196,26,26,32697,1855,0,7,0.677655,2.2383,Benign,CIC-IDS-2018-EXFIL
14/02/2018 08:32:39,3389,6,3161.2920356562095,5,4,2238,20444,1,7,0.246728,1.4567,Benign,CIC-IDS-2018-EXFIL
14/02/2018 08:32:40,445,17,3710.4251479884924,11,6,7736,17720,1,4,0.435661,1.3795,Benign,CIC-IDS-2018-EXFIL
14/02/2018 08:32:41,22,6,2938.262660152616,32,14,19531,25083,0,11,0.637733,1.4031,Benign,CIC-IDS-2018-EXFIL
14/02/2018 08:32:42,3389,17,2793.8489673554554,3,10,3838,11220,0,5,0.699217,0.9723,Benign,CIC-IDS-2018-EXFIL
14/02/2018 08:32:43,443,17,1198.6775585834503,5,10,7705,29764,1,10,0.354101,2.3968,Benign,CIC-IDS-2018-EXFIL
14/02/2018 08:32:44,21,6,5188.704133155288,20,11,8622,19971,0,6,0.484312,0.5,Benign,CIC-IDS-2018-EXFIL
14/02/2018 08:32:45,80,17,3567.4875662674212,11,5,6183,12435,5,5,0.256616,2.2737,PortScan,CIC-IDS-2018-EXFIL
14/02/2018 08:32:46,22,6,712.0364507211096,11,38,6052,60898,1,8,0.050093,0.58,Benign,CIC-IDS-2018-EXFIL
14/02/2018 08:32:47,8443,6,4415.424790242405,12,41,12703,68787,2,10,0.093374,1.6011,Benign,CIC-IDS-2018-EXFIL
14/02/2018 08:32:48,80,17,1851.2794147533273,5,53,2725,64,1,3,0.70252,2.459,Benign,CIC-IDS-2018-EXFIL
14/02/2018 08:32:49,3389,6,10194.831091885851,8,12,7886,58028,0,7,0.292512,1.25,Benign,CIC-IDS-2018-EXFIL
14/02/2018 08:32:50,22,17,1872.1323205786807,25,9,22607,22100,0,8,0.113607,1.6744,Benign,CIC-IDS-2018-EXFIL
14/02/2018 08:32:51,21,6,1310.4019855319532,7,15,3341,20337,5,5,0.436874,1.1998,Benign,CIC-IDS-2018-EXFIL
14/02/2018 08:32:52,22,6,1851.2688920261273,9,38,5851,6707,0,4,0.501716,1.4966,Benign,CIC-IDS-2018-EXFIL
14/02/2018 08:32:53,22,6,888.9873323835849,10,14,10781,43386,1,13,0.515314,0.9548,Benign,CIC-IDS-2018-EXFIL
14/02/2018 08:32:54,21,6,1638.9390962788182,5,6,3609,8730,1,5,0.090219,2.3792,Benign,CIC-IDS-2018-EXFIL
14/02/2018 08:32:55,22,6,2528.9485328783508,4,15,7762,28025,1,5,0.000579,0.8081,Benign,CIC-IDS-2018-EXFIL
14/02/2018 08:32:56,8443,6,983.8858472087404,21,8,15761,24255,0,7,0.185932,0.9351,Benign,CIC-IDS-2018-EXFIL
14/02/2018 08:32:57,8443,6,839.8023787724437,25,13,14902,14050,3,9,0.668867,0.5,Benign,CIC-IDS-2018-EXFIL
14/02/2018 08:32:58,21,6,366.1759036802171,48,53,23697,84324,2,5,0.244904,0.7226,Benign,CIC-IDS-2018-EXFIL
14/02/2018 08:32:59,22,6,5331.252431390751,22,72,5534,64,1,6,0.531698,1.8836,Benign,CIC-IDS-2018-EXFIL
14/02/2018 08:33:00,21,6,1589.7542649972274,3,34,3124,69873,0,11,0.412024,0.5745,Benign,CIC-IDS-2018-EXFIL
14/02/2018 08:33:01,3389,6,1503.5790197074741,47,39,21702,38871,1,9,0.259979,1.3162,Benign,CIC-IDS-2018-EXFIL
14/02/2018 08:33:02,21,6,527.2134471579807,33,19,13585,2426,1,8,0.736194,0.5,Benign,CIC-IDS-2018-EXFIL
14/02/2018 08:33:03,53,6,151.78742806925516,4,10,4578,584,3,4,0.348058,2.1018,Benign,CIC-IDS-2018-EXFIL
14/02/2018 08:33:04,445,6,1136.2217481959626,22,22,8455,29152,1,7,0.413465,0.7863,Benign,CIC-IDS-2018-EXFIL
14/02/2018 08:33:05,3389,6,2920.7984497509447,3,40,4933,93171,1,9,0.335101,0.626,Benign,CIC-IDS-2018-EXFIL
14/02/2018 08:33:06,445,6,1751.5303955801685,16,11,14552,20310,3,6,0.001774,3.0041,Benign,CIC-IDS-2018-EXFIL
14/02/2018 08:33:07,8443,6,13454.360409441482,9,2,9923,4660,1,7,0.657294,0.9229,Benign,CIC-IDS-2018-EXFIL
14/02/2018 08:33:08,22,6,4813.208425706325,5,5,7382,16953,0,9,0.507966,0.5,Benign,CIC-IDS-2018-EXFIL
14/02/2018 08:33:09,8443,6,7133.137502357082,2,28,1716,18979,0,11,0.163667,0.9045,Benign,CIC-IDS-2018-EXFIL
14/02/2018 08:33:10,443,6,825.3569664782001,4,8,2563,15529,1,5,0.416948,1.0363,Benign,CIC-IDS-2018-EXFIL
14/02/2018 08:33:11,445,6,742.6696223921301,16,7,5491,20278,2,9,0.483077,0.5,Benign,CIC-IDS-2018-EXFIL
14/02/2018 08:33:12,53,17,872.7829062411028,10,98,4853,139021,0,13,0.227288,1.9584,Benign,CIC-IDS-2018-EXFIL
14/02/2018 08:33:13,3389,6,807.1930672565643,21,36,5271,23094,0,9,0.291413,1.5801,Benign,CIC-IDS-2018-EXFIL
14/02/2018 08:33:14,22,6,887.05274670721,25,27,25469,10699,1,8,0.407718,1.3715,Benign,CIC-IDS-2018-EXFIL
14/02/2018 08:33:15,80,6,6334.5021718879925,31,2,15385,8783,0,6,0.74897,0.5,Benign,CIC-IDS-2018-EXFIL
14/02/2018 08:33:16,53,6,2963.0851354229735,45,25,29555,52350,0,2,0.266782,1.7789,Benign,CIC-IDS-2018-EXFIL
14/02/2018 08:33:17,22,6,509.64948207174064,6,37,3662,63803,3,8,0.377847,0.5,Benign,CIC-IDS-2018-EXFIL
14/02/2018 08:33:18,80,17,5101.710883512363,28,7,16538,11721,1,8,0.571981,1.3034,Benign,CIC-IDS-2018-EXFIL
14/02/2018 08:33:19,53,6,713.1506150521599,12,24,14486,15203,3,9,0.649175,1.7096,Benign,CIC-IDS-2018-EXFIL
14/02/2018 08:33:20,3389,6,4987.544120405529,21,66,16536,83677,2,1,0.409595,1.3571,PortScan,CIC-IDS-2018-EXFIL
14/02/2018 08:33:21,3389,17,2417.237997885966,27,45,12986,47120,8,0,0.591481,3.1752,PortScan,CIC-IDS-2018-EXFIL
14/02/2018 08:33:22,53,6,277.01171792033205,16,3,6097,2347,5,0,0.62114,2.52,PortScan,CIC-IDS-2018-EXFIL
14/02/2018 08:33:23,53,6,1988.139889988801,3,6,3701,12740,6,0,0.212934,1.683,PortScan,CIC-IDS-2018-EXFIL
14/02/2018 08:33:24,53,17,4603.968238375565,11,13,4079,8439,5,2,0.045397,3.3981,PortScan,CIC-IDS-2018-EXFIL
14/02/2018 08:33:25,22,17,3359.020321116068,3,12,3693,23470,8,0,0.144468,3.115,PortScan,CIC-IDS-2018-EXFIL
14/02/2018 08:33:26,80,6,2515.7866075329903,5,24,7099,64,8,2,0.587817,2.0494,PortScan,CIC-IDS-2018-EXFIL
14/02/2018 08:33:27,443,6,7131.848998230987,11,13,7987,8373,8,4,0.596719,2.6086,PortScan,CIC-IDS-2018-EXFIL
14/02/2018 08:33:28,3389,6,8856.541223544971,3,9,5103,16293,4,3,0.422792,2.128,PortScan,CIC-IDS-2018-EXFIL
14/02/2018 08:33:29,8443,6,7181.144409201749,32,12,23469,6922,2,3,0.61286,3.2977,PortScan,CIC-IDS-2018-EXFIL
14/02/2018 08:33:30,80,6,2967.389851820367,26,2,12707,8175,7,6,0.437566,2.2039,PortScan,CIC-IDS-2018-EXFIL
14/02/2018 08:33:31,22,6,201.52950425509346,2,15,4880,46820,4,2,0.003214,3.6744,PortScan,CIC-IDS-2018-EXFIL
14/02/2018 08:33:32,22,6,2695.3517976095027,15,29,1596,29472,2,10,0.442868,1.313,Benign,CIC-IDS-2018-EXFIL
14/02/2018 08:33:33,8443,6,11392.525092349695,10,9,8662,13215,8,1,0.606959,2.7969,PortScan,CIC-IDS-2018-EXFIL
14/02/2018 08:33:34,53,17,1810.494465891689,14,31,15473,83090,8,1,0.242162,3.4629,PortScan,CIC-IDS-2018-EXFIL
14/02/2018 08:33:35,3389,6,3977.547726581257,8,42,5063,84950,8,1,0.204759,3.6131,PortScan,CIC-IDS-2018-EXFIL
14/02/2018 08:33:36,53,17,1050.3284093678396,10,3,1737,14121,6,1,0.68356,1.305,PortScan,CIC-IDS-2018-EXFIL
14/02/2018 08:33:37,445,6,2561.0033274740244,7,2,3109,12292,7,2,0.456327,1.6874,PortScan,CIC-IDS-2018-EXFIL
14/02/2018 08:33:38,443,6,1487.3876184468252,11,7,11378,5874,6,1,0.499907,1.6497,PortScan,CIC-IDS-2018-EXFIL
14/02/2018 08:33:39,445,6,753.9279030786921,3,9,3205,11089,6,0,0.485277,2.6065,PortScan,CIC-IDS-2018-EXFIL
14/02/2018 08:33:40,3389,6,3641.8797950962726,20,56,4788,91323,1,1,0.469564,3.4666,PortScan,CIC-IDS-2018-EXFIL
14/02/2018 08:33:41,22,6,1294.1251267294263,16,7,7075,12371,5,2,0.297243,2.6216,PortScan,CIC-IDS-2018-EXFIL
14/02/2018 08:33:42,22,6,4328.128096919195,26,27,64,43638,7,5,0.674458,3.6656,PortScan,CIC-IDS-2018-EXFIL
14/02/2018 08:33:43,53,6,2585.599941165053,25,28,20765,63220,3,2,0.409106,0.7206,PortScan,CIC-IDS-2018-EXFIL
14/02/2018 08:33:44,445,6,3006.7572966836015,11,12,10520,6791,2,2,0.428721,4.1548,PortScan,CIC-IDS-2018-EXFIL
14/02/2018 08:33:45,22,6,6997.128579185503,10,32,12290,57561,7,0,0.236041,2.5105,PortScan,CIC-IDS-2018-EXFIL
14/02/2018 08:33:46,21,6,1749.7825846627861,16,17,8462,4996,12,2,0.419689,2.5176,PortScan,CIC-IDS-2018-EXFIL
14/02/2018 08:33:47,8443,6,815.2331257661571,23,15,6802,33842,9,1,0.872249,1.0235,PortScan,CIC-IDS-2018-EXFIL
14/02/2018 08:33:48,445,17,3139.0578691493934,33,51,27406,134282,7,3,0.163958,2.0177,PortScan,CIC-IDS-2018-EXFIL
14/02/2018 08:33:49,21,6,611.6298759789784,9,20,6989,25852,2,11,0.305707,0.6417,Benign,CIC-IDS-2018-EXFIL
14/02/2018 08:33:50,443,6,1646.1234481883582,6,12,5890,33572,4,4,0.081061,4.2369,PortScan,CIC-IDS-2018-EXFIL
14/02/2018 08:33:51,445,6,2682.088801048702,3,10,2788,13096,3,3,0.342993,1.8678,PortScan,CIC-IDS-2018-EXFIL
14/02/2018 08:33:52,8443,6,913.3943255851342,21,3,64,17755,8,0,0.295208,1.5604,PortScan,CIC-IDS-2018-EXFIL
14/02/2018 08:33:53,22,6,503.1914183528703,6,7,3968,22838,4,2,0.593396,1.9265,PortScan,CIC-IDS-2018-EXFIL
14/02/2018 08:33:54,445,6,746.4974711057409,10,28,8636,28875,8,1,0.698311,2.2964,PortScan,CIC-IDS-2018-EXFIL
14/02/2018 08:33:55,8443,6,1173.3397280169004,8,7,1826,24280,10,2,0.456721,1.5093,PortScan,CIC-IDS-2018-EXFIL
14/02/2018 08:33:56,3389,6,8996.751309488507,3,13,5070,40964,5,4,0.523648,2.0829,PortScan,CIC-IDS-2018-EXFIL
14/02/2018 08:33:57,8443,6,1732.0928514503357,2,2,774,13043,8,2,0.585408,0.5,PortScan,CIC-IDS-2018-EXFIL
14/02/2018 08:33:58,22,6,512.1068654216037,9,6,5560,6500,8,3,0.607802,1.4057,PortScan,CIC-IDS-2018-EXFIL
14/02/2018 08:33:59,21,17,5731.577718072824,75,38,69340,37913,9,1,0.215831,3.309,PortScan,CIC-IDS-2018-EXFIL
14/02/2018 08:34:00,21,6,4978.154092357217,64,69,24585,136896,6,6,0.558372,2.8017,PortScan,CIC-IDS-2018-EXFIL
14/02/2018 08:34:01,8443,6,10959.567456475457,9,14,2423,13105,5,1,0.193786,3.4128,PortScan,CIC-IDS-2018-EXFIL
14/02/2018 08:34:02,22,6,1171.580643202053,13,21,8982,60568,5,2,0.491436,1.4818,PortScan,CIC-IDS-2018-EXFIL
14/02/2018 08:34:03,3389,17,1117.5468125810617,4,7,3253,4185,10,3,0.466171,2.7437,PortScan,CIC-IDS-2018-EXFIL
14/02/2018 08:34:04,21,6,8344.84940844285,4,20,4697,27189,7,1,0.198144,3.0345,PortScan,CIC-IDS-2018-EXFIL
14/02/2018 08:34:05,443,6,3211.6897107756436,15,12,4391,21970,10,2,0.321141,2.8038,PortScan,CIC-IDS-2018-EXFIL
14/02/2018 08:34:06,443,6,5749.301388949301,4,14,5748,31381,7,1,0.63572,3.3961,PortScan,CIC-IDS-2018-EXFIL
14/02/2018 08:34:07,443,6,4364.1626397571135,12,10,7082,20756,4,1,0.569118,1.472,PortScan,CIC-IDS-2018-EXFIL
14/02/2018 08:34:08,443,6,2012.629514959753,22,6,15437,11880,6,1,0.400953,1.8409,PortScan,CIC-IDS-2018-EXFIL
14/02/2018 08:34:09,443,17,4990.22825715482,2,5,2072,10003,6,2,0.295289,2.0698,PortScan,CIC-IDS-2018-EXFIL
14/02/2018 08:34:10,443,6,5340.058945746077,16,25,9956,64,7,2,0.542776,3.2164,PortScan,CIC-IDS-2018-EXFIL
14/02/2018 08:34:11,443,6,2497.8185910295524,9,7,8078,20998,13,1,0.30527,3.8944,PortScan,CIC-IDS-2018-EXFIL
14/02/2018 08:34:12,21,17,3377.8995748188154,4,24,5412,69667,8,0,0.511558,2.0733,PortScan,CIC-IDS-2018-EXFIL
14/02/2018 08:34:13,3389,6,1129.0222799006597,2,7,1068,31950,5,1,0.624917,1.9551,PortScan,CIC-IDS-2018-EXFIL
14/02/2018 08:34:14,53,6,5587.553892349131,12,27,10284,50228,5,3,0.10891,2.9423,PortScan,CIC-IDS-2018-EXFIL
14/02/2018 08:34:15,445,6,2610.625389560341,45,41,11764,52563,7,2,0.31742,1.7406,PortScan,CIC-IDS-2018-EXFIL
14/02/2018 08:34:16,443,6,2577.717792809807,30,23,4427,48238,7,2,0.79732,3.172,PortScan,CIC-IDS-2018-EXFIL
14/02/2018 08:34:17,22,6,2990.6659897333116,4,9,5788,9320,4,4,0.492381,3.6807,PortScan,CIC-IDS-2018-EXFIL
14/02/2018 08:34:18,53,6,3630.5195217284945,49,13,8997,31342,2,3,0.571769,2.8616,PortScan,CIC-IDS-2018-EXFIL
14/02/2018 08:34:19,53,6,6293.095046020643,38,11,37038,19082,6,1,0.422249,1.8764,PortScan,CIC-IDS-2018-EXFIL
14/02/2018 08:34:20,22,6,2258.5752978449977,10,15,8260,31802,10,3,0.703776,2.6385,PortScan,CIC-IDS-2018-EXFIL
14/02/2018 08:34:21,21,6,226.41330855905122,15,42,11180,113097,4,3,0.588961,2.4122,PortScan,CIC-IDS-2018-EXFIL
14/02/2018 08:34:22,443,17,196.67855678862924,17,12,10209,23506,5,0,0.416104,1.9088,PortScan,CIC-IDS-2018-EXFIL
14/02/2018 08:34:23,22,17,7638.084877243009,6,42,7236,64758,8,0,0.405189,2.9488,PortScan,CIC-IDS-2018-EXFIL
14/02/2018 08:34:24,80,6,422.16327312162656,31,24,32279,59829,5,2,0.718812,2.9955,PortScan,CIC-IDS-2018-EXFIL
14/02/2018 08:34:25,22,6,3004.3028530486613,4,7,236,12127,3,3,0.346292,4.793,PortScan,CIC-IDS-2018-EXFIL
14/02/2018 08:34:26,443,6,1595.991067993344,2,25,3505,48762,6,2,0.548797,2.5953,PortScan,CIC-IDS-2018-EXFIL
14/02/2018 08:34:27,3389,6,4115.2122095103305,11,2,13563,5435,5,0,0.388299,1.196,PortScan,CIC-IDS-2018-EXFIL
14/02/2018 08:34:28,8443,6,884.8347144666153,10,30,8310,96494,9,2,0.498946,3.0452,PortScan,CIC-IDS-2018-EXFIL
14/02/2018 08:34:29,53,17,2310.586055708967,8,16,10585,34494,1,12,0.274635,2.2322,Benign,CIC-IDS-2018-EXFIL
14/02/2018 08:34:30,80,6,8578.099819719044,8,11,8602,21902,6,1,0.406059,2.3967,PortScan,CIC-IDS-2018-EXFIL
14/02/2018 08:34:31,21,6,1067.5060703772715,11,5,7882,14051,5,6,0.335044,1.4511,PortScan,CIC-IDS-2018-EXFIL
14/02/2018 08:34:32,53,17,1563.9612522533441,6,4,3413,19261,4,2,0.403673,2.164,PortScan,CIC-IDS-2018-EXFIL
14/02/2018 08:34:33,21,6,7100.150904338585,24,20,6343,39235,5,0,0.937631,2.3602,PortScan,CIC-IDS-2018-EXFIL
14/02/2018 08:34:34,3389,6,841.0324344792547,3,6,2270,9699,12,0,0.271794,1.7689,PortScan,CIC-IDS-2018-EXFIL
14/02/2018 08:34:35,445,6,2826.453109370594,51,13,16396,11525,3,2,0.711525,2.6842,PortScan,CIC-IDS-2018-EXFIL
14/02/2018 08:34:36,445,6,232.56655147431195,6,51,6636,23123,11,1,0.310323,2.0746,PortScan,CIC-IDS-2018-EXFIL
14/02/2018 08:34:37,3389,6,4685.688514280606,11,8,5139,25111,1,5,0.450756,1.5517,Benign,CIC-IDS-2018-EXFIL
14/02/2018 08:34:38,3389,6,2489.267273421382,14,47,4836,36235,3,3,0.693907,2.5442,PortScan,CIC-IDS-2018-EXFIL
14/02/2018 08:34:39,8443,6,1120.3381898623984,8,26,9453,6462,6,0,0.674907,2.5878,PortScan,CIC-IDS-2018-EXFIL
14/02/2018 08:34:40,53,6,2102.346054604431,5,38,2518,38318,7,1,0.226168,2.1336,SSH-Bruteforce,CIC-IDS-2018-EXFIL
14/02/2018 08:34:41,80,6,4067.6447646958745,3,36,1862,88750,5,1,0.135988,4.3225,SSH-Bruteforce,CIC-IDS-2018-EXFIL
14/02/2018 08:34:42,53,6,587.0716395086238,4,11,3392,24724,0,6,0.29646,1.7844,Benign,CIC-IDS-2018-EXFIL
14/02/2018 08:34:43,80,6,4026.7698757360595,3,12,4523,31573,7,3,0.412121,3.06,SSH-Bruteforce,CIC-IDS-2018-EXFIL
14/02/2018 08:34:44,443,6,1386.7898616484592,17,2,12061,12830,3,3,0.647387,4.3767,SSH-Bruteforce,CIC-IDS-2018-EXFIL
14/02/2018 08:34:45,21,6,1051.0194529109335,9,4,11334,16650,7,2,0.313113,3.2779,PortScan,CIC-IDS-2018-EXFIL
14/02/2018 08:34:46,53,17,1082.545292110245,4,18,2886,11711,4,5,0.539504,2.3933,SSH-Bruteforce,CIC-IDS-2018-EXFIL
14/02/2018 08:34:47,21,6,522.7737973829671,17,86,11779,197415,7,0,0.596379,4.1758,SSH-Bruteforce,CIC-IDS-2018-EXFIL
14/02/2018 08:34:48,8443,17,7426.207364379703,3,7,7385,22139,6,1,0.405663,4.1286,SSH-Bruteforce,CIC-IDS-2018-EXFIL
14/02/2018 08:34:49,8443,17,4974.435904820079,19,33,22704,44471,6,1,0.838912,2.5691,PortScan,CIC-IDS-2018-EXFIL
14/02/2018 08:34:50,80,6,1207.252767535486,4,15,7394,37357,7,4,0.343823,3.9707,SSH-Bruteforce,CIC-IDS-2018-EXFIL
14/02/2018 08:34:51,443,17,2594.44652921312,2,58,1513,33741,9,0,0.312051,2.6745,SSH-Bruteforce,CIC-IDS-2018-EXFIL
14/02/2018 08:34:52,445,6,1662.1120324702724,6,7,7316,19411,6,3,0.587765,4.1011,SSH-Bruteforce,CIC-IDS-2018-EXFIL
14/02/2018 08:34:53,3389,6,9991.624953643157,56,10,50419,20924,7,3,0.518987,4.9738,SSH-Bruteforce,CIC-IDS-2018-EXFIL
14/02/2018 08:34:54,8443,17,1998.1216142208752,3,19,316,27245,5,1,0.120033,2.4156,SSH-Bruteforce,CIC-IDS-2018-EXFIL
14/02/2018 08:34:55,445,17,959.1223098802468,4,4,7628,13532,5,2,0.237389,5.1443,SSH-Bruteforce,CIC-IDS-2018-EXFIL
14/02/2018 08:34:56,53,6,576.928408065936,23,6,20935,16818,6,0,0.530326,4.8546,SSH-Bruteforce,CIC-IDS-2018-EXFIL
14/02/2018 08:34:57,8443,6,3855.7862051874986,16,16,5347,24670,8,1,0.020679,4.0531,SSH-Bruteforce,CIC-IDS-2018-EXFIL
14/02/2018 08:34:58,21,6,6162.21877033627,21,23,21945,71981,5,2,0.404286,4.2285,SSH-Bruteforce,CIC-IDS-2018-EXFIL
14/02/2018 08:34:59,53,6,2373.374660634346,20,16,14894,22061,8,2,0.294895,3.5339,SSH-Bruteforce,CIC-IDS-2018-EXFIL
14/02/2018 08:35:00,21,17,4591.1331775273475,11,5,8487,7133,7,2,0.472093,4.3161,SSH-Bruteforce,CIC-IDS-2018-EXFIL
14/02/2018 08:35:01,3389,6,4227.589445461927,25,6,12612,19051,2,2,0.49112,3.4713,SSH-Bruteforce,CIC-IDS-2018-EXFIL
14/02/2018 08:35:02,53,6,2618.322123621208,25,129,23445,241265,4,4,0.249142,3.4963,SSH-Bruteforce,CIC-IDS-2018-EXFIL
14/02/2018 08:35:03,80,6,581.611975290098,15,12,8595,64,9,4,0.426523,3.3508,SSH-Bruteforce,CIC-IDS-2018-EXFIL
14/02/2018 08:35:04,80,17,845.6352941454153,7,11,5794,22787,5,2,0.743951,3.8335,SSH-Bruteforce,CIC-IDS-2018-EXFIL
14/02/2018 08:35:05,22,6,2537.129118051243,19,2,12149,8888,6,3,0.092174,2.3287,SSH-Bruteforce,CIC-IDS-2018-EXFIL
14/02/2018 08:35:06,53,6,197.90240276325488,20,39,15138,45937,9,3,0.728279,2.9599,SSH-Bruteforce,CIC-IDS-2018-EXFIL
14/02/2018 08:35:07,80,6,15996.297457349016,8,32,5041,56746,7,0,0.524227,3.6137,SSH-Bruteforce,CIC-IDS-2018-EXFIL
14/02/2018 08:35:08,8443,6,1408.1117072771688,16,2,10032,7029,3,1,0.391852,3.6298,SSH-Bruteforce,CIC-IDS-2018-EXFIL
14/02/2018 08:35:09,80,6,3888.2892231899414,20,17,12377,29940,8,1,0.27934,3.3413,SSH-Bruteforce,CIC-IDS-2018-EXFIL
14/02/2018 08:35:10,443,6,296.0701659098286,6,5,8752,9126,3,2,0.211752,3.6849,SSH-Bruteforce,CIC-IDS-2018-EXFIL
14/02/2018 08:35:11,80,6,668.4824845830265,13,23,10652,59644,5,2,0.298756,2.7746,SSH-Bruteforce,CIC-IDS-2018-EXFIL
14/02/2018 08:35:12,8443,6,10218.010547752756,14,9,9068,8614,5,1,0.417211,4.1588,SSH-Bruteforce,CIC-IDS-2018-EXFIL
14/02/2018 08:35:13,53,6,6589.650826814755,2,40,5051,21138,6,0,0.626584,3.7349,SSH-Bruteforce,CIC-IDS-2018-EXFIL
14/02/2018 08:35:14,21,6,4813.331701096664,8,3,4458,12840,3,6,0.383682,3.4335,SSH-Bruteforce,CIC-IDS-2018-EXFIL
14/02/2018 08:35:15,80,6,3084.7464998413457,7,15,5034,64,6,3,0.382152,3.5607,SSH-Bruteforce,CIC-IDS-2018-EXFIL
14/02/2018 08:35:16,8443,6,5257.323163390781,65,11,46105,6224,13,3,0.223089,4.1937,SSH-Bruteforce,CIC-IDS-2018-EXFIL
14/02/2018 08:35:17,445,6,6862.576840971287,3,12,2597,23975,5,3,0.113293,2.9057,SSH-Bruteforce,CIC-IDS-2018-EXFIL
14/02/2018 08:35:18,22,6,9182.176982385534,5,22,5159,30471,5,1,0.51024,3.0676,SSH-Bruteforce,CIC-IDS-2018-EXFIL
14/02/2018 08:35:19,443,6,10833.753921886138,6,9,3127,6032,6,1,0.339012,4.1621,SSH-Bruteforce,CIC-IDS-2018-EXFIL
14/02/2018 08:35:20,3389,6,1522.7466790269236,20,43,3462,26025,8,1,0.481306,3.4056,SSH-Bruteforce,CIC-IDS-2018-EXFIL
14/02/2018 08:35:21,22,6,15912.376697734877,20,22,6992,20618,8,2,0.572243,3.588,SSH-Bruteforce,CIC-IDS-2018-EXFIL
14/02/2018 08:35:22,445,6,8026.950162099224,16,3,12574,13918,7,1,0.439713,5.7187,SSH-Bruteforce,CIC-IDS-2018-EXFIL
14/02/2018 08:35:23,445,6,6479.320885185269,13,20,10118,14675,3,2,0.611351,3.57,SSH-Bruteforce,CIC-IDS-2018-EXFIL
14/02/2018 08:35:24,21,6,3557.9150918594178,12,15,5492,26456,6,1,0.584833,2.4969,SSH-Bruteforce,CIC-IDS-2018-EXFIL
14/02/2018 08:35:25,22,6,12464.141469044343,7,17,1995,21078,4,0,0.612363,5.8691,SSH-Bruteforce,CIC-IDS-2018-EXFIL
14/02/2018 08:35:26,8443,17,3756.2584027884964,15,15,12995,38924,7,2,0.420785,4.2757,SSH-Bruteforce,CIC-IDS-2018-EXFIL
14/02/2018 08:35:27,443,6,324.4392722394615,5,8,2804,19683,4,1,0.540326,3.8306,SSH-Bruteforce,CIC-IDS-2018-EXFIL
14/02/2018 08:35:28,21,6,1843.4580384024669,38,3,2992,12932,1,11,0.552152,1.8007,Benign,CIC-IDS-2018-EXFIL
14/02/2018 08:35:29,80,6,1480.5618235045122,14,51,5389,113152,7,3,0.245471,3.5214,SSH-Bruteforce,CIC-IDS-2018-EXFIL
14/02/2018 08:35:30,21,6,24694.051291544805,46,12,10276,6849,8,4,0.715657,4.0033,SSH-Bruteforce,CIC-IDS-2018-EXFIL
14/02/2018 08:35:31,3389,6,462.9351515038187,9,18,8227,29141,3,1,0.089467,1.0955,PortScan,CIC-IDS-2018-EXFIL
14/02/2018 08:35:32,8443,6,2174.062922917328,25,30,20791,4447,9,2,0.267926,2.7862,SSH-Bruteforce,CIC-IDS-2018-EXFIL
14/02/2018 08:35:33,443,6,8979.863768357693,28,10,15468,308,3,3,0.326999,4.2455,SSH-Bruteforce,CIC-IDS-2018-EXFIL
14/02/2018 08:35:34,8443,6,1276.706543498245,3,6,3229,15417,5,1,0.590561,2.8005,SSH-Bruteforce,CIC-IDS-2018-EXFIL
14/02/2018 08:35:35,22,6,3228.3059871082987,3,8,3038,14146,7,3,0.332654,1.5942,SSH-Bruteforce,CIC-IDS-2018-EXFIL
14/02/2018 08:35:36,3389,17,2493.206487557882,6,9,2585,17028,4,3,0.712214,2.9859,SSH-Bruteforce,CIC-IDS-2018-EXFIL
14/02/2018 08:35:37,22,17,423.74684726940774,20,5,10297,1402,0,0,0.566018,3.7225,SSH-Bruteforce,CIC-IDS-2018-EXFIL
14/02/2018 08:35:38,22,6,9345.666882431588,21,3,12391,3989,5,2,0.659806,4.4695,SSH-Bruteforce,CIC-IDS-2018-EXFIL
14/02/2018 08:35:39,445,6,16454.78631915615,2,38,4423,83846,5,2,0.382778,3.6205,SSH-Bruteforce,CIC-IDS-2018-EXFIL
14/02/2018 08:35:40,21,6,137.97598936107005,21,38,17794,81759,5,1,0.333169,3.6484,SSH-Bruteforce,CIC-IDS-2018-EXFIL
14/02/2018 08:35:41,80,6,313.02887074187,20,20,10652,24816,8,3,0.459888,4.8908,SSH-Bruteforce,CIC-IDS-2018-EXFIL
14/02/2018 08:35:42,8443,6,6923.66678410757,5,2,4228,1121,8,2,0.189952,3.5391,SSH-Bruteforce,CIC-IDS-2018-EXFIL
14/02/2018 08:35:43,8443,6,3596.8826948711635,2,4,5223,14161,6,2,0.492573,2.6913,SSH-Bruteforce,CIC-IDS-2018-EXFIL
14/02/2018 08:35:44,445,6,7874.813235625878,7,35,7025,32977,7,4,0.387564,4.2805,SSH-Bruteforce,CIC-IDS-2018-EXFIL
14/02/2018 08:35:45,80,6,4976.408018090111,21,91,11076,256535,5,0,0.56297,2.8881,SSH-Bruteforce,CIC-IDS-2018-EXFIL
14/02/2018 08:35:46,80,6,8421.0032471289,2,17,3085,10216,5,3,0.370439,3.4882,SSH-Bruteforce,CIC-IDS-2018-EXFIL
14/02/2018 08:35:47,53,6,1633.7100410160997,20,19,8225,50166,5,1,0.779001,3.6049,SSH-Bruteforce,CIC-IDS-2018-EXFIL
14/02/2018 08:35:48,80,6,4541.375625409995,10,35,13375,18143,7,4,0.033684,2.8478,SSH-Bruteforce,CIC-IDS-2018-EXFIL
14/02/2018 08:35:49,3389,6,1337.1360637597375,9,37,5345,96681,6,1,0.344809,4.041,SSH-Bruteforce,CIC-IDS-2018-EXFIL
14/02/2018 08:35:50,443,6,1211.9804975133507,32,3,14722,2695,3,1,0.32951,2.6326,SSH-Bruteforce,CIC-IDS-2018-EXFIL
14/02/2018 08:35:51,80,17,1175.4665332342215,5,6,3609,9322,3,4,0.271711,2.6488,SSH-Bruteforce,CIC-IDS-2018-EXFIL
14/02/2018 08:35:52,53,6,10406.0156357724,8,7,6634,14682,3,0,0.431672,2.8413,SSH-Bruteforce,CIC-IDS-2018-EXFIL
14/02/2018 08:35:53,80,17,2099.3342998281905,17,23,15986,23582,7,1,0.681365,3.1132,SSH-Bruteforce,CIC-IDS-2018-EXFIL
14/02/2018 08:35:54,8443,6,1856.4242374042644,7,42,5477,56941,8,0,0.287654,2.8988,SSH-Bruteforce,CIC-IDS-2018-EXFIL
14/02/2018 08:35:55,445,6,7872.6439488026535,12,9,6925,15201,4,2,0.571482,3.9804,SSH-Bruteforce,CIC-IDS-2018-EXFIL
14/02/2018 08:35:56,443,6,8080.781940672668,16,30,11601,25405,3,6,0.319368,3.5451,SSH-Bruteforce,CIC-IDS-2018-EXFIL
14/02/2018 08:35:57,3389,6,1810.7864734437746,3,3,5071,4434,7,3,0.360374,2.2699,SSH-Bruteforce,CIC-IDS-2018-EXFIL
14/02/2018 08:35:58,22,6,4752.5766238768165,14,36,12917,28344,3,3,0.560249,4.423,SSH-Bruteforce,CIC-IDS-2018-EXFIL
14/02/2018 08:35:59,445,6,270.214749056374,14,21,8386,17141,8,2,0.135705,4.4508,SSH-Bruteforce,CIC-IDS-2018-EXFIL
14/02/2018 08:36:00,445,6,10543.07373512504,12,6,10204,13743,2,3,0.38703,5.8423,Infiltration,CIC-IDS-2018-EXFIL
14/02/2018 08:36:01,53,6,562.1361515368878,21,36,4442,33050,0,4,0.853048,4.4385,Infiltration,CIC-IDS-2018-EXFIL
14/02/2018 08:36:02,80,6,340.574332216314,3,4,6532,8013,1,1,0.755503,4.8771,Infiltration,CIC-IDS-2018-EXFIL
14/02/2018 08:36:03,8443,6,3021.8640090212502,25,22,64,23376,0,7,0.316017,0.8393,Benign,CIC-IDS-2018-EXFIL
14/02/2018 08:36:04,22,6,7055.423045853863,6,10,2049,8420,2,3,0.316033,3.8209,Infiltration,CIC-IDS-2018-EXFIL
14/02/2018 08:36:05,80,6,1714.4988053954064,3,34,6431,64,1,9,0.664232,2.9951,Benign,CIC-IDS-2018-EXFIL
14/02/2018 08:36:06,443,17,328.44589466940056,34,3,13533,5361,2,4,0.296169,2.8842,Infiltration,CIC-IDS-2018-EXFIL
14/02/2018 08:36:07,22,6,522.1982939376568,7,3,7291,9900,1,1,0.605396,5.6058,Infiltration,CIC-IDS-2018-EXFIL
14/02/2018 08:36:08,445,6,10468.672566854926,15,6,11936,8647,0,0,0.336604,4.6058,Infiltration,CIC-IDS-2018-EXFIL
14/02/2018 08:36:09,445,6,3083.506928297684,12,22,11327,47061,2,2,0.478947,5.1317,Infiltration,CIC-IDS-2018-EXFIL
14/02/2018 08:36:10,8443,6,4073.1873785913526,3,27,3044,81356,3,3,0.493263,2.6778,PortScan,CIC-IDS-2018-EXFIL
14/02/2018 08:36:11,3389,6,469.0950617169739,8,63,11206,128013,4,1,0.609832,4.3115,Infiltration,CIC-IDS-2018-EXFIL
14/02/2018 08:36:12,443,6,4640.224676753735,18,139,8287,111656,1,2,0.431183,4.4433,Infiltration,CIC-IDS-2018-EXFIL
14/02/2018 08:36:13,8443,6,4577.066824932851,11,31,13795,1088,0,2,0.549163,5.3174,Infiltration,CIC-IDS-2018-EXFIL
14/02/2018 08:36:14,445,6,1047.5471861073108,31,25,17790,61663,2,2,0.369722,4.5221,Infiltration,CIC-IDS-2018-EXFIL
14/02/2018 08:36:15,53,17,5182.139353157809,16,4,2346,18513,2,3,0.188381,4.2464,Infiltration,CIC-IDS-2018-EXFIL
14/02/2018 08:36:16,445,6,4679.590628001326,9,3,6983,2342,1,2,0.467873,4.0084,Infiltration,CIC-IDS-2018-EXFIL
14/02/2018 08:36:17,443,6,10182.758757248452,2,24,4468,42210,2,10,0.486924,1.2841,Benign,CIC-IDS-2018-EXFIL
14/02/2018 08:36:18,8443,6,416.5251864002644,24,9,7319,4313,6,4,0.301823,3.0626,PortScan,CIC-IDS-2018-EXFIL
14/02/2018 08:36:19,80,6,924.5582058863263,5,15,5519,7513,0,3,0.518305,3.0109,Infiltration,CIC-IDS-2018-EXFIL
14/02/2018 08:36:20,21,6,5353.7687118492195,3,12,6127,35470,1,2,0.361983,4.9945,Infiltration,CIC-IDS-2018-EXFIL
14/02/2018 08:36:21,53,6,490.2244974873896,6,20,2238,37247,7,3,0.423984,2.7991,PortScan,CIC-IDS-2018-EXFIL
14/02/2018 08:36:22,22,6,320.79787107353536,32,11,6005,20294,2,15,0.386787,1.7722,Benign,CIC-IDS-2018-EXFIL
14/02/2018 08:36:23,22,6,2713.8841719490893,20,24,10360,25881,0,3,0.176619,3.9945,Infiltration,CIC-IDS-2018-EXFIL
14/02/2018 08:36:24,53,6,5706.722295327117,12,15,8581,22776,0,0,0.409848,4.7104,Infiltration,CIC-IDS-2018-EXFIL
14/02/2018 08:36:25,53,6,1668.4749507317126,16,14,12009,13172,1,1,0.163233,3.5863,Infiltration,CIC-IDS-2018-EXFIL
14/02/2018 08:36:26,3389,17,5639.455561774535,8,32,3686,79853,3,2,0.750627,4.5189,Infiltration,CIC-IDS-2018-EXFIL
14/02/2018 08:36:27,445,6,1508.3815016002638,12,14,6457,22799,2,3,0.301806,5.0766,Infiltration,CIC-IDS-2018-EXFIL
14/02/2018 08:36:28,3389,6,244.99938341140788,7,2,8613,8063,2,1,0.603538,5.1433,Infiltration,CIC-IDS-2018-EXFIL
14/02/2018 08:36:29,22,6,1097.1725758906705,4,15,4892,29092,2,3,0.6423,4.2234,Infiltration,CIC-IDS-2018-EXFIL
14/02/2018 08:36:30,53,6,2660.937761829552,24,8,11534,10954,1,0,0.522887,4.9534,Infiltration,CIC-IDS-2018-EXFIL
14/02/2018 08:36:31,22,6,3064.5306581112245,16,9,11093,17790,3,6,0.6542,1.6929,Benign,CIC-IDS-2018-EXFIL
14/02/2018 08:36:32,443,6,1977.3070211978952,6,10,4340,10221,1,1,0.425781,4.1586,Infiltration,CIC-IDS-2018-EXFIL
14/02/2018 08:36:33,22,6,1539.2323585856755,30,7,22282,18590,3,5,0.353531,6.05,Infiltration,CIC-IDS-2018-EXFIL
14/02/2018 08:36:34,53,6,2819.800985149239,15,24,2583,59356,0,2,0.355359,4.5856,Infiltration,CIC-IDS-2018-EXFIL
14/02/2018 08:36:35,22,6,4085.8117429172967,3,21,4964,72669,2,2,0.737913,3.1851,Infiltration,CIC-IDS-2018-EXFIL
14/02/2018 08:36:36,80,17,993.6871124610017,16,12,4836,4817,0,4,0.130207,4.5181,Infiltration,CIC-IDS-2018-EXFIL
14/02/2018 08:36:37,80,6,6597.333352239804,11,27,9745,58426,1,2,0.437531,4.7015,Infiltration,CIC-IDS-2018-EXFIL
14/02/2018 08:36:38,443,6,2958.531298116878,3,8,5300,17620,1,5,0.176477,4.9946,Infiltration,CIC-IDS-2018-EXFIL
14/02/2018 08:36:39,53,6,1684.7824617358551,4,3,7187,11246,0,4,0.512153,5.1043,Infiltration,CIC-IDS-2018-EXFIL
14/02/2018 08:36:40,22,6,9388.846877305199,50,6,27878,138,1,3,0.570594,5.9885,Infiltration,CIC-IDS-2018-EXFIL
14/02/2018 08:36:41,21,6,1104.835986360899,48,5,21701,16524,0,0,0.369238,5.9988,Infiltration,CIC-IDS-2018-EXFIL
14/02/2018 08:36:42,8443,6,2393.1133739720913,23,15,29002,25855,2,5,0.685605,4.7903,Infiltration,CIC-IDS-2018-EXFIL
14/02/2018 08:36:43,3389,6,371.559935559812,5,11,5943,19709,0,8,0.439532,1.1813,Benign,CIC-IDS-2018-EXFIL
14/02/2018 08:36:44,445,17,5359.252582148291,18,3,14782,11751,3,4,0.810914,5.7435,Infiltration,CIC-IDS-2018-EXFIL
14/02/2018 08:36:45,445,6,2638.494598880703,5,13,3890,7494,0,1,0.492268,4.7512,Infiltration,CIC-IDS-2018-EXFIL
14/02/2018 08:36:46,443,6,605.1527210207915,17,87,18798,309826,1,4,0.604548,3.8695,Infiltration,CIC-IDS-2018-EXFIL
14/02/2018 08:36:47,443,6,5046.714574506043,2,29,2098,51408,0,2,0.489634,5.2194,Infiltration,CIC-IDS-2018-EXFIL
14/02/2018 08:36:48,22,6,6349.515112862932,21,7,12243,20070,1,2,0.553109,4.3606,Infiltration,CIC-IDS-2018-EXFIL
14/02/2018 08:36:49,80,6,6211.120986951242,5,11,5248,48940,3,1,0.275279,4.4686,Infiltration,CIC-IDS-2018-EXFIL
14/02/2018 08:36:50,8443,6,1355.996679239548,7,22,3629,46633,1,1,0.663499,5.4406,Infiltration,CIC-IDS-2018-EXFIL
14/02/2018 08:36:51,3389,17,2262.8631885665436,2,2,2637,17862,6,4,0.685934,2.6469,PortScan,CIC-IDS-2018-EXFIL
14/02/2018 08:36:52,8443,17,3837.973307852256,13,34,4673,57745,2,3,0.295601,3.0582,Infiltration,CIC-IDS-2018-EXFIL
14/02/2018 08:36:53,21,6,4622.340301840956,9,59,2122,69637,1,1,0.553368,5.334,Infiltration,CIC-IDS-2018-EXFIL
14/02/2018 08:36:54,80,6,9879.100941465469,5,12,4703,18290,2,1,0.335761,6.058,Infiltration,CIC-IDS-2018-EXFIL
14/02/2018 08:36:55,3389,17,7218.912814879287,5,5,6026,15684,2,2,0.41491,3.9196,Infiltration,CIC-IDS-2018-EXFIL
14/02/2018 08:36:56,8443,6,3098.3467866301958,9,13,3246,9624,2,2,0.259414,4.9229,Infiltration,CIC-IDS-2018-EXFIL
14/02/2018 08:36:57,22,6,643.5032639639933,5,21,5940,19174,2,1,0.50445,1.8961,PortScan,CIC-IDS-2018-EXFIL
14/02/2018 08:36:58,8443,6,975.3430290474947,3,4,4632,11473,2,1,0.50264,6.1508,Infiltration,CIC-IDS-2018-EXFIL
14/02/2018 08:36:59,443,6,5220.1259386987995,52,21,38349,1440,2,0,0.467945,4.2302,Infiltration,CIC-IDS-2018-EXFIL
14/02/2018 08:37:00,22,6,1148.4416328612522,86,15,61623,47660,2,2,0.401189,2.6207,Infiltration,CIC-IDS-2018-EXFIL
14/02/2018 08:37:01,22,6,1449.0445472840158,7,6,1757,16547,0,0,0.764705,5.0701,Infiltration,CIC-IDS-2018-EXFIL
14/02/2018 08:37:02,8443,6,460.2273233298142,8,32,2566,60367,0,2,0.505399,3.8092,Infiltration,CIC-IDS-2018-EXFIL
14/02/2018 08:37:03,80,17,351.0288929921305,4,4,4798,12846,0,3,0.455949,4.4815,Infiltration,CIC-IDS-2018-EXFIL
14/02/2018 08:37:04,445,6,186.19335565607673,10,31,9723,51081,1,2,0.506295,3.2556,Infiltration,CIC-IDS-2018-EXFIL
14/02/2018 08:37:05,21,6,2496.834989604301,2,2,1301,15286,2,3,0.258329,6.5263,Infiltration,CIC-IDS-2018-EXFIL
14/02/2018 08:37:06,21,6,1193.5029099751914,4,19,2857,13553,0,3,0.41581,4.6866,Infiltration,CIC-IDS-2018-EXFIL
14/02/2018 08:37:07,80,6,2681.524305097363,64,5,4178,14950,2,2,0.533069,5.1164,Infiltration,CIC-IDS-2018-EXFIL
14/02/2018 08:37:08,22,6,2448.951210750848,5,3,7380,12646,0,4,0.234583,5.19,Infiltration,CIC-IDS-2018-EXFIL
14/02/2018 08:37:09,22,6,1989.3424575943852,7,11,5092,16606,3,2,0.118039,3.8692,PortScan,CIC-IDS-2018-EXFIL
14/02/2018 08:37:10,22,17,8475.052644291423,20,3,13195,3433,0,4,0.422809,3.5373,Infiltration,CIC-IDS-2018-EXFIL
14/02/2018 08:37:11,80,6,15873.259026425489,21,47,9691,104607,0,2,0.379094,3.8025,Infiltration,CIC-IDS-2018-EXFIL
14/02/2018 08:37:12,445,6,1520.7868352890168,11,18,3204,39829,2,0,0.831616,4.8509,Infiltration,CIC-IDS-2018-EXFIL
14/02/2018 08:37:13,53,6,1512.5467858420513,9,51,7402,18759,0,4,0.574756,5.3699,Infiltration,CIC-IDS-2018-EXFIL
14/02/2018 08:37:14,8443,17,2782.1433470281568,46,20,19160,11825,1,3,0.482388,4.5038,Infiltration,CIC-IDS-2018-EXFIL
14/02/2018 08:37:15,3389,6,3524.4007937259034,47,5,43813,13904,0,3,0.353542,4.8268,Infiltration,CIC-IDS-2018-EXFIL
14/02/2018 08:37:16,443,6,5446.673699626612,3,42,4959,61270,1,0,0.736028,3.6259,Infiltration,CIC-IDS-2018-EXFIL
14/02/2018 08:37:17,3389,6,2697.8214750661914,2,25,1621,24762,0,2,0.222156,4.9514,Infiltration,CIC-IDS-2018-EXFIL
14/02/2018 08:37:18,22,6,1882.0537997640429,10,47,5858,125793,1,3,0.531748,4.4443,Infiltration,CIC-IDS-2018-EXFIL
14/02/2018 08:37:19,22,6,7960.945961577587,12,33,3245,39774,0,11,0.789973,1.3672,Benign,CIC-IDS-2018-EXFIL
14/02/2018 08:37:20,21,17,4328.616398365939,17,16,10749,53698,0,2,0.108586,6.6053,Bot,CIC-IDS-2018-EXFIL
14/02/2018 08:37:21,8443,6,6778.7905486124055,14,27,8115,57071,1,1,0.262058,7.1552,Bot,CIC-IDS-2018-EXFIL
14/02/2018 08:37:22,8443,6,7871.295899452009,3,31,2376,73977,1,2,0.053766,4.9683,Bot,CIC-IDS-2018-EXFIL
14/02/2018 08:37:23,53,6,3457.1519611700505,5,3,7972,7115,1,1,0.144218,4.8566,Bot,CIC-IDS-2018-EXFIL
14/02/2018 08:37:24,8443,6,917.0409761452348,17,10,9796,14425,0,2,0.207822,6.4067,Bot,CIC-IDS-2018-EXFIL
14/02/2018 08:37:25,22,6,2382.6376244403205,6,15,5605,64,0,4,0.222756,7.374,Bot,CIC-IDS-2018-EXFIL
14/02/2018 08:37:26,53,6,392.6648442928009,2,15,3255,28904,0,1,0.045149,6.9189,Bot,CIC-IDS-2018-EXFIL
14/02/2018 08:37:27,21,6,2524.5148541229005,22,14,4391,19141,1,3,0.139255,6.9136,Bot,CIC-IDS-2018-EXFIL
14/02/2018 08:37:28,443,6,6569.414155021299,6,2,4793,4253,2,4,0.034605,6.1557,Bot,CIC-IDS-2018-EXFIL
14/02/2018 08:37:29,21,6,2206.080291257909,20,23,10371,9618,2,1,0.374427,5.7319,Bot,CIC-IDS-2018-EXFIL
14/02/2018 08:37:30,22,6,386.12059224162056,7,16,6042,12145,0,4,0.111463,5.0073,Bot,CIC-IDS-2018-EXFIL
14/02/2018 08:37:31,80,6,5329.589043582865,11,22,2375,62072,0,4,0.182598,6.7766,Bot,CIC-IDS-2018-EXFIL
14/02/2018 08:37:32,3389,6,849.9907494004597,26,98,11759,109724,2,3,0.083229,4.6595,Bot,CIC-IDS-2018-EXFIL
14/02/2018 08:37:33,22,6,4704.265846650041,15,35,7827,37327,0,3,0.066469,4.9898,Bot,CIC-IDS-2018-EXFIL
14/02/2018 08:37:34,21,6,2198.0969070189803,17,17,64,38154,1,2,0.035651,6.404,Bot,CIC-IDS-2018-EXFIL
14/02/2018 08:37:35,3389,6,421.24486549752424,13,15,9405,41057,1,3,0.139819,7.543,Bot,CIC-IDS-2018-EXFIL
14/02/2018 08:37:36,443,6,3506.6292863113013,3,4,4406,11374,2,4,0.191235,6.9921,Bot,CIC-IDS-2018-EXFIL
14/02/2018 08:37:37,3389,6,968.8608776006652,11,9,13351,21590,1,0,0.611448,5.2468,Bot,CIC-IDS-2018-EXFIL
14/02/2018 08:37:38,53,6,2029.2393592718486,6,3,5063,20294,2,3,0.052204,6.2202,Bot,CIC-IDS-2018-EXFIL
14/02/2018 08:37:39,21,6,1021.0805639200195,22,18,6521,11932,1,1,0.100956,6.6303,Bot,CIC-IDS-2018-EXFIL
14/02/2018 08:37:40,8443,6,3327.552974551808,10,15,6821,38938,3,1,0.10634,5.6153,Bot,CIC-IDS-2018-EXFIL
14/02/2018 08:37:41,445,6,1298.1582224593587,2,10,5563,27115,1,3,0.412405,5.9062,Bot,CIC-IDS-2018-EXFIL
14/02/2018 08:37:42,445,6,1638.2862979182512,26,3,31073,3898,2,1,0.338183,6.6179,Bot,CIC-IDS-2018-EXFIL
14/02/2018 08:37:43,80,6,2035.5654459728353,15,11,64,64,1,3,0.032325,5.9135,Bot,CIC-IDS-2018-EXFIL
14/02/2018 08:37:44,8443,17,5507.124259849781,5,24,4289,40034,1,2,0.024237,5.8273,Bot,CIC-IDS-2018-EXFIL
14/02/2018 08:37:45,445,6,207.3124488102559,12,19,16397,25551,0,3,0.131135,6.2187,Bot,CIC-IDS-2018-EXFIL
14/02/2018 08:37:46,8443,6,6063.335673277488,14,55,10543,67155,2,2,0.026188,3.9013,Bot,CIC-IDS-2018-EXFIL
14/02/2018 08:37:47,80,6,2833.5929624415203,12,14,8895,16216,0,3,0.289044,6.2426,Bot,CIC-IDS-2018-EXFIL
14/02/2018 08:37:48,8443,6,4019.728141535169,32,45,8735,76844,0,1,0.237659,6.2873,Bot,CIC-IDS-2018-EXFIL
14/02/2018 08:37:49,443,17,3589.197467071096,3,37,3309,85956,2,2,0.142584,7.1414,Bot,CIC-IDS-2018-EXFIL
14/02/2018 08:37:50,21,6,3938.678523049544,3,6,5286,22850,2,1,0.031881,7.95,Bot,CIC-IDS-2018-EXFIL
14/02/2018 08:37:51,443,6,1016.5613586738201,11,5,13198,23457,1,6,0.560946,1.5731,Benign,CIC-IDS-2018-EXFIL
14/02/2018 08:37:52,445,6,1146.9308223681626,10,5,7549,12390,1,3,0.089259,5.4688,Bot,CIC-IDS-2018-EXFIL
14/02/2018 08:37:53,8443,6,5270.898767404798,32,42,18194,57289,1,2,0.003167,5.5341,Bot,CIC-IDS-2018-EXFIL
14/02/2018 08:37:54,3389,6,471.9381913946659,9,19,7401,13715,1,2,0.163132,5.173,Bot,CIC-IDS-2018-EXFIL
14/02/2018 08:37:55,22,6,851.5537142721888,4,26,4693,4686,3,2,0.275918,5.9789,Bot,CIC-IDS-2018-EXFIL
14/02/2018 08:37:56,3389,6,3955.2723209473725,29,28,25901,51464,1,3,0.041112,5.2664,Bot,CIC-IDS-2018-EXFIL
14/02/2018 08:37:57,8443,6,8126.11807017417,3,4,1063,14063,0,2,0.299622,6.3845,Bot,CIC-IDS-2018-EXFIL
14/02/2018 08:37:58,53,6,1031.0755272834165,50,15,39527,24125,4,2,0.205932,6.7868,Bot,CIC-IDS-2018-EXFIL
14/02/2018 08:37:59,3389,6,4202.79806737333,3,7,5680,3660,2,1,0.171421,6.2337,Bot,CIC-IDS-2018-EXFIL
14/02/2018 08:38:00,22,6,7590.04169025589,20,11,16382,23708,2,5,0.033482,4.7849,Bot,CIC-IDS-2018-EXFIL
14/02/2018 08:38:01,80,6,1726.516947596225,2,4,4920,10115,0,1,0.017377,5.0385,Bot,CIC-IDS-2018-EXFIL
14/02/2018 08:38:02,22,6,1679.981993662256,14,2,7126,15009,2,2,0.029906,4.9317,Bot,CIC-IDS-2018-EXFIL
14/02/2018 08:38:03,53,6,4623.314703341222,3,6,3346,4307,2,0,0.430661,5.1708,Bot,CIC-IDS-2018-EXFIL
14/02/2018 08:38:04,53,6,2553.263574504209,3,29,3000,55809,1,3,0.149845,7.2427,Bot,CIC-IDS-2018-EXFIL
14/02/2018 08:38:05,8443,6,11105.659427757178,5,54,6997,76628,4,1,0.34755,3.078,PortScan,CIC-IDS-2018-EXFIL
14/02/2018 08:38:06,22,6,2429.7240803386358,20,18,2345,12770,2,1,0.169159,5.6122,Bot,CIC-IDS-2018-EXFIL
14/02/2018 08:38:07,22,6,634.7420600915547,23,16,64,37400,1,4,0.236155,6.3926,Bot,CIC-IDS-2018-EXFIL
14/02/2018 08:38:08,22,6,1270.352564039789,32,22,19109,14903,1,2,0.321292,6.0462,Bot,CIC-IDS-2018-EXFIL
14/02/2018 08:38:09,80,6,4088.3976592098356,7,3,5449,7529,1,1,0.309153,6.8338,Bot,CIC-IDS-2018-EXFIL
14/02/2018 08:38:10,443,6,4296.775590300028,31,6,8424,21891,1,1,0.083607,4.7382,Bot,CIC-IDS-2018-EXFIL
14/02/2018 08:38:11,22,6,9976.202091986182,11,14,6085,16003,1,0,0.153662,5.4854,Bot,CIC-IDS-2018-EXFIL
14/02/2018 08:38:12,80,6,3361.464430256237,23,78,20004,52180,2,1,0.261044,4.3257,Bot,CIC-IDS-2018-EXFIL
14/02/2018 08:38:13,3389,6,2212.3621517686065,16,8,8965,17755,0,2,0.067033,5.6243,Bot,CIC-IDS-2018-EXFIL
14/02/2018 08:38:14,80,6,466.2793678233457,4,2,5573,14403,0,2,0.09596,5.9676,Bot,CIC-IDS-2018-EXFIL
14/02/2018 08:38:15,443,6,3776.2132780515503,66,21,20386,64,0,4,0.289689,5.7286,Bot,CIC-IDS-2018-EXFIL
14/02/2018 08:38:16,445,6,983.440400827736,7,43,9478,54210,1,2,0.059835,6.7069,Bot,CIC-IDS-2018-EXFIL
14/02/2018 08:38:17,53,6,11081.42832762276,15,17,1286,24099,0,1,0.125036,4.3535,Bot,CIC-IDS-2018-EXFIL
14/02/2018 08:38:18,445,17,4437.48294213871,11,19,11449,22135,0,1,0.13934,3.8597,Bot,CIC-IDS-2018-EXFIL
14/02/2018 08:38:19,22,6,4010.1232575976096,17,2,12342,7569,0,3,0.047245,5.0931,Bot,CIC-IDS-2018-EXFIL
14/02/2018 08:38:20,443,6,1397.834894018095,5,53,6213,101965,1,1,0.189849,5.1345,Bot,CIC-IDS-2018-EXFIL
14/02/2018 08:38:21,445,6,6603.750097554818,2,34,5382,52552,0,1,0.003574,6.6689,Bot,CIC-IDS-2018-EXFIL
14/02/2018 08:38:22,80,17,4631.48769776246,2,10,5552,32749,2,2,0.255089,5.4827,Bot,CIC-IDS-2018-EXFIL
14/02/2018 08:38:23,8443,6,7357.439664875569,16,3,21361,15359,2,1,0.189149,5.2931,Bot,CIC-IDS-2018-EXFIL
14/02/2018 08:38:24,8443,6,6498.0248543647485,13,29,8048,64870,2,1,0.084328,5.3726,Bot,CIC-IDS-2018-EXFIL
14/02/2018 08:38:25,80,17,4314.005763320092,30,18,25987,30105,0,0,0.005271,5.5716,Bot,CIC-IDS-2018-EXFIL
14/02/2018 08:38:26,445,6,4896.748305721877,13,33,19246,89024,0,4,0.485603,4.7906,Bot,CIC-IDS-2018-EXFIL
14/02/2018 08:38:27,8443,6,598.8745860947076,9,6,2476,10386,0,1,0.195369,5.1317,Bot,CIC-IDS-2018-EXFIL
14/02/2018 08:38:28,22,6,1367.8946228474133,14,45,11639,124326,0,2,0.218003,5.7012,Bot,CIC-IDS-2018-EXFIL
14/02/2018 08:38:29,53,6,3706.7529610886695,21,36,14849,64481,2,5,0.246999,6.7585,Bot,CIC-IDS-2018-EXFIL
14/02/2018 08:38:30,53,17,1606.9045624993464,13,36,1728,99386,0,2,0.16516,6.6937,Bot,CIC-IDS-2018-EXFIL
14/02/2018 08:38:31,80,6,2139.821968167201,2,27,1848,7921,0,2,0.047423,6.6092,Bot,CIC-IDS-2018-EXFIL
14/02/2018 08:38:32,443,6,1698.108581833616,11,3,8094,14528,3,2,0.291247,4.5225,Bot,CIC-IDS-2018-EXFIL
14/02/2018 08:38:33,3389,6,766.2944546442436,23,19,17304,9910,0,11,0.48647,1.8229,Benign,CIC-IDS-2018-EXFIL
14/02/2018 08:38:34,21,6,4439.292962393161,3,12,6685,40829,1,1,0.095433,5.2279,Bot,CIC-IDS-2018-EXFIL
14/02/2018 08:38:35,80,6,4263.425813747012,30,5,25768,12195,0,5,0.375429,4.983,Bot,CIC-IDS-2018-EXFIL
14/02/2018 08:38:36,53,6,3296.1443446181893,13,3,11451,13572,1,7,0.150121,5.0091,Bot,CIC-IDS-2018-EXFIL
14/02/2018 08:38:37,22,17,2731.3238308604887,8,6,6201,10657,2,3,0.164408,6.6868,Bot,CIC-IDS-2018-EXFIL
14/02/2018 08:38:38,3389,6,327.4411772989547,19,15,511,38146,0,2,0.052245,5.9411,Bot,CIC-IDS-2018-EXFIL
14/02/2018 08:38:39,21,6,3481.682327865063,17,9,9969,43637,3,0,0.127329,6.1417,Bot,CIC-IDS-2018-EXFIL
14/02/2018 08:38:40,8443,6,3925.7606098191914,8,118,7400,94258,1,16,0.352712,1.824,Benign,CIC-IDS-2018-EXFIL
14/02/2018 08:38:41,21,6,1470.220013803286,45,11,17299,10710,1,1,0.146247,6.5732,Data-Exfiltration-DNS,CIC-IDS-2018-EXFIL
14/02/2018 08:38:42,443,6,3683.655988455924,20,7,10156,10455,2,2,0.006347,7.1698,Data-Exfiltration-DNS,CIC-IDS-2018-EXFIL
14/02/2018 08:38:43,22,6,6698.595675735106,8,34,5836,100026,2,4,0.062951,6.8994,Data-Exfiltration-DNS,CIC-IDS-2018-EXFIL
14/02/2018 08:38:44,21,17,7923.42399360089,4,11,1067,42148,5,3,0.232874,1.7438,PortScan,CIC-IDS-2018-EXFIL
14/02/2018 08:38:45,8443,6,562.9149822944009,17,10,17705,18927,8,3,0.242215,1.6683,PortScan,CIC-IDS-2018-EXFIL
14/02/2018 08:38:46,80,6,1268.9610079237727,7,35,2436,81371,0,2,0.162045,7.6814,Data-Exfiltration-DNS,CIC-IDS-2018-EXFIL
14/02/2018 08:38:47,53,6,1068.2438867268852,10,23,4793,41711,1,2,0.146224,5.938,Data-Exfiltration-DNS,CIC-IDS-2018-EXFIL
14/02/2018 08:38:48,80,6,1499.774353005208,4,21,1626,5645,0,2,0.077466,6.4378,Data-Exfiltration-DNS,CIC-IDS-2018-EXFIL
14/02/2018 08:38:49,445,6,1335.726140153864,6,38,2567,96488,1,0,0.299469,7.2806,Data-Exfiltration-DNS,CIC-IDS-2018-EXFIL
14/02/2018 08:38:50,8443,6,10829.643006613833,6,44,3049,26035,7,2,0.664563,2.9365,PortScan,CIC-IDS-2018-EXFIL
14/02/2018 08:38:51,443,6,725.9995133444332,2,29,2321,63919,8,2,0.135021,2.0803,PortScan,CIC-IDS-2018-EXFIL
14/02/2018 08:38:52,22,6,4512.418530660901,5,5,4011,17105,2,2,0.101235,5.4331,Data-Exfiltration-DNS,CIC-IDS-2018-EXFIL
14/02/2018 08:38:53,3389,6,1130.176077835842,37,27,24268,35138,0,3,0.073822,5.6899,Data-Exfiltration-DNS,CIC-IDS-2018-EXFIL
14/02/2018 08:38:54,445,17,539.6404269838589,13,29,4210,49771,0,0,0.303363,6.5941,Data-Exfiltration-DNS,CIC-IDS-2018-EXFIL
14/02/2018 08:38:55,22,6,7444.9046562208705,34,14,6084,35447,2,2,0.350483,7.2941,Data-Exfiltration-DNS,CIC-IDS-2018-EXFIL
14/02/2018 08:38:56,22,6,5957.846963281374,27,25,18399,14447,0,0,0.166958,7.95,Data-Exfiltration-DNS,CIC-IDS-2018-EXFIL
14/02/2018 08:38:57,443,6,2224.020105881968,7,4,3196,14831,3,2,0.138243,7.95,Data-Exfiltration-DNS,CIC-IDS-2018-EXFIL
14/02/2018 08:38:58,8443,6,155.87521735909857,2,12,3739,16397,1,0,0.2382,7.95,Data-Exfiltration-DNS,CIC-IDS-2018-EXFIL
14/02/2018 08:38:59,21,6,6559.9834576060175,29,44,21844,39258,2,1,0.008498,6.4982,Data-Exfiltration-DNS,CIC-IDS-2018-EXFIL
14/02/2018 08:39:00,80,17,3412.705685208456,25,33,7261,22177,3,0,0.274545,5.0142,Data-Exfiltration-DNS,CIC-IDS-2018-EXFIL
14/02/2018 08:39:01,445,6,229.76032426516596,26,25,14225,33396,1,3,0.406327,6.3747,Data-Exfiltration-DNS,CIC-IDS-2018-EXFIL
14/02/2018 08:39:02,443,6,4778.367435911162,14,8,5114,5012,0,0,0.051233,7.1246,Data-Exfiltration-DNS,CIC-IDS-2018-EXFIL
14/02/2018 08:39:03,8443,6,2610.9807923880994,3,30,5810,62059,0,1,0.147577,7.8985,Data-Exfiltration-DNS,CIC-IDS-2018-EXFIL
14/02/2018 08:39:04,445,6,7798.557744875397,5,31,4090,50749,3,1,0.114101,7.8098,Data-Exfiltration-DNS,CIC-IDS-2018-EXFIL
14/02/2018 08:39:05,8443,6,487.59263145504207,5,15,4016,48344,0,1,0.19172,7.95,Data-Exfiltration-DNS,CIC-IDS-2018-EXFIL
14/02/2018 08:39:06,443,6,187.62887401558453,6,14,2330,27605,0,2,0.116588,7.0562,Data-Exfiltration-DNS,CIC-IDS-2018-EXFIL
14/02/2018 08:39:07,53,17,3444.471294702634,7,38,7572,52197,1,3,0.136564,6.9329,Data-Exfiltration-DNS,CIC-IDS-2018-EXFIL
14/02/2018 08:39:08,8443,6,16489.005352401724,20,28,11595,62177,4,1,0.375911,7.792,Data-Exfiltration-DNS,CIC-IDS-2018-EXFIL
14/02/2018 08:39:09,443,17,2955.182404388308,10,15,5961,29442,1,5,0.227246,7.9089,Data-Exfiltration-DNS,CIC-IDS-2018-EXFIL
14/02/2018 08:39:10,21,6,2950.225162213154,2,10,3197,24537,0,6,0.679748,0.5995,Benign,CIC-IDS-2018-EXFIL
14/02/2018 08:39:11,8443,6,2419.248288304596,15,8,10329,16465,8,1,0.47904,2.3498,PortScan,CIC-IDS-2018-EXFIL
14/02/2018 08:39:12,80,6,1168.3975817689702,24,17,21823,31794,2,3,0.187255,7.2938,Data-Exfiltration-DNS,CIC-IDS-2018-EXFIL
14/02/2018 08:39:13,21,6,7014.3350112957005,6,24,6032,57598,0,2,0.201997,7.0056,Data-Exfiltration-DNS,CIC-IDS-2018-EXFIL
14/02/2018 08:39:14,8443,6,4338.673671230587,13,4,6074,12333,4,0,0.348952,7.3333,Data-Exfiltration-DNS,CIC-IDS-2018-EXFIL
14/02/2018 08:39:15,3389,6,750.1663251518822,7,39,5754,122515,5,1,0.270655,2.5316,PortScan,CIC-IDS-2018-EXFIL
14/02/2018 08:39:16,443,6,696.5903413686837,8,18,2613,43334,1,1,0.201589,6.9861,Data-Exfiltration-DNS,CIC-IDS-2018-EXFIL
14/02/2018 08:39:17,53,17,1858.6032957985947,24,35,16827,107687,3,1,0.291974,7.1995,Data-Exfiltration-DNS,CIC-IDS-2018-EXFIL
14/02/2018 08:39:18,53,6,549.1492384470218,4,53,3384,5816,1,2,0.295066,6.7585,Data-Exfiltration-DNS,CIC-IDS-2018-EXFIL
14/02/2018 08:39:19,3389,6,4696.773761246118,6,50,4597,34271,3,2,0.275023,6.1204,Data-Exfiltration-DNS,CIC-IDS-2018-EXFIL
14/02/2018 08:39:20,3389,6,3964.6530036818394,6,6,3579,15437,2,4,0.020666,7.6567,Data-Exfiltration-DNS,CIC-IDS-2018-EXFIL
14/02/2018 08:39:21,8443,6,7642.063669488361,14,12,4401,33431,0,3,0.077647,6.1799,Data-Exfiltration-DNS,CIC-IDS-2018-EXFIL
14/02/2018 08:39:22,3389,17,1331.3121375711473,12,20,11566,21439,1,3,0.203821,7.291,Data-Exfiltration-DNS,CIC-IDS-2018-EXFIL
14/02/2018 08:39:23,80,17,1033.0919225107918,2,8,1253,19791,0,0,0.023923,7.95,Data-Exfiltration-DNS,CIC-IDS-2018-EXFIL
14/02/2018 08:39:24,445,6,1175.6563897396195,10,29,9871,68465,0,3,0.11961,6.641,Data-Exfiltration-DNS,CIC-IDS-2018-EXFIL
14/02/2018 08:39:25,80,17,2044.847446891311,16,31,11089,64,1,2,0.21365,6.7439,Data-Exfiltration-DNS,CIC-IDS-2018-EXFIL
14/02/2018 08:39:26,80,17,4717.0991552377445,4,8,2697,20909,1,2,0.144921,7.95,Data-Exfiltration-DNS,CIC-IDS-2018-EXFIL
14/02/2018 08:39:27,80,6,3022.3947437455026,23,18,3295,42911,1,3,0.001007,6.032,Data-Exfiltration-DNS,CIC-IDS-2018-EXFIL
14/02/2018 08:39:28,80,17,422.5158093826793,6,26,6298,29676,2,6,0.637792,1.3563,Benign,CIC-IDS-2018-EXFIL
14/02/2018 08:39:29,22,6,1645.3618697598279,3,68,2809,137337,0,0,0.106008,6.1028,Data-Exfiltration-DNS,CIC-IDS-2018-EXFIL
14/02/2018 08:39:30,443,6,4649.241464230834,5,14,4464,25974,3,4,0.138569,5.5933,Data-Exfiltration-DNS,CIC-IDS-2018-EXFIL
14/02/2018 08:39:31,3389,6,3952.149496687946,16,15,6173,38837,1,1,0.272889,6.3389,Data-Exfiltration-DNS,CIC-IDS-2018-EXFIL
14/02/2018 08:39:32,53,6,1143.1680330821157,4,6,4844,23785,2,4,0.425972,7.1364,Data-Exfiltration-DNS,CIC-IDS-2018-EXFIL
14/02/2018 08:39:33,445,6,2775.502000844617,15,9,7048,7944,0,0,0.237562,7.6988,Data-Exfiltration-DNS,CIC-IDS-2018-EXFIL
14/02/2018 08:39:34,80,17,1558.9371084224956,9,38,6565,47891,1,2,0.351805,6.7183,Data-Exfiltration-DNS,CIC-IDS-2018-EXFIL
14/02/2018 08:39:35,53,17,2961.7518810139563,4,31,5826,92341,2,0,0.174118,7.8225,Data-Exfiltration-DNS,CIC-IDS-2018-EXFIL
14/02/2018 08:39:36,8443,6,3753.5186995600475,17,3,5589,16463,0,2,0.119913,6.3268,Data-Exfiltration-DNS,CIC-IDS-2018-EXFIL
14/02/2018 08:39:37,80,6,644.29498605187,21,10,27889,33816,0,3,0.06449,7.2152,Data-Exfiltration-DNS,CIC-IDS-2018-EXFIL
14/02/2018 08:39:38,22,6,8787.353098230651,11,12,10448,16951,1,1,0.036152,6.0872,Data-Exfiltration-DNS,CIC-IDS-2018-EXFIL
14/02/2018 08:39:39,80,6,1060.697037990574,8,26,9054,38566,1,3,0.508047,6.735,Data-Exfiltration-DNS,CIC-IDS-2018-EXFIL
14/02/2018 08:39:40,21,6,3045.3575682115197,3,44,3717,119691,3,1,0.276405,7.95,Data-Exfiltration-DNS,CIC-IDS-2018-EXFIL
14/02/2018 08:39:41,8443,6,217.79864622105623,12,40,12360,52078,0,9,0.429968,2.5133,Benign,CIC-IDS-2018-EXFIL
14/02/2018 08:39:42,3389,6,516.4881298299729,28,3,15263,14882,1,3,0.001551,7.0378,Data-Exfiltration-DNS,CIC-IDS-2018-EXFIL
14/02/2018 08:39:43,8443,6,7798.144671750537,24,3,21185,4831,2,1,0.11349,7.1978,Data-Exfiltration-DNS,CIC-IDS-2018-EXFIL
14/02/2018 08:39:44,445,6,818.3792624969551,7,39,2089,79531,0,3,0.045572,7.95,Data-Exfiltration-DNS,CIC-IDS-2018-EXFIL
14/02/2018 08:39:45,445,17,669.0708129165645,5,5,7074,5527,3,6,0.339654,7.4035,Data-Exfiltration-DNS,CIC-IDS-2018-EXFIL
14/02/2018 08:39:46,21,6,5883.123077380888,22,5,2658,11779,0,2,0.025094,6.5604,Data-Exfiltration-DNS,CIC-IDS-2018-EXFIL
14/02/2018 08:39:47,21,6,216.87096722944665,8,7,3760,32471,1,1,0.03091,7.5018,Data-Exfiltration-DNS,CIC-IDS-2018-EXFIL
14/02/2018 08:39:48,80,6,1760.591578930086,9,26,5112,13543,2,0,0.001995,7.0283,Data-Exfiltration-DNS,CIC-IDS-2018-EXFIL
14/02/2018 08:39:49,53,17,8017.483138004389,9,17,10555,64,0,2,0.023965,7.7018,Data-Exfiltration-DNS,CIC-IDS-2018-EXFIL
14/02/2018 08:39:50,445,6,2002.592026445325,19,14,18155,12282,0,1,0.133224,6.2959,Data-Exfiltration-DNS,CIC-IDS-2018-EXFIL
14/02/2018 08:39:51,21,17,679.6359248203113,6,43,5221,61290,0,1,0.183185,6.476,Data-Exfiltration-DNS,CIC-IDS-2018-EXFIL
14/02/2018 08:39:52,21,6,1254.0174922083008,7,7,10682,21891,0,4,0.451512,6.4639,Data-Exfiltration-DNS,CIC-IDS-2018-EXFIL
14/02/2018 08:39:53,21,6,527.4355971753089,7,11,3844,24286,1,1,0.020849,6.3064,Data-Exfiltration-DNS,CIC-IDS-2018-EXFIL
14/02/2018 08:39:54,21,6,238.02001370665425,3,3,2953,16094,2,2,0.154072,7.95,Data-Exfiltration-DNS,CIC-IDS-2018-EXFIL
14/02/2018 08:39:55,8443,6,7986.920246906315,18,71,2841,116588,0,2,0.040491,6.8685,Data-Exfiltration-DNS,CIC-IDS-2018-EXFIL
14/02/2018 08:39:56,22,6,845.4551230046353,5,3,5113,14023,1,4,0.103588,7.95,Data-Exfiltration-DNS,CIC-IDS-2018-EXFIL
14/02/2018 08:39:57,22,17,651.4166215685113,6,10,9108,22352,0,7,0.434543,2.361,Benign,CIC-IDS-2018-EXFIL
14/02/2018 08:39:58,3389,6,11585.329773188632,32,50,18588,10245,0,1,0.05418,6.7987,Data-Exfiltration-DNS,CIC-IDS-2018-EXFIL
14/02/2018 08:39:59,3389,6,10281.628171819593,23,2,23236,4689,1,2,0.006156,7.2134,Data-Exfiltration-DNS,CIC-IDS-2018-EXFIL
