Timestamp,Dst Port,Protocol,Flow Duration,Tot Fwd Pkts,Tot Bwd Pkts,tot_len_src,tot_len_dst,syn_count,ack_count,iat_variance,payload_entropy,Label,scenario_id
10/08/2011 14:00:00,443,6,820.2457925640044,4,4,690,9474,0,6,0.315248,1.1379,Normal,CTU-13-BOTNET
10/08/2011 14:00:01,53,6,2742.4806081562438,25,3,64,14141,0,5,0.161683,1.2386,Normal,CTU-13-BOTNET
10/08/2011 14:00:02,6667,6,3525.109243162148,17,2,13667,3422,0,3,0.670992,0.9587,Normal,CTU-13-BOTNET
10/08/2011 14:00:03,53,6,4228.804904482701,4,10,5364,15843,0,0,0.774913,2.1397,Normal,CTU-13-BOTNET
10/08/2011 14:00:04,123,6,455.0583662391623,4,9,2747,11615,1,4,0.064731,0.9852,Normal,CTU-13-BOTNET
10/08/2011 14:00:05,80,6,1045.5121213345378,10,149,5649,232609,1,6,0.390259,0.9101,Normal,CTU-13-BOTNET
10/08/2011 14:00:06,80,6,4315.481936901869,3,8,4887,15104,0,5,0.152859,0.4,Normal,CTU-13-BOTNET
10/08/2011 14:00:07,8080,6,297.2225872806024,3,4,3104,7668,0,1,0.187868,0.6617,Normal,CTU-13-BOTNET
10/08/2011 14:00:08,443,6,1222.6936813004118,18,11,7712,18023,6,1,0.630239,2.4238,P2P-Peer-Discovery,CTU-13-BOTNET
10/08/2011 14:00:09,6667,6,3325.479239357989,4,17,3535,21243,0,2,0.379262,1.6345,Normal,CTU-13-BOTNET
10/08/2011 14:00:10,443,6,2050.1464686695144,11,6,7375,13287,1,9,0.854282,0.4,Normal,CTU-13-BOTNET
10/08/2011 14:00:11,123,6,1493.9439141769622,3,32,3296,31965,0,4,0.558207,1.6686,Normal,CTU-13-BOTNET
10/08/2011 14:00:12,80,6,5918.823185850046,25,23,11186,25809,0,7,0.709299,0.8108,Normal,CTU-13-BOTNET
10/08/2011 14:00:13,80,6,855.4327436699149,4,14,1955,23646,0,5,0.579829,1.5341,Normal,CTU-13-BOTNET
10/08/2011 14:00:14,123,6,1478.9586706238322,5,27,5885,46578,6,0,0.726074,1.9442,P2P-Peer-Discovery,CTU-13-BOTNET
10/08/2011 14:00:15,80,6,900.3781849508352,11,10,3247,14660,0,8,0.153297,0.4,Normal,CTU-13-BOTNET
10/08/2011 14:00:16,123,6,5133.395022075582,6,2,3802,5719,0,4,0.288845,2.8187,Normal,CTU-13-BOTNET
10/08/2011 14:00:17,123,6,693.3811870089064,6,2,8102,5906,0,8,0.341743,1.298,Normal,CTU-13-BOTNET
10/08/2011 14:00:18,80,6,1809.9746810611277,33,42,15933,48519,1,5,0.693099,1.2546,Normal,CTU-13-BOTNET
10/08/2011 14:00:19,53,6,2285.3179750260174,2,7,2321,6870,1,2,0.370892,0.4,Normal,CTU-13-BOTNET
10/08/2011 14:00:20,8080,6,2485.7215552264215,32,14,13409,24662,1,5,0.357098,0.4,Normal,CTU-13-BOTNET
10/08/2011 14:00:21,53,6,10002.676502631994,5,9,1813,20594,0,9,0.107843,0.6304,Normal,CTU-13-BOTNET
10/08/2011 14:00:22,443,6,9756.21365584158,8,17,2959,32739,0,8,0.209182,0.4,Normal,CTU-13-BOTNET
10/08/2011 14:00:23,443,6,1647.5046369789122,5,24,4855,42077,2,6,0.80708,0.4,Normal,CTU-13-BOTNET
10/08/2011 14:00:24,53,6,347.6955438500276,6,6,6759,18832,1,0,0.82116,1.8565,Normal,CTU-13-BOTNET
10/08/2011 14:00:25,8080,6,2855.2828747567864,15,32,6546,35971,0,4,0.360028,2.0476,Normal,CTU-13-BOTNET
10/08/2011 14:00:26,443,6,530.5119876482775,15,20,5459,25702,0,3,0.558564,0.4,Normal,CTU-13-BOTNET
10/08/2011 14:00:27,6667,6,417.12326811963004,5,54,4222,79228,0,5,0.448948,0.7572,Normal,CTU-13-BOTNET
10/08/2011 14:00:28,8080,6,3455.1809345370457,10,4,9232,8061,3,10,0.503733,2.1788,Normal,CTU-13-BOTNET
10/08/2011 14:00:29,443,6,1444.2756952670013,2,3,4072,6406,0,4,0.560367,1.0738,Normal,CTU-13-BOTNET
10/08/2011 14:00:30,53,6,148.83128996475486,6,8,7342,16448,1,9,0.255934,3.2595,Normal,CTU-13-BOTNET
10/08/2011 14:00:31,443,6,1315.1613233326627,7,19,2886,28470,0,5,1.121356,0.615,Normal,CTU-13-BOTNET
10/08/2011 14:00:32,123,6,1897.4197835664504,34,17,24533,18896,1,2,0.7679,0.4,Normal,CTU-13-BOTNET
10/08/2011 14:00:33,6667,6,2207.4841372129204,11,33,946,62454,1,5,0.272573,0.8198,Normal,CTU-13-BOTNET
10/08/2011 14:00:34,443,6,1537.497146307015,4,21,3852,23641,0,7,0.560912,0.4,Normal,CTU-13-BOTNET
10/08/2011 14:00:35,53,6,4108.399323277035,12,5,7610,9157,1,6,0.288166,1.0726,Normal,CTU-13-BOTNET
10/08/2011 14:00:36,80,6,889.5219171192987,7,13,7227,11766,1,6,0.470646,0.4,Normal,CTU-13-BOTNET
10/08/2011 14:00:37,6667,6,1363.1997365620743,9,21,6777,24345,3,8,0.74447,0.4,Normal,CTU-13-BOTNET
10/08/2011 14:00:38,80,6,305.18814001683336,2,24,1678,43179,0,6,0.943671,0.4,Normal,CTU-13-BOTNET
10/08/2011 14:00:39,53,6,3937.486665317873,2,20,3456,21538,2,4,0.426115,0.4594,Normal,CTU-13-BOTNET
10/08/2011 14:00:40,443,6,2594.3733228963824,12,18,5939,36085,1,6,0.345867,1.6627,Normal,CTU-13-BOTNET
10/08/2011 14:00:41,6667,6,1220.3229191758244,10,3,4063,11908,1,5,0.5998,1.2419,Normal,CTU-13-BOTNET
10/08/2011 14:00:42,6667,6,1005.0896400545269,11,2,9295,5072,1,1,0.667033,2.3535,Normal,CTU-13-BOTNET
10/08/2011 14:00:43,443,6,2117.271809586139,20,35,10474,47712,1,7,0.458248,0.4,Normal,CTU-13-BOTNET
10/08/2011 14:00:44,6667,6,3560.4126344092488,9,7,4750,148,1,4,0.332368,1.6736,Normal,CTU-13-BOTNET
10/08/2011 14:00:45,53,6,3571.944258968357,16,10,9316,10661,0,2,0.417783,0.4702,Normal,CTU-13-BOTNET
10/08/2011 14:00:46,123,6,9131.042633139039,6,2,6766,8054,1,9,0.692289,1.5713,Normal,CTU-13-BOTNET
10/08/2011 14:00:47,123,6,2096.940847109739,2,24,2346,41242,1,6,0.534369,0.9689,Normal,CTU-13-BOTNET
10/08/2011 14:00:48,443,6,11341.940400177467,5,7,2712,12839,0,8,0.517281,1.5364,Normal,CTU-13-BOTNET
10/08/2011 14:00:49,123,6,8444.527952859868,7,65,6981,22643,1,4,0.74528,0.4903,Normal,CTU-13-BOTNET
10/08/2011 14:00:50,53,6,2981.804348642129,4,7,5226,17472,2,4,0.615205,0.4,Normal,CTU-13-BOTNET
10/08/2011 14:00:51,8080,6,2441.0739470834237,2,23,847,31201,0,7,0.670257,1.3051,Normal,CTU-13-BOTNET
10/08/2011 14:00:52,6667,6,2026.2415630484186,12,6,8621,8587,1,12,0.800328,0.7351,Normal,CTU-13-BOTNET
10/08/2011 14:00:53,53,6,7481.684261325063,16,20,11475,34903,1,7,0.310992,0.4,Normal,CTU-13-BOTNET
10/08/2011 14:00:54,443,6,231.8732246958243,9,28,5376,20587,0,1,0.027841,0.4,Normal,CTU-13-BOTNET
10/08/2011 14:00:55,53,6,2093.0359323822195,12,14,11196,14421,2,5,0.794194,0.8481,Normal,CTU-13-BOTNET
10/08/2011 14:00:56,123,6,1746.1252438697322,26,3,10194,11564,1,6,0.949783,0.8598,Normal,CTU-13-BOTNET
10/08/2011 14:00:57,53,6,7080.008128144545,7,2,3488,4275,2,5,0.243754,1.9198,Normal,CTU-13-BOTNET
10/08/2011 14:00:58,8080,6,127.0789406104689,10,27,890,36753,1,5,0.592552,3.6413,Normal,CTU-13-BOTNET
10/08/2011 14:00:59,6667,6,7813.162542022004,16,9,10935,20827,1,4,0.216728,1.2534,Normal,CTU-13-BOTNET
10/08/2011 14:01:00,6667,6,1865.5479738424156,24,15,11780,16782,7,3,0.128936,1.7956,P2P-Peer-Discovery,CTU-13-BOTNET
10/08/2011 14:01:01,53,6,2043.2162185550767,5,18,5130,17560,2,1,0.694078,2.533,P2P-Peer-Discovery,CTU-13-BOTNET
10/08/2011 14:01:02,123,6,328.1419892443249,5,26,1525,12962,1,3,0.573086,3.3141,P2P-Peer-Discovery,CTU-13-BOTNET
10/08/2011 14:01:03,6667,6,4940.06256469433,2,9,5292,8663,6,2,0.492202,0.9557,P2P-Peer-Discovery,CTU-13-BOTNET
10/08/2011 14:01:04,53,6,4583.387174402893,6,7,4197,15953,10,3,0.476592,1.7498,P2P-Peer-Discovery,CTU-13-BOTNET
10/08/2011 14:01:05,123,6,412.43633252166995,34,23,17146,40003,5,1,0.605144,2.8757,P2P-Peer-Discovery,CTU-13-BOTNET
10/08/2011 14:01:06,123,6,9688.911248103837,6,4,1795,6367,5,3,0.32992,3.1183,P2P-Peer-Discovery,CTU-13-BOTNET
10/08/2011 14:01:07,8080,6,729.0751769136235,4,10,4282,10228,1,8,0.7743,3.0235,Normal,CTU-13-BOTNET
10/08/2011 14:01:08,80,6,340.7181481670798,10,6,8979,1281,6,5,1.049611,2.03,P2P-Peer-Discovery,CTU-13-BOTNET
10/08/2011 14:01:09,8080,6,2529.020193109056,5,63,2980,65032,2,1,0.666365,1.8931,P2P-Peer-Discovery,CTU-13-BOTNET
10/08/2011 14:01:10,8080,6,4226.828380480433,40,46,11279,40253,7,2,0.300345,3.6391,P2P-Peer-Discovery,CTU-13-BOTNET
10/08/2011 14:01:11,80,6,10143.84955611848,19,3,9068,4198,5,1,0.598639,1.0152,P2P-Peer-Discovery,CTU-13-BOTNET
10/08/2011 14:01:12,80,6,817.2710524088709,4,4,3808,17472,1,0,0.884027,4.3429,P2P-Peer-Discovery,CTU-13-BOTNET
10/08/2011 14:01:13,123,6,343.2319221961866,54,27,43627,45438,5,0,0.028483,1.06,P2P-Peer-Discovery,CTU-13-BOTNET
10/08/2011 14:01:14,6667,6,5354.2183962513,3,5,1663,10059,4,2,0.467378,3.1886,P2P-Peer-Discovery,CTU-13-BOTNET
10/08/2011 14:01:15,443,6,558.0239301375316,26,17,10066,36267,12,6,0.365886,3.2216,P2P-Peer-Discovery,CTU-13-BOTNET
10/08/2011 14:01:16,8080,6,294.94181668546395,6,31,2672,50992,2,2,0.115908,2.32,P2P-Peer-Discovery,CTU-13-BOTNET
10/08/2011 14:01:17,8080,6,129.31791719363616,7,6,8010,10600,1,2,0.240741,1.5932,P2P-Peer-Discovery,CTU-13-BOTNET
10/08/2011 14:01:18,53,6,985.8029034533481,21,4,10667,9908,4,2,0.452618,2.6129,P2P-Peer-Discovery,CTU-13-BOTNET
10/08/2011 14:01:19,8080,6,1058.2920567932945,18,2,16707,12291,7,1,0.730684,1.7093,P2P-Peer-Discovery,CTU-13-BOTNET
10/08/2011 14:01:20,53,6,1560.3515441786337,8,16,478,10254,9,2,0.238885,0.9993,P2P-Peer-Discovery,CTU-13-BOTNET
10/08/2011 14:01:21,53,6,594.8446214075315,3,16,4684,64,8,2,0.428729,2.1457,P2P-Peer-Discovery,CTU-13-BOTNET
10/08/2011 14:01:22,53,6,477.0162782552951,2,35,1368,29317,7,0,0.530243,2.0205,P2P-Peer-Discovery,CTU-13-BOTNET
10/08/2011 14:01:23,8080,6,320.1227156419965,30,53,20529,48669,4,4,0.591378,1.8538,P2P-Peer-Discovery,CTU-13-BOTNET
10/08/2011 14:01:24,123,6,15621.902040861762,20,27,6546,38353,4,0,0.409787,1.5844,P2P-Peer-Discovery,CTU-13-BOTNET
10/08/2011 14:01:25,123,6,1366.9435210227887,6,20,5574,15816,4,2,0.882418,1.4973,P2P-Peer-Discovery,CTU-13-BOTNET
10/08/2011 14:01:26,123,6,1405.388775012749,20,3,11420,8916,3,2,0.749178,2.4786,P2P-Peer-Discovery,CTU-13-BOTNET
10/08/2011 14:01:27,80,6,8327.476581052213,3,6,4388,12226,5,3,0.033764,1.9227,P2P-Peer-Discovery,CTU-13-BOTNET
10/08/2011 14:01:28,53,6,230.61342653355902,10,10,6970,10617,4,4,0.614731,2.7547,P2P-Peer-Discovery,CTU-13-BOTNET
10/08/2011 14:01:29,80,6,505.33626093790554,5,9,5740,21727,6,2,0.485641,2.1275,P2P-Peer-Discovery,CTU-13-BOTNET
10/08/2011 14:01:30,443,6,725.288258749207,27,11,9140,15181,4,1,0.840576,2.257,P2P-Peer-Discovery,CTU-13-BOTNET
10/08/2011 14:01:31,6667,6,2101.6743788286294,24,6,26357,15162,7,1,0.33859,2.8577,P2P-Peer-Discovery,CTU-13-BOTNET
10/08/2011 14:01:32,53,6,1251.0170760827086,17,2,13921,8380,5,3,0.209195,2.0489,P2P-Peer-Discovery,CTU-13-BOTNET
10/08/2011 14:01:33,6667,6,1621.8837495251248,2,24,3685,37855,3,1,0.142065,2.0763,P2P-Peer-Discovery,CTU-13-BOTNET
10/08/2011 14:01:34,53,6,1908.1460568121506,6,17,4334,29509,4,4,0.706059,1.052,P2P-Peer-Discovery,CTU-13-BOTNET
10/08/2011 14:01:35,53,6,3990.8655821046145,6,10,3541,18460,6,4,0.148335,2.2086,P2P-Peer-Discovery,CTU-13-BOTNET
10/08/2011 14:01:36,53,6,4063.446520018718,47,4,64,2191,1,2,0.696293,2.0202,Normal,CTU-13-BOTNET
10/08/2011 14:01:37,8080,6,246.10611420095447,9,79,5017,148361,4,0,0.279533,2.8566,P2P-Peer-Discovery,CTU-13-BOTNET
10/08/2011 14:01:38,443,6,8594.95062785182,15,15,2077,16210,2,6,0.513247,1.2572,P2P-Peer-Discovery,CTU-13-BOTNET
10/08/2011 14:01:39,80,6,1590.4770143832234,6,41,8131,84729,6,2,0.48244,1.8452,P2P-Peer-Discovery,CTU-13-BOTNET
10/08/2011 14:01:40,443,6,2193.3725533059596,3,27,3597,60105,7,5,0.485864,2.4275,P2P-Peer-Discovery,CTU-13-BOTNET
10/08/2011 14:01:41,80,6,2536.4413866901277,6,7,4846,12265,5,3,0.448111,2.7223,P2P-Peer-Discovery,CTU-13-BOTNET
10/08/2011 14:01:42,6667,6,91.15377662239088,5,25,3726,6789,6,1,0.693353,1.0986,P2P-Peer-Discovery,CTU-13-BOTNET
10/08/2011 14:01:43,443,6,4220.695045641346,8,7,4134,18542,6,3,0.44429,1.1532,P2P-Peer-Discovery,CTU-13-BOTNET
10/08/2011 14:01:44,8080,6,549.6896329811548,52,18,23863,28607,5,2,0.554629,2.104,P2P-Peer-Discovery,CTU-13-BOTNET
10/08/2011 14:01:45,80,6,2134.102417869576,11,14,8681,13574,3,3,0.305449,2.6637,P2P-Peer-Discovery,CTU-13-BOTNET
10/08/2011 14:01:46,80,6,3320.595804788472,2,25,759,31559,2,4,0.10628,1.6873,P2P-Peer-Discovery,CTU-13-BOTNET
10/08/2011 14:01:47,6667,6,7383.856328973265,5,4,4459,16097,8,3,0.438586,1.9542,P2P-Peer-Discovery,CTU-13-BOTNET
10/08/2011 14:01:48,80,6,315.35593408394203,5,8,2280,322,6,3,0.401457,0.4,P2P-Peer-Discovery,CTU-13-BOTNET
10/08/2011 14:01:49,53,6,2851.7161975541076,13,18,9727,15021,9,1,0.468379,3.1922,P2P-Peer-Discovery,CTU-13-BOTNET
10/08/2011 14:01:50,123,6,473.8632996258464,7,34,5508,33149,4,1,0.277948,0.9441,P2P-Peer-Discovery,CTU-13-BOTNET
10/08/2011 14:01:51,8080,6,2975.780361211867,14,6,10924,6408,4,1,0.237625,2.3749,P2P-Peer-Discovery,CTU-13-BOTNET
10/08/2011 14:01:52,6667,6,6225.317773453457,4,2,4614,5349,5,0,0.459072,1.7272,P2P-Peer-Discovery,CTU-13-BOTNET
10/08/2011 14:01:53,443,6,2150.436026018942,3,7,5067,5878,4,5,0.238431,3.1529,P2P-Peer-Discovery,CTU-13-BOTNET
10/08/2011 14:01:54,443,6,1153.701225920984,8,24,5345,14735,6,1,0.447038,2.1162,P2P-Peer-Discovery,CTU-13-BOTNET
10/08/2011 14:01:55,123,6,718.2818452516233,12,8,9103,17524,12,4,0.162755,2.4093,P2P-Peer-Discovery,CTU-13-BOTNET
10/08/2011 14:01:56,53,6,3146.049963289981,9,6,3205,16983,6,2,0.314868,2.4066,P2P-Peer-Discovery,CTU-13-BOTNET
10/08/2011 14:01:57,443,6,4498.774427127133,5,2,5251,11372,7,4,0.466391,1.3116,P2P-Peer-Discovery,CTU-13-BOTNET
10/08/2011 14:01:58,443,6,1129.2947577032999,10,47,5286,49534,4,0,0.545884,0.8992,P2P-Peer-Discovery,CTU-13-BOTNET
10/08/2011 14:01:59,53,6,9169.081695787687,15,75,12445,104417,6,3,0.79826,3.5686,P2P-Peer-Discovery,CTU-13-BOTNET
10/08/2011 14:02:00,6667,17,3809.3003025286084,4,3,5638,13014,7,1,0.294739,2.2131,UDP-Flood-DDoS,CTU-13-BOTNET
10/08/2011 14:02:01,80,17,3258.7020428708706,4,7,1532,14451,4,4,0.47828,4.2493,UDP-Flood-DDoS,CTU-13-BOTNET
10/08/2011 14:02:02,80,17,5542.253721156802,35,12,21930,2409,4,2,0.357501,2.5832,UDP-Flood-DDoS,CTU-13-BOTNET
10/08/2011 14:02:03,53,17,4617.191535991964,8,10,4314,18420,5,3,0.227884,3.2732,UDP-Flood-DDoS,CTU-13-BOTNET
10/08/2011 14:02:04,123,17,2621.1898927848115,6,2,6745,4638,3,0,0.144663,2.4233,UDP-Flood-DDoS,CTU-13-BOTNET
10/08/2011 14:02:05,80,17,1156.2607755679633,18,25,11496,48773,7,0,0.47054,4.2033,UDP-Flood-DDoS,CTU-13-BOTNET
10/08/2011 14:02:06,53,17,1379.0422254529226,10,7,7805,9656,8,3,0.669276,3.1153,UDP-Flood-DDoS,CTU-13-BOTNET
10/08/2011 14:02:07,8080,17,743.1119130979663,29,12,7527,26973,4,5,0.239052,3.4234,UDP-Flood-DDoS,CTU-13-BOTNET
10/08/2011 14:02:08,443,17,6512.4981329376105,8,3,5911,9796,2,2,0.235039,2.2966,UDP-Flood-DDoS,CTU-13-BOTNET
10/08/2011 14:02:09,8080,17,5767.200479336183,19,27,8693,31428,6,6,0.46111,2.3424,UDP-Flood-DDoS,CTU-13-BOTNET
10/08/2011 14:02:10,53,17,3668.196535348137,2,5,2021,12829,7,3,0.53528,2.976,UDP-Flood-DDoS,CTU-13-BOTNET
10/08/2011 14:02:11,80,17,843.077057866129,3,11,5337,12388,6,1,0.270752,2.3125,UDP-Flood-DDoS,CTU-13-BOTNET
10/08/2011 14:02:12,80,17,3145.160605836381,10,20,8014,29764,1,2,0.847939,2.9424,UDP-Flood-DDoS,CTU-13-BOTNET
10/08/2011 14:02:13,123,17,6049.443771630809,10,37,8915,70870,3,2,0.322162,2.9401,UDP-Flood-DDoS,CTU-13-BOTNET
10/08/2011 14:02:14,123,17,1000.4447237933746,12,35,9952,45071,7,2,0.225031,3.5202,UDP-Flood-DDoS,CTU-13-BOTNET
10/08/2011 14:02:15,123,17,3747.659557082474,2,64,2276,73380,8,2,0.272184,3.856,UDP-Flood-DDoS,CTU-13-BOTNET
10/08/2011 14:02:16,6667,17,733.0664030841601,3,9,1337,18454,6,4,0.713983,2.011,UDP-Flood-DDoS,CTU-13-BOTNET
10/08/2011 14:02:17,6667,17,13197.584866221814,19,3,11505,7493,5,1,0.657326,3.2438,UDP-Flood-DDoS,CTU-13-BOTNET
10/08/2011 14:02:18,443,17,3496.447062919794,10,22,8536,42869,6,2,0.406556,3.5464,UDP-Flood-DDoS,CTU-13-BOTNET
10/08/2011 14:02:19,6667,17,1552.0596227461676,7,47,8513,26960,3,2,0.017198,3.1164,UDP-Flood-DDoS,CTU-13-BOTNET
10/08/2011 14:02:20,6667,17,1973.7880722001241,16,2,8393,8486,6,3,0.358538,3.8903,UDP-Flood-DDoS,CTU-13-BOTNET
10/08/2011 14:02:21,123,17,510.23868938750655,15,3,3781,5941,3,1,0.041826,4.1132,UDP-Flood-DDoS,CTU-13-BOTNET
10/08/2011 14:02:22,53,17,2970.793861271321,7,49,2122,59733,4,1,0.27006,3.6998,UDP-Flood-DDoS,CTU-13-BOTNET
10/08/2011 14:02:23,443,17,2967.9292617181013,8,3,1261,7575,6,0,0.576109,4.2253,UDP-Flood-DDoS,CTU-13-BOTNET
10/08/2011 14:02:24,443,17,1938.2644725044636,16,14,5810,13822,4,1,0.245379,3.4339,UDP-Flood-DDoS,CTU-13-BOTNET
10/08/2011 14:02:25,8080,17,1128.3853145233202,2,41,642,73517,4,2,0.025851,3.3919,UDP-Flood-DDoS,CTU-13-BOTNET
10/08/2011 14:02:26,80,17,3335.667068988869,3,25,3302,22444,10,2,0.28066,3.2092,UDP-Flood-DDoS,CTU-13-BOTNET
10/08/2011 14:02:27,8080,17,2147.508588619535,8,5,6364,15979,2,4,0.465741,3.3706,UDP-Flood-DDoS,CTU-13-BOTNET
10/08/2011 14:02:28,123,17,586.4976157249085,5,40,2765,8164,4,2,0.473609,4.3047,UDP-Flood-DDoS,CTU-13-BOTNET
10/08/2011 14:02:29,443,17,1313.4313521025995,2,24,1571,31212,10,1,0.258843,3.507,UDP-Flood-DDoS,CTU-13-BOTNET
10/08/2011 14:02:30,53,17,1961.9348619341529,2,23,2433,23083,8,2,0.65612,4.4281,UDP-Flood-DDoS,CTU-13-BOTNET
10/08/2011 14:02:31,8080,17,1010.8627751172783,11,55,2496,61432,5,1,0.413179,3.4303,UDP-Flood-DDoS,CTU-13-BOTNET
10/08/2011 14:02:32,443,17,583.8290992095122,15,14,7272,12809,6,1,0.327998,3.0411,UDP-Flood-DDoS,CTU-13-BOTNET
10/08/2011 14:02:33,6667,17,404.90362436955064,11,18,9385,23304,10,1,0.373396,2.7399,UDP-Flood-DDoS,CTU-13-BOTNET
10/08/2011 14:02:34,80,17,195.93669368950674,21,20,3838,39763,10,4,0.571729,3.1771,UDP-Flood-DDoS,CTU-13-BOTNET
10/08/2011 14:02:35,53,17,3759.481607842045,41,47,24220,84855,2,0,0.494738,2.5107,UDP-Flood-DDoS,CTU-13-BOTNET
10/08/2011 14:02:36,123,6,1070.4812944895982,25,26,5898,62154,1,6,0.32806,0.9339,Normal,CTU-13-BOTNET
10/08/2011 14:02:37,6667,17,2450.9626016110537,4,2,4875,3094,6,0,0.55987,2.2521,UDP-Flood-DDoS,CTU-13-BOTNET
10/08/2011 14:02:38,6667,17,1703.7134031449098,12,13,4169,13511,2,1,0.270371,3.8895,UDP-Flood-DDoS,CTU-13-BOTNET
10/08/2011 14:02:39,53,17,2622.7450418804497,7,19,3632,25304,5,1,0.512585,1.5222,UDP-Flood-DDoS,CTU-13-BOTNET
10/08/2011 14:02:40,123,17,3061.6711338164146,2,3,2938,5184,6,2,0.441263,4.4019,UDP-Flood-DDoS,CTU-13-BOTNET
10/08/2011 14:02:41,6667,17,179.74971561650506,45,65,20576,60898,4,3,0.577801,2.7655,UDP-Flood-DDoS,CTU-13-BOTNET
10/08/2011 14:02:42,53,17,1207.9644260461637,10,32,7281,37823,3,1,0.107045,3.8588,UDP-Flood-DDoS,CTU-13-BOTNET
10/08/2011 14:02:43,80,17,1532.7804798240156,47,7,29737,15276,1,5,0.023045,4.6386,UDP-Flood-DDoS,CTU-13-BOTNET
10/08/2011 14:02:44,80,6,1553.1229746310817,5,9,5447,12203,1,5,0.123922,0.4,Normal,CTU-13-BOTNET
10/08/2011 14:02:45,6667,17,452.01241698356756,13,7,5760,5101,4,3,0.729775,4.0582,UDP-Flood-DDoS,CTU-13-BOTNET
10/08/2011 14:02:46,80,17,2434.059227921704,6,9,7700,18844,3,0,0.135553,3.8087,UDP-Flood-DDoS,CTU-13-BOTNET
10/08/2011 14:02:47,8080,6,5209.526137064117,9,32,2903,20186,8,3,0.237041,2.1501,P2P-Peer-Discovery,CTU-13-BOTNET
10/08/2011 14:02:48,123,17,4378.9296268654825,8,16,4754,19190,2,2,1.070636,3.7408,UDP-Flood-DDoS,CTU-13-BOTNET
10/08/2011 14:02:49,80,17,5156.308981880525,21,5,9473,13103,6,3,0.480409,3.9397,UDP-Flood-DDoS,CTU-13-BOTNET
10/08/2011 14:02:50,123,17,4730.504760968013,5,16,5847,36069,2,2,0.461942,2.5864,UDP-Flood-DDoS,CTU-13-BOTNET
10/08/2011 14:02:51,443,17,3088.3609181758716,3,28,3658,41312,1,1,0.196598,4.2865,UDP-Flood-DDoS,CTU-13-BOTNET
10/08/2011 14:02:52,6667,17,6672.8484975356905,19,14,16860,34536,5,1,0.615524,2.9854,UDP-Flood-DDoS,CTU-13-BOTNET
10/08/2011 14:02:53,8080,17,1811.951210316223,3,12,4413,12537,7,2,0.454355,2.9924,UDP-Flood-DDoS,CTU-13-BOTNET
10/08/2011 14:02:54,6667,17,1028.1717832077015,4,2,3061,5263,4,1,0.751196,3.3348,UDP-Flood-DDoS,CTU-13-BOTNET
10/08/2011 14:02:55,80,17,2072.9284778940687,7,24,4559,31265,3,3,0.480132,3.9698,UDP-Flood-DDoS,CTU-13-BOTNET
10/08/2011 14:02:56,53,17,733.7768238876029,4,6,1241,7879,2,1,0.528148,3.5642,UDP-Flood-DDoS,CTU-13-BOTNET
10/08/2011 14:02:57,443,17,708.0980825696353,8,14,2272,11997,3,1,0.731861,2.2552,UDP-Flood-DDoS,CTU-13-BOTNET
10/08/2011 14:02:58,123,17,1320.2232580847688,13,7,8793,11598,5,0,0.36559,4.5547,UDP-Flood-DDoS,CTU-13-BOTNET
10/08/2011 14:02:59,6667,17,341.85166759051305,5,2,4649,5917,6,0,0.143624,4.6685,UDP-Flood-DDoS,CTU-13-BOTNET
10/08/2011 14:03:00,6667,6,3683.1858480670794,8,26,2676,41326,2,2,0.33806,4.185,SMB-RPC-Pivot,CTU-13-BOTNET
10/08/2011 14:03:01,53,6,4707.914887817661,3,23,4002,30353,2,4,0.46961,3.8902,SMB-RPC-Pivot,CTU-13-BOTNET
10/08/2011 14:03:02,6667,6,1867.7095853557644,2,6,1465,9164,0,1,0.488029,1.1695,Normal,CTU-13-BOTNET
10/08/2011 14:03:03,443,6,93.66912646214179,9,15,6590,17349,1,0,0.822242,4.1295,SMB-RPC-Pivot,CTU-13-BOTNET
10/08/2011 14:03:04,8080,6,553.37282686978,10,19,7455,31326,0,1,0.254684,3.7849,SMB-RPC-Pivot,CTU-13-BOTNET
10/08/2011 14:03:05,443,6,8198.533690997961,2,5,1069,8157,2,0,0.220342,6.2447,SMB-RPC-Pivot,CTU-13-BOTNET
10/08/2011 14:03:06,6667,6,13024.827394240285,19,9,8800,64,4,1,0.585422,4.0104,P2P-Peer-Discovery,CTU-13-BOTNET
10/08/2011 14:03:07,6667,6,225.92792231112554,8,2,1663,8491,0,3,0.395004,4.2968,SMB-RPC-Pivot,CTU-13-BOTNET
10/08/2011 14:03:08,8080,6,3161.898877600354,3,25,3605,16720,2,2,0.505933,2.9819,SMB-RPC-Pivot,CTU-13-BOTNET
10/08/2011 14:03:09,8080,6,205.77168738193518,10,2,6997,10473,2,3,0.385165,3.2845,SMB-RPC-Pivot,CTU-13-BOTNET
10/08/2011 14:03:10,8080,6,5299.048060434755,9,13,8746,24662,0,1,0.404448,3.401,SMB-RPC-Pivot,CTU-13-BOTNET
10/08/2011 14:03:11,443,6,4284.844397905132,6,10,5930,17690,5,3,0.565517,1.8656,P2P-Peer-Discovery,CTU-13-BOTNET
10/08/2011 14:03:12,80,6,2876.0626590186307,12,5,9368,8438,1,1,0.735603,5.455,SMB-RPC-Pivot,CTU-13-BOTNET
10/08/2011 14:03:13,80,6,17880.197439261126,2,12,2862,14654,9,0,0.655939,2.1394,P2P-Peer-Discovery,CTU-13-BOTNET
10/08/2011 14:03:14,443,6,2830.837712729785,14,2,6600,8678,0,0,0.644545,3.2563,SMB-RPC-Pivot,CTU-13-BOTNET
10/08/2011 14:03:15,443,6,3013.399130990521,3,3,285,9534,0,2,0.317752,4.943,SMB-RPC-Pivot,CTU-13-BOTNET
10/08/2011 14:03:16,6667,6,2349.6673806899425,6,8,3715,19887,0,2,0.162281,4.0735,SMB-RPC-Pivot,CTU-13-BOTNET
10/08/2011 14:03:17,8080,6,2528.763702135055,8,2,6219,6584,2,0,0.623742,6.2495,SMB-RPC-Pivot,CTU-13-BOTNET
10/08/2011 14:03:18,8080,6,3544.28092808839,5,50,4788,51208,2,3,0.462048,5.2204,SMB-RPC-Pivot,CTU-13-BOTNET
10/08/2011 14:03:19,6667,6,6784.55889264242,2,10,3885,6191,0,1,0.655336,5.1162,SMB-RPC-Pivot,CTU-13-BOTNET
10/08/2011 14:03:20,123,6,209.00257355671735,3,37,1551,61409,6,1,0.100907,1.5836,P2P-Peer-Discovery,CTU-13-BOTNET
10/08/2011 14:03:21,123,6,1597.8348653377516,8,2,4391,7892,1,1,0.811556,4.0848,SMB-RPC-Pivot,CTU-13-BOTNET
10/08/2011 14:03:22,123,6,860.3307249003351,14,3,4127,9201,3,4,0.520054,2.0139,P2P-Peer-Discovery,CTU-13-BOTNET
10/08/2011 14:03:23,80,6,119.87186135466773,5,4,4241,15234,0,3,0.32588,3.7015,SMB-RPC-Pivot,CTU-13-BOTNET
10/08/2011 14:03:24,8080,6,4718.137206961449,3,3,4262,7741,0,4,0.811944,4.3978,SMB-RPC-Pivot,CTU-13-BOTNET
10/08/2011 14:03:25,53,6,7870.846673596948,23,3,10966,4835,2,1,0.39743,3.682,SMB-RPC-Pivot,CTU-13-BOTNET
10/08/2011 14:03:26,6667,6,1239.4093152515018,23,12,8593,5425,2,3,0.21315,6.2862,SMB-RPC-Pivot,CTU-13-BOTNET
10/08/2011 14:03:27,80,6,3091.712427176078,18,4,4839,11493,1,3,0.315625,4.1331,SMB-RPC-Pivot,CTU-13-BOTNET
10/08/2011 14:03:28,443,6,966.6339799136034,4,7,7563,13865,1,5,0.685151,3.3526,SMB-RPC-Pivot,CTU-13-BOTNET
10/08/2011 14:03:29,123,6,3906.166294872661,3,5,3608,7758,1,2,0.185082,6.5439,SMB-RPC-Pivot,CTU-13-BOTNET
10/08/2011 14:03:30,53,6,8547.774171692365,16,19,3380,16523,3,3,0.782681,4.0605,SMB-RPC-Pivot,CTU-13-BOTNET
10/08/2011 14:03:31,53,6,4084.3659520367573,7,5,1395,6910,3,1,0.229522,4.7715,SMB-RPC-Pivot,CTU-13-BOTNET
10/08/2011 14:03:32,53,6,1363.301265441039,4,8,3872,13634,1,0,0.741317,4.9767,SMB-RPC-Pivot,CTU-13-BOTNET
10/08/2011 14:03:33,6667,6,1283.5966545221875,20,6,8765,6156,1,4,0.357401,4.5389,SMB-RPC-Pivot,CTU-13-BOTNET
10/08/2011 14:03:34,443,6,156.50956180811042,10,4,4285,11861,1,4,0.919115,4.441,SMB-RPC-Pivot,CTU-13-BOTNET
10/08/2011 14:03:35,443,6,7786.638481927511,4,15,4532,18240,1,7,0.38396,1.8457,Normal,CTU-13-BOTNET
10/08/2011 14:03:36,80,6,6645.190351503579,14,28,12047,13627,0,3,0.671272,4.8181,SMB-RPC-Pivot,CTU-13-BOTNET
10/08/2011 14:03:37,80,6,735.3314771629377,4,50,2957,35060,3,0,0.383924,0.9539,P2P-Peer-Discovery,CTU-13-BOTNET
10/08/2011 14:03:38,80,6,624.9294078716811,8,32,3154,49627,0,1,0.393383,6.1694,SMB-RPC-Pivot,CTU-13-BOTNET
10/08/2011 14:03:39,53,6,413.0241776684429,19,10,3838,2798,3,4,0.320008,3.6061,SMB-RPC-Pivot,CTU-13-BOTNET
10/08/2011 14:03:40,443,6,9994.948039625611,11,5,8783,64,1,1,0.492603,5.1674,SMB-RPC-Pivot,CTU-13-BOTNET
10/08/2011 14:03:41,80,6,1841.4511683019393,10,3,64,4893,0,4,0.711953,3.046,SMB-RPC-Pivot,CTU-13-BOTNET
10/08/2011 14:03:42,443,6,2825.808175942408,6,3,5005,5840,2,2,0.520516,4.6719,SMB-RPC-Pivot,CTU-13-BOTNET
10/08/2011 14:03:43,53,6,4878.378572489575,2,6,4448,8586,2,1,0.260435,5.6373,SMB-RPC-Pivot,CTU-13-BOTNET
10/08/2011 14:03:44,53,6,2955.549799363687,10,39,5148,48202,0,0,0.698055,5.3221,SMB-RPC-Pivot,CTU-13-BOTNET
10/08/2011 14:03:45,80,6,5498.419792194004,7,74,4516,46887,1,5,0.274593,3.833,SMB-RPC-Pivot,CTU-13-BOTNET
10/08/2011 14:03:46,53,6,2194.5383120732404,11,2,1669,3943,0,5,0.174267,5.7633,SMB-RPC-Pivot,CTU-13-BOTNET
10/08/2011 14:03:47,53,6,897.4215000813342,6,55,5449,84535,1,2,0.146254,5.5028,SMB-RPC-Pivot,CTU-13-BOTNET
10/08/2011 14:03:48,123,6,3823.280710510823,2,11,3629,17988,5,5,0.722944,1.6317,P2P-Peer-Discovery,CTU-13-BOTNET
10/08/2011 14:03:49,53,6,1842.9912258217832,30,4,27166,12617,1,2,0.572897,4.7391,SMB-RPC-Pivot,CTU-13-BOTNET
10/08/2011 14:03:50,6667,6,965.9717889959466,3,6,5230,8295,0,2,0.415001,4.1071,SMB-RPC-Pivot,CTU-13-BOTNET
10/08/2011 14:03:51,6667,6,5783.699243859355,19,55,9278,26141,1,3,0.43471,4.9646,SMB-RPC-Pivot,CTU-13-BOTNET
10/08/2011 14:03:52,443,6,412.45726814280846,23,22,8462,32172,2,5,0.057602,3.825,SMB-RPC-Pivot,CTU-13-BOTNET
10/08/2011 14:03:53,8080,6,1124.3444578571368,2,27,1528,26755,0,2,0.456235,4.6306,SMB-RPC-Pivot,CTU-13-BOTNET
10/08/2011 14:03:54,123,6,2085.3838683401054,15,5,11615,11093,0,0,0.584557,5.3043,SMB-RPC-Pivot,CTU-13-BOTNET
10/08/2011 14:03:55,6667,6,6058.2042541197225,22,3,21597,9350,1,8,0.338404,1.0867,Normal,CTU-13-BOTNET
10/08/2011 14:03:56,6667,6,3728.028217867311,3,7,4559,11773,1,4,0.23615,2.207,Normal,CTU-13-BOTNET
10/08/2011 14:03:57,53,6,4781.420975183487,7,29,4432,17847,1,3,0.083101,3.521,SMB-RPC-Pivot,CTU-13-BOTNET
10/08/2011 14:03:58,443,6,8075.845930060259,21,31,10681,47204,2,3,0.366646,3.6816,SMB-RPC-Pivot,CTU-13-BOTNET
10/08/2011 14:03:59,443,6,1915.9441279651098,12,3,6199,7538,0,0,0.465137,5.4544,SMB-RPC-Pivot,CTU-13-BOTNET
10/08/2011 14:04:00,123,6,90.46065407833987,2,8,1473,8316,1,0,0.149857,6.4534,IRC-Botnet-C2,CTU-13-BOTNET
10/08/2011 14:04:01,443,6,2147.4876759971025,6,17,1731,21135,1,3,0.311172,5.763,IRC-Botnet-C2,CTU-13-BOTNET
10/08/2011 14:04:02,80,6,6483.182346576511,58,57,43898,97398,0,0,0.095831,5.0964,IRC-Botnet-C2,CTU-13-BOTNET
10/08/2011 14:04:03,123,6,2768.882261638066,4,12,3369,7333,1,4,0.046202,4.6938,IRC-Botnet-C2,CTU-13-BOTNET
10/08/2011 14:04:04,6667,6,2188.063629106509,2,11,2833,4155,3,1,0.110085,5.9759,IRC-Botnet-C2,CTU-13-BOTNET
10/08/2011 14:04:05,123,6,320.96204008458744,4,15,3902,21859,1,2,0.031801,6.328,IRC-Botnet-C2,CTU-13-BOTNET
10/08/2011 14:04:06,6667,6,2473.7239548471002,19,2,10401,5148,0,2,0.124634,6.2077,IRC-Botnet-C2,CTU-13-BOTNET
10/08/2011 14:04:07,443,6,1291.7759520654927,8,9,3795,18804,3,3,0.070127,6.6288,IRC-Botnet-C2,CTU-13-BOTNET
10/08/2011 14:04:08,80,6,224.10858377804118,11,12,4210,9972,0,2,0.315423,5.958,IRC-Botnet-C2,CTU-13-BOTNET
10/08/2011 14:04:09,123,6,2455.0352941551,3,25,997,25441,1,4,0.754461,1.6993,Normal,CTU-13-BOTNET
10/08/2011 14:04:10,6667,6,5919.661426446642,25,27,10239,40117,0,0,0.044503,5.2902,IRC-Botnet-C2,CTU-13-BOTNET
10/08/2011 14:04:11,53,6,4219.93316307973,3,17,3489,6681,0,3,0.071393,6.4513,IRC-Botnet-C2,CTU-13-BOTNET
10/08/2011 14:04:12,443,6,989.3830827345059,3,10,5052,5821,1,1,0.099277,4.9058,IRC-Botnet-C2,CTU-13-BOTNET
10/08/2011 14:04:13,8080,6,2063.540707412474,10,72,8894,103270,1,2,0.022457,6.3263,IRC-Botnet-C2,CTU-13-BOTNET
10/08/2011 14:04:14,443,6,2623.075137664736,7,21,1991,33900,1,3,0.045072,6.8186,IRC-Botnet-C2,CTU-13-BOTNET
10/08/2011 14:04:15,123,6,985.4292142738373,8,4,5565,7663,1,2,0.089085,4.2841,IRC-Botnet-C2,CTU-13-BOTNET
10/08/2011 14:04:16,6667,6,587.2581732286335,5,4,2510,9637,0,3,0.207278,5.3877,IRC-Botnet-C2,CTU-13-BOTNET
10/08/2011 14:04:17,443,6,2305.0755013265275,21,14,19397,21062,1,6,0.282499,4.9222,IRC-Botnet-C2,CTU-13-BOTNET
10/08/2011 14:04:18,80,6,1291.474049861123,6,5,3277,8808,0,3,0.106685,4.2784,IRC-Botnet-C2,CTU-13-BOTNET
10/08/2011 14:04:19,6667,6,5353.715107509664,5,7,5194,16070,0,1,0.010601,6.5052,IRC-Botnet-C2,CTU-13-BOTNET
10/08/2011 14:04:20,6667,6,8751.17527449441,13,28,6595,34886,2,2,0.080604,5.4303,IRC-Botnet-C2,CTU-13-BOTNET
10/08/2011 14:04:21,8080,6,3059.398222599227,3,13,3720,14587,0,0,0.094603,5.5343,IRC-Botnet-C2,CTU-13-BOTNET
10/08/2011 14:04:22,80,6,1736.0075828034187,17,20,3186,34553,1,1,0.023751,4.5022,IRC-Botnet-C2,CTU-13-BOTNET
10/08/2011 14:04:23,8080,6,703.2963707921244,2,23,2394,23570,1,1,0.049553,5.7688,IRC-Botnet-C2,CTU-13-BOTNET
10/08/2011 14:04:24,443,6,4107.920715756034,13,10,7575,469,1,0,0.539596,4.4727,IRC-Botnet-C2,CTU-13-BOTNET
10/08/2011 14:04:25,443,6,1167.154182226292,3,13,3889,21172,0,3,0.210031,5.2051,IRC-Botnet-C2,CTU-13-BOTNET
10/08/2011 14:04:26,8080,6,4000.9991633883233,27,8,16013,5172,4,1,0.003886,6.0825,IRC-Botnet-C2,CTU-13-BOTNET
10/08/2011 14:04:27,443,6,7433.214674205513,31,22,8460,41827,1,2,0.436482,4.1798,IRC-Botnet-C2,CTU-13-BOTNET
10/08/2011 14:04:28,8080,6,5989.486191910491,10,17,1357,34842,1,2,0.294994,6.2116,IRC-Botnet-C2,CTU-13-BOTNET
10/08/2011 14:04:29,6667,6,238.5787307760258,14,13,9305,15441,0,2,0.09112,5.2005,IRC-Botnet-C2,CTU-13-BOTNET
10/08/2011 14:04:30,443,6,376.56378218391694,2,6,4379,11966,1,2,0.164588,4.9369,IRC-Botnet-C2,CTU-13-BOTNET
10/08/2011 14:04:31,53,6,5072.017163354632,17,6,13501,16446,2,3,0.413126,6.2056,IRC-Botnet-C2,CTU-13-BOTNET
10/08/2011 14:04:32,6667,6,3193.3713539469704,8,9,4918,11866,0,1,0.159848,6.5514,IRC-Botnet-C2,CTU-13-BOTNET
10/08/2011 14:04:33,80,6,2352.166589840068,10,25,9053,10722,3,11,0.482234,1.795,Normal,CTU-13-BOTNET
10/08/2011 14:04:34,8080,6,240.4865013940497,12,12,7081,22250,0,11,0.833279,1.5737,Normal,CTU-13-BOTNET
10/08/2011 14:04:35,123,6,1507.1561682582615,3,31,3199,27457,0,5,0.577353,4.9201,IRC-Botnet-C2,CTU-13-BOTNET
10/08/2011 14:04:36,53,6,8117.628953803306,6,3,2256,5041,1,1,0.32135,7.7624,IRC-Botnet-C2,CTU-13-BOTNET
10/08/2011 14:04:37,6667,6,5706.87835002999,12,38,6960,32689,2,0,0.202814,4.9951,IRC-Botnet-C2,CTU-13-BOTNET
10/08/2011 14:04:38,443,6,5748.570207070238,9,7,4051,13845,1,2,0.306303,5.7667,IRC-Botnet-C2,CTU-13-BOTNET
10/08/2011 14:04:39,443,6,1088.5960120602576,20,47,9532,43814,2,2,0.270317,6.039,IRC-Botnet-C2,CTU-13-BOTNET
10/08/2011 14:04:40,8080,6,2583.691030973559,34,19,23207,14070,2,2,0.342099,6.4644,IRC-Botnet-C2,CTU-13-BOTNET
10/08/2011 14:04:41,53,6,1061.5046633422971,17,14,2892,23558,1,3,0.614706,5.3415,IRC-Botnet-C2,CTU-13-BOTNET
10/08/2011 14:04:42,8080,6,208.99308997357204,17,20,15382,20179,1,2,0.282797,6.8916,IRC-Botnet-C2,CTU-13-BOTNET
10/08/2011 14:04:43,53,6,7072.810440437514,2,9,64,13726,1,1,0.351357,5.3878,IRC-Botnet-C2,CTU-13-BOTNET
10/08/2011 14:04:44,53,6,4997.078358930113,3,8,4051,9590,1,2,0.336168,5.7602,IRC-Botnet-C2,CTU-13-BOTNET
10/08/2011 14:04:45,123,6,3176.8875998906474,5,13,3294,12545,0,0,0.440567,6.4889,IRC-Botnet-C2,CTU-13-BOTNET
10/08/2011 14:04:46,123,6,2693.891689944414,5,2,3760,9575,0,4,0.439821,0.4,Normal,CTU-13-BOTNET
10/08/2011 14:04:47,8080,6,1748.2076121571417,37,12,33558,8802,0,3,0.302404,6.2226,IRC-Botnet-C2,CTU-13-BOTNET
10/08/2011 14:04:48,53,6,3614.893196321603,4,9,4317,5417,0,2,0.015327,5.5353,IRC-Botnet-C2,CTU-13-BOTNET
10/08/2011 14:04:49,8080,6,3856.841516458001,10,23,9796,22574,1,4,0.541508,1.3652,Normal,CTU-13-BOTNET
10/08/2011 14:04:50,80,6,245.92194976613047,25,3,12067,4525,0,8,0.561781,1.5358,Normal,CTU-13-BOTNET
10/08/2011 14:04:51,6667,6,12957.917654609066,15,34,1780,32391,2,3,0.440019,6.2516,IRC-Botnet-C2,CTU-13-BOTNET
10/08/2011 14:04:52,8080,6,1499.796513578864,38,67,7263,43618,2,4,0.136456,6.3086,IRC-Botnet-C2,CTU-13-BOTNET
10/08/2011 14:04:53,80,6,198.19510986532416,7,19,4539,18418,2,1,0.165187,7.0434,IRC-Botnet-C2,CTU-13-BOTNET
10/08/2011 14:04:54,443,6,4287.310203002723,3,26,2487,26286,2,2,0.115695,6.748,IRC-Botnet-C2,CTU-13-BOTNET
10/08/2011 14:04:55,123,6,1307.853973452241,15,27,10465,34518,1,3,0.114598,6.4922,IRC-Botnet-C2,CTU-13-BOTNET
10/08/2011 14:04:56,8080,6,266.39029197839875,50,2,10250,6722,0,5,0.234325,0.8212,Normal,CTU-13-BOTNET
10/08/2011 14:04:57,123,6,1402.4176334828132,10,32,8641,35464,1,2,0.163695,6.4896,IRC-Botnet-C2,CTU-13-BOTNET
10/08/2011 14:04:58,80,6,86.10715159225151,8,21,9341,22808,0,0,0.191904,7.1863,IRC-Botnet-C2,CTU-13-BOTNET
10/08/2011 14:04:59,80,6,3446.085435634115,25,35,6919,32131,0,0,0.063188,6.6096,IRC-Botnet-C2,CTU-13-BOTNET
10/08/2011 14:05:00,8080,17,2367.707916063014,6,7,4022,8837,2,0,0.440223,6.0999,DNS-Tunneling,CTU-13-BOTNET
10/08/2011 14:05:01,6667,17,368.5738237588796,24,42,18510,19867,1,3,0.464982,6.4631,DNS-Tunneling,CTU-13-BOTNET
10/08/2011 14:05:02,53,17,978.5721339702816,10,28,5678,46991,1,1,0.044187,7.294,DNS-Tunneling,CTU-13-BOTNET
10/08/2011 14:05:03,6667,17,2562.6863427732615,3,2,5190,9291,1,3,0.268033,7.7895,DNS-Tunneling,CTU-13-BOTNET
10/08/2011 14:05:04,8080,17,1327.9480163606918,9,6,4008,12546,1,3,0.261225,5.6628,DNS-Tunneling,CTU-13-BOTNET
10/08/2011 14:05:05,80,17,823.9776096823467,25,10,64,18177,3,2,0.139274,7.112,DNS-Tunneling,CTU-13-BOTNET
10/08/2011 14:05:06,53,6,701.5386613601609,3,13,3444,20263,2,5,0.39323,1.7148,Normal,CTU-13-BOTNET
10/08/2011 14:05:07,8080,17,570.3888228303879,11,26,5411,37999,1,1,0.058655,7.98,DNS-Tunneling,CTU-13-BOTNET
10/08/2011 14:05:08,6667,17,497.99375553994616,16,28,14130,22690,0,0,0.033646,6.972,DNS-Tunneling,CTU-13-BOTNET
10/08/2011 14:05:09,6667,17,3617.310788221984,9,4,10183,8834,2,4,0.083831,5.9963,DNS-Tunneling,CTU-13-BOTNET
10/08/2011 14:05:10,80,17,1041.1022218653989,16,3,8254,4642,1,1,0.057488,6.3127,DNS-Tunneling,CTU-13-BOTNET
10/08/2011 14:05:11,443,17,2249.0952635579274,59,15,15977,30846,0,3,0.08421,6.9561,DNS-Tunneling,CTU-13-BOTNET
10/08/2011 14:05:12,443,17,6718.110045563164,5,22,5153,28887,0,3,0.152572,6.8788,DNS-Tunneling,CTU-13-BOTNET
10/08/2011 14:05:13,8080,17,1946.6523742865625,3,3,2706,4304,0,2,0.081192,6.8613,DNS-Tunneling,CTU-13-BOTNET
10/08/2011 14:05:14,80,17,11071.115163112518,10,85,9283,100091,0,2,0.017152,6.4017,DNS-Tunneling,CTU-13-BOTNET
10/08/2011 14:05:15,443,17,1004.887816605888,9,8,8560,14282,0,2,0.140803,5.8496,DNS-Tunneling,CTU-13-BOTNET
10/08/2011 14:05:16,8080,17,3828.831793416695,8,5,3747,12259,0,1,0.145287,7.1249,DNS-Tunneling,CTU-13-BOTNET
10/08/2011 14:05:17,80,17,838.8555377154084,23,3,4933,2981,1,4,0.032897,7.98,DNS-Tunneling,CTU-13-BOTNET
10/08/2011 14:05:18,8080,17,1365.7084111703214,4,16,4761,20897,1,0,0.124051,7.1669,DNS-Tunneling,CTU-13-BOTNET
10/08/2011 14:05:19,6667,17,2359.698242922793,21,7,11043,12491,3,0,0.210054,5.5007,DNS-Tunneling,CTU-13-BOTNET
10/08/2011 14:05:20,80,17,347.90709448202205,2,31,4017,25404,1,4,0.131981,7.4041,DNS-Tunneling,CTU-13-BOTNET
10/08/2011 14:05:21,123,17,2126.8375553176174,5,7,3486,8397,2,1,0.147644,6.7932,DNS-Tunneling,CTU-13-BOTNET
10/08/2011 14:05:22,53,17,6338.375109294383,2,7,4362,17472,0,4,0.114107,7.98,DNS-Tunneling,CTU-13-BOTNET
10/08/2011 14:05:23,80,6,4269.647606468056,4,6,3428,1598,3,3,0.318513,1.9594,P2P-Peer-Discovery,CTU-13-BOTNET
10/08/2011 14:05:24,53,17,3175.1162816132055,17,5,15662,6365,1,1,0.305885,6.0624,DNS-Tunneling,CTU-13-BOTNET
10/08/2011 14:05:25,6667,6,5670.394896843245,8,16,2285,64,1,8,1.053323,2.7224,Normal,CTU-13-BOTNET
10/08/2011 14:05:26,123,17,280.70052766555364,4,10,1031,8763,0,1,0.055047,7.7861,DNS-Tunneling,CTU-13-BOTNET
10/08/2011 14:05:27,6667,17,362.9213416786751,13,22,64,13572,1,3,0.312296,6.358,DNS-Tunneling,CTU-13-BOTNET
10/08/2011 14:05:28,53,17,2822.4163481185633,2,10,1033,19086,1,3,0.207255,6.9285,DNS-Tunneling,CTU-13-BOTNET
10/08/2011 14:05:29,80,6,941.772553563203,10,18,3571,7976,4,2,0.288244,1.5159,P2P-Peer-Discovery,CTU-13-BOTNET
10/08/2011 14:05:30,80,17,919.7034424359455,4,24,3356,45758,2,4,0.055091,5.8061,DNS-Tunneling,CTU-13-BOTNET
10/08/2011 14:05:31,6667,17,2492.1222731877847,11,6,7823,12827,1,2,0.382887,7.4028,DNS-Tunneling,CTU-13-BOTNET
10/08/2011 14:05:32,6667,17,593.0597304130598,11,6,1963,7542,1,5,0.064888,6.5928,DNS-Tunneling,CTU-13-BOTNET
10/08/2011 14:05:33,53,17,793.0765186243439,34,2,9786,7677,0,1,0.072654,6.1914,DNS-Tunneling,CTU-13-BOTNET
10/08/2011 14:05:34,6667,17,1683.9951337379678,11,3,4341,6620,2,4,0.085343,7.4443,DNS-Tunneling,CTU-13-BOTNET
10/08/2011 14:05:35,123,6,2310.868023516214,14,39,3746,67928,5,1,0.591159,2.1987,P2P-Peer-Discovery,CTU-13-BOTNET
10/08/2011 14:05:36,443,17,24607.72738373073,19,41,11767,25607,0,2,0.093059,6.1902,DNS-Tunneling,CTU-13-BOTNET
10/08/2011 14:05:37,8080,17,341.05343750278786,22,18,23392,50447,2,1,0.30421,7.98,DNS-Tunneling,CTU-13-BOTNET
10/08/2011 14:05:38,6667,17,1053.497170344402,4,9,4800,7454,0,5,0.705616,6.0604,DNS-Tunneling,CTU-13-BOTNET
10/08/2011 14:05:39,6667,17,994.5799959857429,6,7,4672,12441,2,1,0.40702,6.9505,DNS-Tunneling,CTU-13-BOTNET
10/08/2011 14:05:40,123,17,766.2767546160673,10,123,2919,64,0,6,0.062775,7.0432,DNS-Tunneling,CTU-13-BOTNET
10/08/2011 14:05:41,443,17,195.58278237918464,26,18,16823,28850,2,1,0.156961,7.98,DNS-Tunneling,CTU-13-BOTNET
10/08/2011 14:05:42,53,6,7808.363848333102,11,7,2223,13325,2,11,0.384068,2.4828,Normal,CTU-13-BOTNET
10/08/2011 14:05:43,6667,17,10442.796895152636,14,3,11006,12381,1,1,0.218419,7.7993,DNS-Tunneling,CTU-13-BOTNET
10/08/2011 14:05:44,443,17,859.2491775877604,7,18,4142,11329,0,2,0.120604,7.7943,DNS-Tunneling,CTU-13-BOTNET
10/08/2011 14:05:45,53,17,1572.7068376630186,8,20,2504,64,1,3,0.224719,7.98,DNS-Tunneling,CTU-13-BOTNET
10/08/2011 14:05:46,123,17,2438.526923111838,10,5,5530,8414,1,2,0.209191,7.9334,DNS-Tunneling,CTU-13-BOTNET
10/08/2011 14:05:47,8080,17,3161.279238611305,9,8,3600,8970,3,5,0.176188,7.6291,DNS-Tunneling,CTU-13-BOTNET
10/08/2011 14:05:48,443,17,431.61475138384395,5,54,3184,38836,0,1,0.222398,7.5166,DNS-Tunneling,CTU-13-BOTNET
10/08/2011 14:05:49,6667,17,3901.048803409458,22,52,17083,102651,1,1,0.025362,7.98,DNS-Tunneling,CTU-13-BOTNET
10/08/2011 14:05:50,80,17,1643.3668878692386,9,6,9673,14864,1,2,0.338997,7.3802,DNS-Tunneling,CTU-13-BOTNET
10/08/2011 14:05:51,80,17,3285.7888376858605,11,8,10577,1109,2,4,0.231494,6.5874,DNS-Tunneling,CTU-13-BOTNET
10/08/2011 14:05:52,123,17,527.5665059987352,5,31,6174,40811,1,3,0.197284,6.714,DNS-Tunneling,CTU-13-BOTNET
10/08/2011 14:05:53,123,17,298.5087160946224,13,12,1199,8393,0,1,0.07545,5.6827,DNS-Tunneling,CTU-13-BOTNET
10/08/2011 14:05:54,53,6,7317.893437716837,15,3,9278,9133,0,5,0.492052,1.1222,Normal,CTU-13-BOTNET
10/08/2011 14:05:55,443,6,3961.007316496363,26,17,17209,13680,6,0,0.756652,2.2958,P2P-Peer-Discovery,CTU-13-BOTNET
10/08/2011 14:05:56,53,17,3450.6174377701172,8,4,3819,4963,1,1,0.470413,4.8419,DNS-Tunneling,CTU-13-BOTNET
10/08/2011 14:05:57,443,6,2412.6238629053296,5,21,2097,18888,4,6,0.557807,3.9554,P2P-Peer-Discovery,CTU-13-BOTNET
10/08/2011 14:05:58,6667,17,6607.551101463198,2,16,4429,15262,3,5,0.232914,7.8464,DNS-Tunneling,CTU-13-BOTNET
10/08/2011 14:05:59,123,6,7867.3553581945125,8,3,7620,10855,7,3,0.34564,2.0492,P2P-Peer-Discovery,CTU-13-BOTNET
10/08/2011 14:06:00,6667,6,799.2814049096983,10,17,7680,11228,1,5,0.228926,1.3725,Normal,CTU-13-BOTNET
10/08/2011 14:06:01,53,6,17226.426871121454,20,25,10276,12057,0,8,0.501879,0.5323,Normal,CTU-13-BOTNET
10/08/2011 14:06:02,443,6,3844.1830768010655,3,6,2619,6423,2,6,0.664737,2.0432,Normal,CTU-13-BOTNET
10/08/2011 14:06:03,123,6,11982.351644338338,4,6,3526,10112,2,3,0.249969,0.4,Normal,CTU-13-BOTNET
10/08/2011 14:06:04,53,6,812.236335754168,9,5,933,13731,1,3,0.80671,1.7912,Normal,CTU-13-BOTNET
10/08/2011 14:06:05,123,6,1258.2420281788,10,26,3994,9780,0,6,0.481227,0.7563,Normal,CTU-13-BOTNET
10/08/2011 14:06:06,53,6,1660.3078520724307,13,11,4062,12965,2,8,0.903542,0.4,Normal,CTU-13-BOTNET
10/08/2011 14:06:07,80,6,4881.323565498001,5,14,3625,17529,1,7,0.743612,1.669,Normal,CTU-13-BOTNET
10/08/2011 14:06:08,443,6,1240.8873106295355,7,2,1684,4778,1,5,0.684209,1.0248,Normal,CTU-13-BOTNET
10/08/2011 14:06:09,80,6,7145.1436943640265,6,8,5263,12909,0,3,0.519405,0.7959,Normal,CTU-13-BOTNET
10/08/2011 14:06:10,123,6,6209.716985742655,2,7,1552,8109,2,6,0.047235,0.4,Normal,CTU-13-BOTNET
10/08/2011 14:06:11,443,6,320.1842576256192,5,12,4830,21829,1,8,0.527418,1.679,Normal,CTU-13-BOTNET
10/08/2011 14:06:12,443,6,2322.2404871736217,9,16,4230,45418,1,6,0.570153,1.6201,Normal,CTU-13-BOTNET
10/08/2011 14:06:13,123,6,2198.6692735689644,9,2,3798,2559,6,0,0.901024,2.5367,P2P-Peer-Discovery,CTU-13-BOTNET
10/08/2011 14:06:14,80,6,2295.171067674106,17,4,10651,13514,2,9,0.582858,0.4,Normal,CTU-13-BOTNET
10/08/2011 14:06:15,8080,6,3016.5253507336884,51,8,11711,19748,0,3,0.565062,3.4106,Normal,CTU-13-BOTNET
10/08/2011 14:06:16,443,6,7123.336126047143,11,10,8463,1985,2,6,0.826354,1.1658,Normal,CTU-13-BOTNET
10/08/2011 14:06:17,53,6,641.5671880801247,9,5,6367,19427,0,2,0.71277,1.4452,Normal,CTU-13-BOTNET
10/08/2011 14:06:18,80,6,3260.111956452625,21,9,14081,21260,0,6,0.416984,0.7014,Normal,CTU-13-BOTNET
10/08/2011 14:06:19,8080,6,1646.0638924888863,4,19,1476,9758,1,11,0.388215,0.8609,Normal,CTU-13-BOTNET
10/08/2011 14:06:20,123,6,4721.407815777662,12,9,9246,17072,0,2,0.746143,0.4,Normal,CTU-13-BOTNET
10/08/2011 14:06:21,80,6,6299.056759135831,10,7,7100,11649,1,5,0.338223,0.4,Normal,CTU-13-BOTNET
10/08/2011 14:06:22,80,6,2242.3242298126243,4,3,4017,8271,0,6,0.545299,0.7787,Normal,CTU-13-BOTNET
10/08/2011 14:06:23,8080,6,263.09769590951277,14,13,8199,25497,0,6,0.564036,0.7085,Normal,CTU-13-BOTNET
10/08/2011 14:06:24,123,6,107.54616126522077,5,33,3579,21398,1,4,0.144231,0.4,Normal,CTU-13-BOTNET
10/08/2011 14:06:25,80,6,12868.380054293522,15,32,3569,34775,0,5,0.432793,0.4,Normal,CTU-13-BOTNET
10/08/2011 14:06:26,53,6,1311.9437020793628,6,19,2594,23382,1,6,0.302617,2.1981,Normal,CTU-13-BOTNET
10/08/2011 14:06:27,123,6,1107.7380738635386,29,54,64,46136,1,5,0.274209,0.9619,Normal,CTU-13-BOTNET
10/08/2011 14:06:28,123,6,3015.521822718809,13,15,5275,21316,0,7,0.564572,0.9233,Normal,CTU-13-BOTNET
10/08/2011 14:06:29,8080,6,4824.691479246756,40,5,14007,16487,1,6,0.273245,1.8809,Normal,CTU-13-BOTNET
10/08/2011 14:06:30,443,6,4077.60982926633,6,13,2784,11779,1,4,0.354041,1.2607,Normal,CTU-13-BOTNET
10/08/2011 14:06:31,8080,6,5192.436822745574,6,8,7427,16382,0,11,0.521293,1.6668,Normal,CTU-13-BOTNET
10/08/2011 14:06:32,8080,6,452.3059803612065,8,46,2785,9664,2,8,0.499897,0.4,Normal,CTU-13-BOTNET
10/08/2011 14:06:33,123,6,3137.3678049365203,3,15,3098,25084,1,2,0.704782,1.947,Normal,CTU-13-BOTNET
10/08/2011 14:06:34,8080,6,2226.00526121561,2,7,1784,9412,1,1,0.30488,0.7409,Normal,CTU-13-BOTNET
10/08/2011 14:06:35,8080,6,781.29717943887,15,20,16351,24834,6,2,0.263677,2.5144,P2P-Peer-Discovery,CTU-13-BOTNET
10/08/2011 14:06:36,443,6,6575.31447746743,10,11,5273,13788,1,3,0.356903,0.4,Normal,CTU-13-BOTNET
10/08/2011 14:06:37,53,6,5726.614218012621,8,12,8125,20597,0,4,0.369399,1.1316,Normal,CTU-13-BOTNET
10/08/2011 14:06:38,8080,6,456.94872828186055,20,44,13458,23232,0,10,0.196518,0.9833,Normal,CTU-13-BOTNET
10/08/2011 14:06:39,8080,6,7690.59077520044,17,5,10902,16732,0,4,0.591962,0.4,Normal,CTU-13-BOTNET
10/08/2011 14:06:40,53,6,2240.467268219044,7,13,1437,5280,1,5,0.637414,0.8639,Normal,CTU-13-BOTNET
10/08/2011 14:06:41,80,6,807.129478203935,11,14,3521,10755,0,4,0.090646,2.0557,Normal,CTU-13-BOTNET
10/08/2011 14:06:42,123,6,9466.130859785262,3,27,906,21515,1,3,0.078887,0.9153,Normal,CTU-13-BOTNET
10/08/2011 14:06:43,123,6,1209.7377141258648,10,15,4405,6460,1,2,0.424128,0.4,Normal,CTU-13-BOTNET
10/08/2011 14:06:44,80,6,3745.82659073223,14,19,3237,42670,0,5,0.549354,1.4487,Normal,CTU-13-BOTNET
10/08/2011 14:06:45,8080,6,1219.7014153971234,4,4,4725,6064,1,6,0.353048,0.4,Normal,CTU-13-BOTNET
10/08/2011 14:06:46,443,6,154.9765315827912,15,5,197,12391,3,7,0.355629,0.6428,Normal,CTU-13-BOTNET
10/08/2011 14:06:47,8080,6,2813.6438581913885,14,24,10711,32089,1,2,0.425017,1.2381,Normal,CTU-13-BOTNET
10/08/2011 14:06:48,443,6,1292.3065941656043,5,9,6888,10248,1,9,0.837546,0.6407,Normal,CTU-13-BOTNET
10/08/2011 14:06:49,443,6,1307.1190215541608,2,2,3960,5264,0,4,0.405514,0.4,Normal,CTU-13-BOTNET
10/08/2011 14:06:50,8080,6,7116.692300589116,9,30,4634,29416,0,9,0.100114,0.579,Normal,CTU-13-BOTNET
10/08/2011 14:06:51,443,6,1009.8185751753362,27,13,16978,19746,0,3,0.198594,0.4,Normal,CTU-13-BOTNET
10/08/2011 14:06:52,80,6,1007.5093287101514,6,24,4434,26207,1,5,0.493695,1.4973,Normal,CTU-13-BOTNET
10/08/2011 14:06:53,53,6,5384.429992154831,2,14,3169,8481,2,7,0.463495,0.4057,Normal,CTU-13-BOTNET
10/08/2011 14:06:54,6667,6,3333.123080640346,9,14,8008,15104,1,7,0.681297,0.4,Normal,CTU-13-BOTNET
10/08/2011 14:06:55,8080,6,4741.4905636706,3,19,6048,630,3,6,0.068475,0.4,Normal,CTU-13-BOTNET
10/08/2011 14:06:56,443,6,5127.759430830438,11,23,2572,22860,4,7,0.139968,2.0262,Normal,CTU-13-BOTNET
10/08/2011 14:06:57,80,6,3992.170285497964,4,30,2712,35251,3,3,0.544776,0.4,Normal,CTU-13-BOTNET
10/08/2011 14:06:58,6667,6,985.1039928382969,21,15,12386,32314,1,8,0.631977,0.4,Normal,CTU-13-BOTNET
10/08/2011 14:06:59,53,6,444.6926794664708,3,24,2809,26553,1,6,0.722709,1.5171,Normal,CTU-13-BOTNET
10/08/2011 14:07:00,6667,6,4932.448165519327,4,8,4390,9907,8,3,0.304571,2.3011,P2P-Peer-Discovery,CTU-13-BOTNET
10/08/2011 14:07:01,8080,6,1030.3116824595581,25,4,64,9877,7,1,0.799367,2.8699,P2P-Peer-Discovery,CTU-13-BOTNET
10/08/2011 14:07:02,8080,6,2086.0043132957762,2,27,3492,43524,5,0,0.42391,1.4838,P2P-Peer-Discovery,CTU-13-BOTNET
10/08/2011 14:07:03,443,6,420.43137302214296,22,2,7458,2714,4,2,0.669474,3.2138,P2P-Peer-Discovery,CTU-13-BOTNET
10/08/2011 14:07:04,6667,6,527.5277282056641,13,3,6534,9031,0,4,0.369603,0.4,Normal,CTU-13-BOTNET
10/08/2011 14:07:05,80,6,4618.120319243104,20,24,11669,12924,6,3,0.340186,3.3839,P2P-Peer-Discovery,CTU-13-BOTNET
10/08/2011 14:07:06,123,6,236.6221716280307,6,28,2315,30681,5,2,0.416532,2.3075,P2P-Peer-Discovery,CTU-13-BOTNET
10/08/2011 14:07:07,53,6,687.5554282145167,2,11,2567,5899,8,1,0.270772,1.0928,P2P-Peer-Discovery,CTU-13-BOTNET
10/08/2011 14:07:08,443,6,1423.3543089023524,5,2,5505,5732,3,0,0.273203,2.4875,P2P-Peer-Discovery,CTU-13-BOTNET
10/08/2011 14:07:09,443,6,3313.9100544256876,25,20,16094,290,6,2,0.696854,2.2963,P2P-Peer-Discovery,CTU-13-BOTNET
10/08/2011 14:07:10,6667,6,688.722339327156,7,2,2717,1851,4,2,0.138574,2.2393,P2P-Peer-Discovery,CTU-13-BOTNET
10/08/2011 14:07:11,6667,6,121.8902632764426,5,4,5914,5460,2,5,0.863135,3.4567,P2P-Peer-Discovery,CTU-13-BOTNET
10/08/2011 14:07:12,80,6,2840.5304164668905,2,30,1867,47063,2,5,0.005021,0.9098,Normal,CTU-13-BOTNET
10/08/2011 14:07:13,80,6,5484.482726835767,18,8,7762,8178,6,4,0.649151,1.1958,P2P-Peer-Discovery,CTU-13-BOTNET
10/08/2011 14:07:14,443,6,4581.122050245686,13,8,7611,1794,6,1,0.604717,4.0758,P2P-Peer-Discovery,CTU-13-BOTNET
10/08/2011 14:07:15,6667,6,3219.2109782983794,25,12,25381,11754,4,3,0.40304,2.2505,P2P-Peer-Discovery,CTU-13-BOTNET
10/08/2011 14:07:16,443,6,1266.0606600824622,8,4,4355,8352,5,4,0.424455,3.3297,P2P-Peer-Discovery,CTU-13-BOTNET
10/08/2011 14:07:17,8080,6,533.3699304293759,27,36,16691,25357,3,6,0.295012,3.0152,P2P-Peer-Discovery,CTU-13-BOTNET
10/08/2011 14:07:18,443,6,599.7420954102472,15,7,6320,14838,2,4,0.78884,2.2033,P2P-Peer-Discovery,CTU-13-BOTNET
10/08/2011 14:07:19,80,6,6464.040705734336,2,18,3223,12169,0,3,0.694205,1.0436,Normal,CTU-13-BOTNET
10/08/2011 14:07:20,8080,6,2902.239865687515,6,3,4625,8173,8,2,0.167363,2.1992,P2P-Peer-Discovery,CTU-13-BOTNET
10/08/2011 14:07:21,6667,6,6424.101001669456,16,15,3228,32275,5,3,0.297092,1.0328,P2P-Peer-Discovery,CTU-13-BOTNET
10/08/2011 14:07:22,53,6,2491.191905140564,36,8,2779,18086,5,5,0.688003,2.8012,P2P-Peer-Discovery,CTU-13-BOTNET
10/08/2011 14:07:23,6667,6,3055.1922824516055,6,32,6022,47942,2,7,0.781341,2.5587,Normal,CTU-13-BOTNET
10/08/2011 14:07:24,80,6,9285.877011809504,2,32,604,26487,9,2,0.384592,1.5174,P2P-Peer-Discovery,CTU-13-BOTNET
10/08/2011 14:07:25,443,6,1727.7904942071236,3,7,1656,17045,3,1,0.844248,2.0648,P2P-Peer-Discovery,CTU-13-BOTNET
10/08/2011 14:07:26,123,6,12703.38626661904,19,3,8182,9460,1,1,0.525863,2.4566,P2P-Peer-Discovery,CTU-13-BOTNET
10/08/2011 14:07:27,8080,6,3111.5584253990673,26,3,19212,4319,2,3,0.939623,1.493,P2P-Peer-Discovery,CTU-13-BOTNET
10/08/2011 14:07:28,80,6,8466.912613839737,2,13,2597,9704,4,3,0.966489,1.5002,P2P-Peer-Discovery,CTU-13-BOTNET
10/08/2011 14:07:29,123,6,1605.5552392818345,15,20,10772,38221,8,2,0.062659,2.7729,P2P-Peer-Discovery,CTU-13-BOTNET
10/08/2011 14:07:30,80,6,4330.308602771784,22,4,64,14767,5,1,0.489743,2.8614,P2P-Peer-Discovery,CTU-13-BOTNET
10/08/2011 14:07:31,123,6,1578.6039777086896,8,19,7215,23577,7,3,0.145689,2.1022,P2P-Peer-Discovery,CTU-13-BOTNET
10/08/2011 14:07:32,8080,6,6800.155514495275,3,33,2873,28795,2,0,0.411789,2.952,P2P-Peer-Discovery,CTU-13-BOTNET
10/08/2011 14:07:33,443,6,512.3364447015224,19,24,6699,11944,6,0,0.455499,0.4,P2P-Peer-Discovery,CTU-13-BOTNET
10/08/2011 14:07:34,443,6,1362.226260123151,11,6,4929,14950,10,4,0.52289,0.5297,P2P-Peer-Discovery,CTU-13-BOTNET
10/08/2011 14:07:35,123,6,1924.6725851241201,2,3,2172,9178,2,1,0.263201,2.1063,P2P-Peer-Discovery,CTU-13-BOTNET
10/08/2011 14:07:36,53,6,986.1780387782867,14,15,9873,12638,2,2,0.01796,3.329,P2P-Peer-Discovery,CTU-13-BOTNET
10/08/2011 14:07:37,123,6,2358.7931103165915,7,12,5864,15212,7,1,0.686825,2.2938,P2P-Peer-Discovery,CTU-13-BOTNET
10/08/2011 14:07:38,80,6,3205.3498859517235,3,6,4577,17744,4,0,0.840547,3.692,P2P-Peer-Discovery,CTU-13-BOTNET
10/08/2011 14:07:39,123,6,100.33207403928444,6,6,5731,11996,6,3,0.673088,1.5028,P2P-Peer-Discovery,CTU-13-BOTNET
10/08/2011 14:07:40,53,6,779.1727717161316,9,10,9064,18506,3,0,0.387709,2.5281,P2P-Peer-Discovery,CTU-13-BOTNET
10/08/2011 14:07:41,8080,6,846.6159562225525,7,20,3168,36769,3,3,0.415929,0.491,P2P-Peer-Discovery,CTU-13-BOTNET
10/08/2011 14:07:42,80,6,1774.8598423612277,7,3,3294,7669,2,2,0.315081,2.0608,P2P-Peer-Discovery,CTU-13-BOTNET
10/08/2011 14:07:43,123,6,1033.6790664635714,9,8,7296,10759,6,2,0.318351,3.3539,P2P-Peer-Discovery,CTU-13-BOTNET
10/08/2011 14:07:44,6667,6,727.8284952483149,4,19,2728,35926,6,2,0.620378,3.4766,P2P-Peer-Discovery,CTU-13-BOTNET
10/08/2011 14:07:45,80,6,3729.3619168271944,16,3,11309,6869,9,1,0.266314,1.4696,P2P-Peer-Discovery,CTU-13-BOTNET
10/08/2011 14:07:46,443,6,1008.1065029103189,8,8,5426,9115,10,3,0.381393,0.7204,P2P-Peer-Discovery,CTU-13-BOTNET
10/08/2011 14:07:47,8080,6,747.4457302648894,13,23,6088,11436,6,5,0.57183,1.667,P2P-Peer-Discovery,CTU-13-BOTNET
10/08/2011 14:07:48,6667,6,321.86012527804525,17,10,15510,31512,1,2,0.531038,1.0786,P2P-Peer-Discovery,CTU-13-BOTNET
10/08/2011 14:07:49,443,6,2020.8871350006882,12,8,2120,21709,5,0,0.779019,3.0163,P2P-Peer-Discovery,CTU-13-BOTNET
10/08/2011 14:07:50,443,6,117.95588839479402,8,4,4314,3933,4,2,0.403297,2.7804,P2P-Peer-Discovery,CTU-13-BOTNET
10/08/2011 14:07:51,123,6,5762.068047574439,9,12,6403,16839,7,1,0.496281,2.8556,P2P-Peer-Discovery,CTU-13-BOTNET
10/08/2011 14:07:52,443,6,865.2166035565051,7,34,5539,27065,0,1,0.02398,3.8277,P2P-Peer-Discovery,CTU-13-BOTNET
10/08/2011 14:07:53,53,6,6881.95967221683,32,2,13727,7156,5,0,0.715786,2.0774,P2P-Peer-Discovery,CTU-13-BOTNET
10/08/2011 14:07:54,53,6,3276.8985255334455,11,7,5668,8493,6,3,0.728628,3.0851,P2P-Peer-Discovery,CTU-13-BOTNET
10/08/2011 14:07:55,123,6,491.3268456970946,6,3,4908,4901,2,3,0.342094,0.8871,Normal,CTU-13-BOTNET
10/08/2011 14:07:56,8080,6,2102.5033895632696,4,35,3994,9274,6,2,0.325836,2.1118,P2P-Peer-Discovery,CTU-13-BOTNET
10/08/2011 14:07:57,443,6,3020.5089605232943,19,17,5950,23108,0,9,0.472283,0.9262,Normal,CTU-13-BOTNET
10/08/2011 14:07:58,443,6,9957.145391463477,12,7,10309,10832,4,2,0.446881,2.0225,P2P-Peer-Discovery,CTU-13-BOTNET
10/08/2011 14:07:59,8080,6,2193.472894928469,3,20,2673,31050,2,1,0.579691,0.8335,P2P-Peer-Discovery,CTU-13-BOTNET
10/08/2011 14:08:00,443,17,1914.1092832061051,5,8,6869,10080,7,1,0.40627,4.4505,UDP-Flood-DDoS,CTU-13-BOTNET
10/08/2011 14:08:01,53,17,1096.2674793520293,7,12,6993,10460,4,4,0.178898,2.8919,UDP-Flood-DDoS,CTU-13-BOTNET
10/08/2011 14:08:02,6667,17,1639.182502253559,2,10,3358,7262,5,0,0.654162,4.1168,UDP-Flood-DDoS,CTU-13-BOTNET
10/08/2011 14:08:03,443,17,1498.5580435799848,5,12,4951,19557,7,5,0.249435,3.2579,UDP-Flood-DDoS,CTU-13-BOTNET
10/08/2011 14:08:04,80,6,643.4444521913006,2,4,1820,17835,2,4,0.528355,1.0381,P2P-Peer-Discovery,CTU-13-BOTNET
10/08/2011 14:08:05,53,17,4086.2555864535375,18,6,13272,10577,4,1,0.296546,3.4482,UDP-Flood-DDoS,CTU-13-BOTNET
10/08/2011 14:08:06,8080,17,4080.0387629363904,3,11,2360,9724,8,5,0.465163,3.2794,UDP-Flood-DDoS,CTU-13-BOTNET
10/08/2011 14:08:07,123,17,2839.8126464698075,21,2,5555,2647,1,2,0.066225,5.1096,UDP-Flood-DDoS,CTU-13-BOTNET
10/08/2011 14:08:08,443,17,132.09804062423768,6,38,3097,53421,5,2,0.878741,0.4,UDP-Flood-DDoS,CTU-13-BOTNET
10/08/2011 14:08:09,53,17,111.90110687261462,23,51,6702,80059,11,1,0.582175,3.4398,UDP-Flood-DDoS,CTU-13-BOTNET
10/08/2011 14:08:10,443,6,432.8661931935263,8,12,4370,16952,1,7,0.318915,0.7262,Normal,CTU-13-BOTNET
10/08/2011 14:08:11,8080,17,698.4120190291715,9,2,2244,3709,5,2,0.441384,3.7713,UDP-Flood-DDoS,CTU-13-BOTNET
10/08/2011 14:08:12,123,17,826.6137622834781,2,3,3834,12759,4,6,0.315064,4.2434,UDP-Flood-DDoS,CTU-13-BOTNET
10/08/2011 14:08:13,80,6,2419.5264182053293,32,6,3993,16394,0,9,0.196019,0.4,Normal,CTU-13-BOTNET
10/08/2011 14:08:14,123,17,2082.2702119973596,3,25,3113,8092,4,3,0.341054,3.6268,UDP-Flood-DDoS,CTU-13-BOTNET
10/08/2011 14:08:15,123,17,4602.147603299759,10,15,4740,13949,2,2,0.529333,2.0097,UDP-Flood-DDoS,CTU-13-BOTNET
10/08/2011 14:08:16,6667,17,952.0260500040642,12,3,6880,9967,5,3,0.551033,3.924,UDP-Flood-DDoS,CTU-13-BOTNET
10/08/2011 14:08:17,80,17,652.8088140299277,17,11,2198,12304,5,2,0.667834,4.0278,UDP-Flood-DDoS,CTU-13-BOTNET
10/08/2011 14:08:18,443,17,1044.128877452742,5,3,2773,6619,5,2,0.503583,4.7292,UDP-Flood-DDoS,CTU-13-BOTNET
10/08/2011 14:08:19,6667,17,2892.2876670313212,16,13,7636,15495,2,2,0.514883,2.7186,UDP-Flood-DDoS,CTU-13-BOTNET
10/08/2011 14:08:20,53,17,1778.5807965796398,11,20,1652,39936,8,3,0.986741,3.9083,UDP-Flood-DDoS,CTU-13-BOTNET
10/08/2011 14:08:21,80,17,174.51561950567026,6,10,1928,64,6,1,0.141633,3.8054,UDP-Flood-DDoS,CTU-13-BOTNET
10/08/2011 14:08:22,6667,17,197.55596945837868,4,28,4639,64,9,1,0.145529,3.4838,UDP-Flood-DDoS,CTU-13-BOTNET
10/08/2011 14:08:23,53,17,7979.011577588194,8,4,5225,5190,4,2,0.577209,1.7385,UDP-Flood-DDoS,CTU-13-BOTNET
10/08/2011 14:08:24,443,17,3833.8414636456087,37,18,24737,31282,7,3,0.174502,2.9448,UDP-Flood-DDoS,CTU-13-BOTNET
10/08/2011 14:08:25,53,17,9833.185349393583,10,14,8521,13503,4,0,0.627734,1.4271,UDP-Flood-DDoS,CTU-13-BOTNET
10/08/2011 14:08:26,123,17,5843.699616276577,2,15,969,31116,2,1,0.892753,3.0765,UDP-Flood-DDoS,CTU-13-BOTNET
10/08/2011 14:08:27,8080,17,2805.7998765912953,43,10,9372,20262,6,2,1.004212,1.7115,UDP-Flood-DDoS,CTU-13-BOTNET
10/08/2011 14:08:28,123,6,414.54767847182967,6,7,3651,2880,1,6,0.622461,0.4,Normal,CTU-13-BOTNET
10/08/2011 14:08:29,123,17,5079.019076129577,3,15,2684,27783,3,1,0.519217,2.6795,UDP-Flood-DDoS,CTU-13-BOTNET
10/08/2011 14:08:30,123,6,6562.876782159768,5,60,3834,76213,7,4,0.76344,1.5394,P2P-Peer-Discovery,CTU-13-BOTNET
10/08/2011 14:08:31,8080,17,175.55844195861647,4,3,3708,10214,5,0,0.515639,3.3541,UDP-Flood-DDoS,CTU-13-BOTNET
10/08/2011 14:08:32,8080,17,297.6906748833217,6,21,5137,13727,9,1,0.525369,3.1463,UDP-Flood-DDoS,CTU-13-BOTNET
10/08/2011 14:08:33,443,17,448.61338401353294,4,5,4607,7599,3,3,0.530836,1.7992,UDP-Flood-DDoS,CTU-13-BOTNET
10/08/2011 14:08:34,80,17,5926.062296073881,6,4,6244,5123,8,0,0.551428,3.5639,UDP-Flood-DDoS,CTU-13-BOTNET
10/08/2011 14:08:35,123,17,2174.737517922784,6,21,6962,32176,2,5,0.13116,3.8253,UDP-Flood-DDoS,CTU-13-BOTNET
10/08/2011 14:08:36,53,17,1918.8538228218506,15,30,6853,42588,10,1,0.057997,4.2806,UDP-Flood-DDoS,CTU-13-BOTNET
10/08/2011 14:08:37,8080,17,745.5811742887065,4,2,4371,5527,4,4,0.501203,4.016,UDP-Flood-DDoS,CTU-13-BOTNET
10/08/2011 14:08:38,443,17,1355.3417132014815,2,23,624,64,3,3,0.324631,3.1313,UDP-Flood-DDoS,CTU-13-BOTNET
10/08/2011 14:08:39,443,17,4020.486869840772,8,54,5402,72034,6,2,0.242668,4.092,UDP-Flood-DDoS,CTU-13-BOTNET
10/08/2011 14:08:40,443,17,1490.2086822228557,6,8,4671,9493,5,2,0.292129,4.0993,UDP-Flood-DDoS,CTU-13-BOTNET
10/08/2011 14:08:41,8080,17,303.9032542470374,7,10,1111,22176,4,5,0.25323,3.1064,UDP-Flood-DDoS,CTU-13-BOTNET
10/08/2011 14:08:42,443,6,9022.22588452086,33,3,4417,3454,2,3,0.187935,1.9387,Normal,CTU-13-BOTNET
10/08/2011 14:08:43,123,17,100.45863707543513,17,23,1277,33708,7,0,0.148229,3.4262,UDP-Flood-DDoS,CTU-13-BOTNET
10/08/2011 14:08:44,8080,17,169.02053062249112,13,7,8511,19551,5,3,0.936171,3.3827,UDP-Flood-DDoS,CTU-13-BOTNET
10/08/2011 14:08:45,443,17,1394.7784930183313,2,8,1822,8373,3,0,0.137428,4.2476,UDP-Flood-DDoS,CTU-13-BOTNET
10/08/2011 14:08:46,6667,6,2161.9233418041213,17,12,11949,1355,6,1,0.097854,1.7305,P2P-Peer-Discovery,CTU-13-BOTNET
10/08/2011 14:08:47,53,17,16746.94022525314,16,13,6449,14464,1,4,0.716082,2.4848,UDP-Flood-DDoS,CTU-13-BOTNET
10/08/2011 14:08:48,53,17,1085.7805818345983,17,15,4389,34790,4,3,0.463196,3.5163,UDP-Flood-DDoS,CTU-13-BOTNET
10/08/2011 14:08:49,443,17,4075.3536397686953,4,4,3602,9143,8,2,0.795822,4.6201,UDP-Flood-DDoS,CTU-13-BOTNET
10/08/2011 14:08:50,80,17,4571.027911019515,5,24,4258,11945,3,1,0.405932,4.3608,UDP-Flood-DDoS,CTU-13-BOTNET
10/08/2011 14:08:51,8080,17,2020.6208589855605,26,2,1599,5782,3,5,0.517559,5.3486,UDP-Flood-DDoS,CTU-13-BOTNET
10/08/2011 14:08:52,53,17,5245.702992498782,12,2,1275,7968,3,0,0.55537,3.0859,UDP-Flood-DDoS,CTU-13-BOTNET
10/08/2011 14:08:53,6667,17,859.801585528333,12,17,3620,43328,4,2,0.163517,3.3925,UDP-Flood-DDoS,CTU-13-BOTNET
10/08/2011 14:08:54,443,17,1464.364321348164,7,40,10152,17322,8,3,0.645802,2.8348,UDP-Flood-DDoS,CTU-13-BOTNET
10/08/2011 14:08:55,53,17,1473.0711425900606,5,36,3618,78805,5,3,0.223552,4.8864,UDP-Flood-DDoS,CTU-13-BOTNET
10/08/2011 14:08:56,53,17,3278.475396298397,6,5,4628,7168,5,2,0.920341,4.7177,UDP-Flood-DDoS,CTU-13-BOTNET
10/08/2011 14:08:57,443,17,3858.42089856412,4,20,4888,36362,3,1,0.543921,2.9845,UDP-Flood-DDoS,CTU-13-BOTNET
10/08/2011 14:08:58,8080,17,3649.178052380889,17,8,10248,11846,3,2,0.038085,3.7711,UDP-Flood-DDoS,CTU-13-BOTNET
10/08/2011 14:08:59,123,17,508.997517370501,13,33,64,43535,4,1,0.911545,3.1719,UDP-Flood-DDoS,CTU-13-BOTNET
10/08/2011 14:09:00,53,6,2478.091371679899,4,33,323,22675,0,5,0.217789,1.8285,Normal,CTU-13-BOTNET
10/08/2011 14:09:01,443,6,2069.05937285227,2,26,4540,32035,1,0,1.060145,5.5855,SMB-RPC-Pivot,CTU-13-BOTNET
10/08/2011 14:09:02,53,6,1695.7426884997508,10,10,4726,7020,1,5,0.510954,3.7232,SMB-RPC-Pivot,CTU-13-BOTNET
10/08/2011 14:09:03,8080,6,3051.7121405452795,5,11,4189,16656,3,0,0.036205,4.2144,SMB-RPC-Pivot,CTU-13-BOTNET
10/08/2011 14:09:04,443,6,4379.463558208989,8,23,3605,43000,2,6,0.670071,3.2784,SMB-RPC-Pivot,CTU-13-BOTNET
10/08/2011 14:09:05,6667,6,6744.20466565426,4,31,4118,23685,2,3,0.355555,5.7016,SMB-RPC-Pivot,CTU-13-BOTNET
10/08/2011 14:09:06,53,6,678.0562849584218,4,3,3912,5522,0,2,0.354351,4.4377,SMB-RPC-Pivot,CTU-13-BOTNET
10/08/2011 14:09:07,6667,6,400.1360966607606,5,17,3731,36829,0,2,0.293513,5.3906,SMB-RPC-Pivot,CTU-13-BOTNET
10/08/2011 14:09:08,123,6,2532.415400942364,32,15,16254,22457,2,2,0.468961,4.0502,SMB-RPC-Pivot,CTU-13-BOTNET
10/08/2011 14:09:09,123,6,2723.4121696053235,8,10,3169,19582,0,1,0.460655,3.2573,SMB-RPC-Pivot,CTU-13-BOTNET
10/08/2011 14:09:10,8080,6,4943.275198865604,5,2,3633,3230,0,3,0.548198,2.8195,SMB-RPC-Pivot,CTU-13-BOTNET
10/08/2011 14:09:11,443,6,493.38678492046563,13,6,7927,12645,0,0,0.446847,4.866,SMB-RPC-Pivot,CTU-13-BOTNET
10/08/2011 14:09:12,53,6,1933.5552151335708,37,5,25302,6720,2,1,0.206803,4.3482,SMB-RPC-Pivot,CTU-13-BOTNET
10/08/2011 14:09:13,6667,6,2293.805353730119,5,3,7016,8853,0,4,0.329396,3.4459,SMB-RPC-Pivot,CTU-13-BOTNET
10/08/2011 14:09:14,53,6,2673.8107210845337,3,3,4572,10002,3,1,0.016976,4.4736,SMB-RPC-Pivot,CTU-13-BOTNET
10/08/2011 14:09:15,80,6,2267.9088715729768,10,5,5326,12871,1,4,0.576471,5.5059,SMB-RPC-Pivot,CTU-13-BOTNET
10/08/2011 14:09:16,123,6,2890.7419151502017,5,15,5103,31280,2,2,0.827404,4.4968,SMB-RPC-Pivot,CTU-13-BOTNET
10/08/2011 14:09:17,80,6,326.87749707573346,35,22,19934,35851,2,3,0.403633,5.6974,SMB-RPC-Pivot,CTU-13-BOTNET
10/08/2011 14:09:18,80,6,12500.650627036299,4,3,2708,6690,2,1,0.344875,4.8229,SMB-RPC-Pivot,CTU-13-BOTNET
10/08/2011 14:09:19,80,6,495.8944406549383,8,6,3477,2696,2,1,0.560749,5.1116,SMB-RPC-Pivot,CTU-13-BOTNET
10/08/2011 14:09:20,6667,6,4732.697010331293,28,5,16335,10944,0,2,0.643171,2.8064,SMB-RPC-Pivot,CTU-13-BOTNET
10/08/2011 14:09:21,123,6,2734.6594801996043,30,22,64,34651,1,0,0.608948,6.4154,SMB-RPC-Pivot,CTU-13-BOTNET
10/08/2011 14:09:22,8080,6,2355.6782603854776,14,3,9637,5661,0,3,0.152216,4.7155,SMB-RPC-Pivot,CTU-13-BOTNET
10/08/2011 14:09:23,443,6,1220.9231293845442,15,31,8388,52228,8,2,0.590082,2.4808,P2P-Peer-Discovery,CTU-13-BOTNET
10/08/2011 14:09:24,6667,6,2563.519389340963,4,131,4033,114219,0,4,0.463652,2.6403,SMB-RPC-Pivot,CTU-13-BOTNET
10/08/2011 14:09:25,53,6,430.95359326715806,6,28,6591,27141,0,2,0.64775,4.8494,SMB-RPC-Pivot,CTU-13-BOTNET
10/08/2011 14:09:26,8080,6,1096.858290881363,2,3,1111,5921,2,2,0.612617,4.6601,SMB-RPC-Pivot,CTU-13-BOTNET
10/08/2011 14:09:27,6667,6,1929.7980951561503,5,2,2969,9782,2,2,0.563853,5.6279,SMB-RPC-Pivot,CTU-13-BOTNET
10/08/2011 14:09:28,443,6,1067.9591025451705,16,6,6880,14137,1,3,0.295008,5.4351,SMB-RPC-Pivot,CTU-13-BOTNET
10/08/2011 14:09:29,443,6,5196.100588392427,14,26,14219,38868,2,0,0.933692,6.0805,SMB-RPC-Pivot,CTU-13-BOTNET
10/08/2011 14:09:30,80,6,1065.6984788883344,15,13,2342,24968,2,1,0.607908,4.9407,SMB-RPC-Pivot,CTU-13-BOTNET
10/08/2011 14:09:31,443,6,99.61870495452875,9,8,4538,20515,4,0,0.032912,6.1768,SMB-RPC-Pivot,CTU-13-BOTNET
10/08/2011 14:09:32,8080,6,6524.30975525093,10,17,8524,23959,6,2,0.682614,3.3823,P2P-Peer-Discovery,CTU-13-BOTNET
10/08/2011 14:09:33,53,6,7180.981331403651,19,44,64,73263,1,1,0.37374,4.999,SMB-RPC-Pivot,CTU-13-BOTNET
10/08/2011 14:09:34,6667,6,1493.3641273162239,11,4,5765,4313,0,3,0.240126,4.0602,SMB-RPC-Pivot,CTU-13-BOTNET
10/08/2011 14:09:35,123,6,1137.0813738403112,9,8,10251,8823,1,4,0.492468,3.986,SMB-RPC-Pivot,CTU-13-BOTNET
10/08/2011 14:09:36,123,6,2200.1850824682388,15,9,64,16557,0,1,0.588317,4.2807,SMB-RPC-Pivot,CTU-13-BOTNET
10/08/2011 14:09:37,53,6,344.7141348670144,7,36,2870,8230,1,5,0.485931,1.6026,Normal,CTU-13-BOTNET
10/08/2011 14:09:38,123,6,5912.0764746978475,5,9,5640,16695,1,2,0.397532,3.8294,SMB-RPC-Pivot,CTU-13-BOTNET
10/08/2011 14:09:39,6667,6,1096.9492655912745,4,26,2233,52352,1,2,0.603973,3.481,SMB-RPC-Pivot,CTU-13-BOTNET
10/08/2011 14:09:40,123,6,4256.738521424057,9,9,1212,1043,1,8,0.387054,0.7811,Normal,CTU-13-BOTNET
10/08/2011 14:09:41,123,6,1070.6291139690975,5,5,1645,9915,0,2,0.391516,3.9994,SMB-RPC-Pivot,CTU-13-BOTNET
10/08/2011 14:09:42,443,6,5837.008846804751,20,14,11284,31478,0,1,1.136342,5.912,SMB-RPC-Pivot,CTU-13-BOTNET
10/08/2011 14:09:43,123,6,2828.780826903932,13,5,3829,6448,2,4,0.352524,3.9242,SMB-RPC-Pivot,CTU-13-BOTNET
10/08/2011 14:09:44,6667,6,267.55601916548187,19,2,16242,4670,0,1,0.576698,4.0847,SMB-RPC-Pivot,CTU-13-BOTNET
10/08/2011 14:09:45,123,6,5819.9370632279215,14,12,9286,15896,0,2,0.244199,5.6526,SMB-RPC-Pivot,CTU-13-BOTNET
10/08/2011 14:09:46,123,6,538.6894935457253,24,12,13910,18782,2,0,1.064782,5.6841,SMB-RPC-Pivot,CTU-13-BOTNET
10/08/2011 14:09:47,123,6,403.06388675074817,7,10,5692,23958,0,3,0.260602,4.2832,SMB-RPC-Pivot,CTU-13-BOTNET
10/08/2011 14:09:48,6667,6,678.4092286190432,2,13,3688,27521,2,4,0.13074,5.273,SMB-RPC-Pivot,CTU-13-BOTNET
10/08/2011 14:09:49,443,6,1722.644371577478,9,44,2525,25133,1,0,0.460406,7.3264,SMB-RPC-Pivot,CTU-13-BOTNET
10/08/2011 14:09:50,80,6,4490.938514428942,8,11,5299,21395,1,2,0.654313,4.1891,SMB-RPC-Pivot,CTU-13-BOTNET
10/08/2011 14:09:51,80,6,1023.1609231767054,5,3,3294,7134,2,2,0.351613,3.9927,SMB-RPC-Pivot,CTU-13-BOTNET
10/08/2011 14:09:52,123,6,7766.952667678057,8,17,2826,35762,2,2,0.546997,4.9687,SMB-RPC-Pivot,CTU-13-BOTNET
10/08/2011 14:09:53,443,6,2274.4422289981626,11,19,6726,7032,2,1,0.178252,5.3055,SMB-RPC-Pivot,CTU-13-BOTNET
10/08/2011 14:09:54,8080,6,976.3810956115628,8,22,7351,28391,3,2,0.014723,3.5809,SMB-RPC-Pivot,CTU-13-BOTNET
10/08/2011 14:09:55,80,6,1648.513143159389,8,6,3916,9631,4,1,0.87164,1.9563,P2P-Peer-Discovery,CTU-13-BOTNET
10/08/2011 14:09:56,443,6,3099.054196285885,33,16,64,12246,2,2,0.574798,4.7424,SMB-RPC-Pivot,CTU-13-BOTNET
10/08/2011 14:09:57,6667,6,470.9193344038606,10,4,8543,3138,0,5,0.304942,5.9785,SMB-RPC-Pivot,CTU-13-BOTNET
10/08/2011 14:09:58,53,6,1011.1920192534357,19,12,1203,13463,0,2,0.620226,3.9001,SMB-RPC-Pivot,CTU-13-BOTNET
10/08/2011 14:09:59,8080,6,2800.542634179195,3,3,1839,11495,1,1,0.472062,4.3051,SMB-RPC-Pivot,CTU-13-BOTNET
10/08/2011 14:10:00,80,6,298.5474543534996,3,9,1761,16713,0,0,0.009166,5.6026,IRC-Botnet-C2,CTU-13-BOTNET
10/08/2011 14:10:01,8080,6,298.87983701826374,4,8,3058,25911,1,1,0.136538,7.4704,IRC-Botnet-C2,CTU-13-BOTNET
10/08/2011 14:10:02,53,6,1150.837653295393,5,6,4262,14498,0,2,0.31959,6.16,IRC-Botnet-C2,CTU-13-BOTNET
10/08/2011 14:10:03,8080,6,10338.201849406561,3,39,3675,39111,2,2,0.050556,6.0784,IRC-Botnet-C2,CTU-13-BOTNET
10/08/2011 14:10:04,123,6,2292.764408474529,29,12,15442,20336,1,1,0.003424,5.0244,IRC-Botnet-C2,CTU-13-BOTNET
10/08/2011 14:10:05,6667,6,1174.1925129148103,2,6,615,5549,1,3,0.439447,5.9857,IRC-Botnet-C2,CTU-13-BOTNET
10/08/2011 14:10:06,6667,6,3503.8198532165434,3,18,2290,25248,0,2,0.225413,5.0008,IRC-Botnet-C2,CTU-13-BOTNET
10/08/2011 14:10:07,53,6,410.1072935599982,4,15,4223,24173,1,0,0.0774,4.3619,IRC-Botnet-C2,CTU-13-BOTNET
10/08/2011 14:10:08,8080,6,237.01042390745098,7,44,9055,63451,2,1,0.173439,5.3571,IRC-Botnet-C2,CTU-13-BOTNET
10/08/2011 14:10:09,6667,6,11558.612905590986,15,45,4462,87111,1,1,0.056082,5.7598,IRC-Botnet-C2,CTU-13-BOTNET
10/08/2011 14:10:10,8080,6,2624.6859740168898,12,23,3680,13746,1,1,0.38982,7.3201,IRC-Botnet-C2,CTU-13-BOTNET
10/08/2011 14:10:11,53,6,1867.2245054233001,7,16,3672,19991,1,2,0.175908,6.0743,IRC-Botnet-C2,CTU-13-BOTNET
10/08/2011 14:10:12,8080,6,2762.5675695160035,2,6,1700,6436,3,4,0.009081,5.614,IRC-Botnet-C2,CTU-13-BOTNET
10/08/2011 14:10:13,53,6,3482.675659846013,14,42,6252,78587,3,0,0.413329,6.8554,IRC-Botnet-C2,CTU-13-BOTNET
10/08/2011 14:10:14,53,6,2489.7929111346593,16,12,456,8032,1,6,0.545705,5.4159,IRC-Botnet-C2,CTU-13-BOTNET
10/08/2011 14:10:15,443,6,4581.618313685023,6,26,6281,30976,0,0,0.152991,6.7521,IRC-Botnet-C2,CTU-13-BOTNET
10/08/2011 14:10:16,123,6,3845.178875821798,17,3,7655,9412,1,3,0.45743,6.1545,IRC-Botnet-C2,CTU-13-BOTNET
10/08/2011 14:10:17,8080,6,260.6555411254649,9,2,5535,10389,2,0,0.090416,6.2334,IRC-Botnet-C2,CTU-13-BOTNET
10/08/2011 14:10:18,53,6,1810.3856436882827,10,25,1069,46357,2,2,0.094338,4.2525,IRC-Botnet-C2,CTU-13-BOTNET
10/08/2011 14:10:19,443,6,844.5334308161948,23,21,24776,15006,0,7,0.349815,0.4,Normal,CTU-13-BOTNET
10/08/2011 14:10:20,53,6,11540.516295155943,39,23,27895,30166,1,3,0.303208,6.1596,IRC-Botnet-C2,CTU-13-BOTNET
10/08/2011 14:10:21,53,6,797.2933257251141,8,10,6847,24394,0,2,0.105685,6.5405,IRC-Botnet-C2,CTU-13-BOTNET
10/08/2011 14:10:22,53,6,2215.833720486437,17,3,6189,9794,1,0,0.05157,6.4273,IRC-Botnet-C2,CTU-13-BOTNET
10/08/2011 14:10:23,123,6,3641.067369115273,4,4,1586,3450,1,3,0.118703,5.1128,IRC-Botnet-C2,CTU-13-BOTNET
10/08/2011 14:10:24,6667,6,2330.264549887029,5,21,2235,15424,4,2,0.282367,7.597,IRC-Botnet-C2,CTU-13-BOTNET
10/08/2011 14:10:25,6667,6,3777.8397174198026,2,59,1850,60928,0,0,0.0071,6.7659,IRC-Botnet-C2,CTU-13-BOTNET
10/08/2011 14:10:26,8080,6,1287.6937527996322,7,3,7948,8698,0,1,0.092149,5.9334,IRC-Botnet-C2,CTU-13-BOTNET
10/08/2011 14:10:27,443,6,6779.090143725452,9,17,3861,26959,2,1,0.065594,4.1602,IRC-Botnet-C2,CTU-13-BOTNET
10/08/2011 14:10:28,6667,6,129.36674145501496,10,6,3747,1145,0,3,0.071677,5.6741,IRC-Botnet-C2,CTU-13-BOTNET
10/08/2011 14:10:29,443,6,9242.168769169417,23,2,7447,3680,1,2,0.156948,4.8442,IRC-Botnet-C2,CTU-13-BOTNET
10/08/2011 14:10:30,443,6,2339.5030992602938,14,50,12434,84637,1,3,0.037664,6.0068,IRC-Botnet-C2,CTU-13-BOTNET
10/08/2011 14:10:31,8080,6,2930.231066092307,3,15,3312,20974,1,2,0.211545,7.1122,IRC-Botnet-C2,CTU-13-BOTNET
10/08/2011 14:10:32,6667,6,1044.2722956306975,2,22,1876,6629,2,2,0.428675,5.326,IRC-Botnet-C2,CTU-13-BOTNET
10/08/2011 14:10:33,80,6,3352.9982469469496,4,6,4053,12693,2,2,0.182361,4.3505,IRC-Botnet-C2,CTU-13-BOTNET
10/08/2011 14:10:34,53,6,1681.12350407525,4,8,6168,6158,2,1,0.297776,4.6427,IRC-Botnet-C2,CTU-13-BOTNET
10/08/2011 14:10:35,123,6,1248.9493744082947,25,2,2151,5626,0,0,0.044105,5.1288,IRC-Botnet-C2,CTU-13-BOTNET
10/08/2011 14:10:36,8080,6,4600.412336783285,15,5,9615,16217,0,0,0.21875,5.8979,IRC-Botnet-C2,CTU-13-BOTNET
10/08/2011 14:10:37,443,6,2692.8615888484333,2,28,2301,26270,1,1,0.126238,6.2682,IRC-Botnet-C2,CTU-13-BOTNET
10/08/2011 14:10:38,6667,6,7542.129507057512,36,7,30086,15578,1,16,0.726609,0.4,Normal,CTU-13-BOTNET
10/08/2011 14:10:39,53,6,2327.793976713231,22,7,4786,11412,1,3,0.166239,6.8343,IRC-Botnet-C2,CTU-13-BOTNET
10/08/2011 14:10:40,53,6,2788.097568928224,8,19,11645,34571,0,0,0.333056,6.6469,IRC-Botnet-C2,CTU-13-BOTNET
10/08/2011 14:10:41,80,6,2997.595376048098,8,5,7527,3727,1,1,0.023153,4.8416,IRC-Botnet-C2,CTU-13-BOTNET
10/08/2011 14:10:42,123,6,14777.74781445644,17,12,9739,35720,1,1,0.021749,5.4299,IRC-Botnet-C2,CTU-13-BOTNET
10/08/2011 14:10:43,6667,6,1034.5977157628138,11,5,4765,9932,1,1,0.13784,4.4304,IRC-Botnet-C2,CTU-13-BOTNET
10/08/2011 14:10:44,123,6,4423.934954266903,12,13,5985,9725,2,4,0.103148,5.9818,IRC-Botnet-C2,CTU-13-BOTNET
10/08/2011 14:10:45,80,6,311.51249729134173,3,2,4289,4456,0,2,0.282743,5.6278,IRC-Botnet-C2,CTU-13-BOTNET
10/08/2011 14:10:46,123,6,490.24201068671994,3,24,3659,25407,2,2,0.07159,4.0428,IRC-Botnet-C2,CTU-13-BOTNET
10/08/2011 14:10:47,80,6,384.9305570691714,2,9,4716,12115,2,2,0.70501,4.7111,IRC-Botnet-C2,CTU-13-BOTNET
10/08/2011 14:10:48,123,6,1092.9366755501292,11,11,3174,19309,1,3,0.066547,6.0625,IRC-Botnet-C2,CTU-13-BOTNET
10/08/2011 14:10:49,53,6,5774.956450800551,5,14,4685,8516,1,0,0.161322,5.1619,IRC-Botnet-C2,CTU-13-BOTNET
10/08/2011 14:10:50,443,6,1621.6970794909412,2,3,3105,4375,3,1,0.186362,5.655,IRC-Botnet-C2,CTU-13-BOTNET
10/08/2011 14:10:51,443,6,835.9192820401465,5,10,5318,16172,1,3,0.254251,5.8927,IRC-Botnet-C2,CTU-13-BOTNET
10/08/2011 14:10:52,53,6,644.1279714530483,6,5,4543,10012,0,0,0.340618,5.4645,IRC-Botnet-C2,CTU-13-BOTNET
10/08/2011 14:10:53,53,6,4007.1943344260358,8,3,1474,11373,1,4,0.367466,6.9719,IRC-Botnet-C2,CTU-13-BOTNET
10/08/2011 14:10:54,443,6,1385.6290382330824,3,13,3901,17795,7,3,0.76816,3.0575,P2P-Peer-Discovery,CTU-13-BOTNET
10/08/2011 14:10:55,443,6,780.4784829504247,19,50,8098,16341,2,2,0.066337,5.7252,IRC-Botnet-C2,CTU-13-BOTNET
10/08/2011 14:10:56,8080,6,3927.3496244180697,15,3,2923,9228,1,2,0.284308,6.7853,IRC-Botnet-C2,CTU-13-BOTNET
10/08/2011 14:10:57,53,6,3079.6072220461815,6,3,64,3348,2,2,0.124198,5.5316,IRC-Botnet-C2,CTU-13-BOTNET
10/08/2011 14:10:58,123,6,522.2345938901835,2,96,1914,124671,8,5,0.919545,1.7148,P2P-Peer-Discovery,CTU-13-BOTNET
10/08/2011 14:10:59,6667,6,291.18779591903433,32,5,8072,10449,0,0,0.366934,6.6451,IRC-Botnet-C2,CTU-13-BOTNET
10/08/2011 14:11:00,6667,17,1947.9548365615613,5,5,3132,2275,0,3,0.076509,5.7659,DNS-Tunneling,CTU-13-BOTNET
10/08/2011 14:11:01,8080,17,2951.7034729850816,11,5,7597,3493,0,4,0.272101,7.6931,DNS-Tunneling,CTU-13-BOTNET
10/08/2011 14:11:02,53,17,2146.6635619591143,5,17,4069,24160,1,2,0.055918,7.8413,DNS-Tunneling,CTU-13-BOTNET
10/08/2011 14:11:03,123,17,314.86371294693475,6,10,3287,17511,0,8,0.07319,6.9571,DNS-Tunneling,CTU-13-BOTNET
10/08/2011 14:11:04,53,17,1860.9615414111372,10,6,8484,19010,0,2,0.37685,6.3884,DNS-Tunneling,CTU-13-BOTNET
10/08/2011 14:11:05,123,17,564.5528612937429,29,29,16958,33741,0,2,0.685761,7.98,DNS-Tunneling,CTU-13-BOTNET
10/08/2011 14:11:06,6667,17,4982.865638500624,6,57,3335,44094,1,1,0.219295,5.2517,DNS-Tunneling,CTU-13-BOTNET
10/08/2011 14:11:07,53,17,9252.578333555322,10,4,5030,8285,2,0,0.348613,7.8043,DNS-Tunneling,CTU-13-BOTNET
10/08/2011 14:11:08,123,17,12976.267153584578,38,13,27147,33773,1,3,0.067098,6.4599,DNS-Tunneling,CTU-13-BOTNET
10/08/2011 14:11:09,6667,17,901.8802775336122,14,3,2212,11157,2,1,0.097287,6.8457,DNS-Tunneling,CTU-13-BOTNET
10/08/2011 14:11:10,6667,17,4772.203655114055,7,5,4468,9589,1,2,0.1394,7.5997,DNS-Tunneling,CTU-13-BOTNET
10/08/2011 14:11:11,80,17,8404.78236284739,8,30,1214,28103,1,2,0.228116,6.4116,DNS-Tunneling,CTU-13-BOTNET
10/08/2011 14:11:12,443,17,6155.351134464446,23,35,9122,45061,0,2,0.262649,6.4439,DNS-Tunneling,CTU-13-BOTNET
10/08/2011 14:11:13,53,17,614.5604208642161,16,7,4753,10040,3,0,0.289025,7.4788,DNS-Tunneling,CTU-13-BOTNET
10/08/2011 14:11:14,6667,17,5886.008699263828,2,10,2797,13797,1,1,0.326284,7.1009,DNS-Tunneling,CTU-13-BOTNET
10/08/2011 14:11:15,53,6,239.71422370751839,2,20,3777,30807,3,6,0.713176,0.6168,Normal,CTU-13-BOTNET
10/08/2011 14:11:16,443,17,3068.790443590795,9,2,6062,4748,0,3,0.360364,6.3443,DNS-Tunneling,CTU-13-BOTNET
10/08/2011 14:11:17,6667,17,282.2368380823066,3,9,1357,9712,1,3,0.004952,5.922,DNS-Tunneling,CTU-13-BOTNET
10/08/2011 14:11:18,6667,17,3195.6108388391854,6,8,3837,21645,1,2,0.196808,6.9748,DNS-Tunneling,CTU-13-BOTNET
10/08/2011 14:11:19,53,17,1417.8232077938817,29,28,3509,21215,2,3,0.231952,7.815,DNS-Tunneling,CTU-13-BOTNET
10/08/2011 14:11:20,53,17,7494.696730251951,20,3,13777,9663,1,4,0.093565,6.4544,DNS-Tunneling,CTU-13-BOTNET
10/08/2011 14:11:21,53,17,794.516647016108,2,2,2090,1352,0,0,0.063278,6.1341,DNS-Tunneling,CTU-13-BOTNET
10/08/2011 14:11:22,123,17,5445.72698512932,40,12,13432,21485,1,3,0.212742,7.4484,DNS-Tunneling,CTU-13-BOTNET
10/08/2011 14:11:23,8080,17,1803.8319816858464,2,21,1729,6973,0,3,0.175736,6.9631,DNS-Tunneling,CTU-13-BOTNET
10/08/2011 14:11:24,53,17,1204.5234791873315,45,7,18035,7784,0,5,0.18806,7.0527,DNS-Tunneling,CTU-13-BOTNET
10/08/2011 14:11:25,6667,17,5213.050642223688,15,10,7767,19019,2,0,0.053884,6.3563,DNS-Tunneling,CTU-13-BOTNET
10/08/2011 14:11:26,53,17,1760.1291360803853,5,10,2401,557,0,2,0.149879,7.1476,DNS-Tunneling,CTU-13-BOTNET
10/08/2011 14:11:27,80,17,3231.195244454512,7,4,4324,5629,3,2,0.220731,6.9545,DNS-Tunneling,CTU-13-BOTNET
10/08/2011 14:11:28,8080,17,621.2274884614104,5,27,2502,34742,2,2,0.222349,7.8477,DNS-Tunneling,CTU-13-BOTNET
10/08/2011 14:11:29,6667,17,3020.753077541414,14,3,2605,10022,0,3,0.143756,6.4567,DNS-Tunneling,CTU-13-BOTNET
10/08/2011 14:11:30,443,17,6240.2528392060085,11,11,6920,13358,1,1,0.291623,7.6226,DNS-Tunneling,CTU-13-BOTNET
10/08/2011 14:11:31,443,17,3230.5875710130085,21,10,20973,17989,0,2,0.222355,5.8448,DNS-Tunneling,CTU-13-BOTNET
10/08/2011 14:11:32,6667,17,1008.0296644522703,2,28,2372,16284,3,2,0.090855,6.6896,DNS-Tunneling,CTU-13-BOTNET
10/08/2011 14:11:33,443,17,6873.806107735303,20,27,10331,15423,0,1,0.301558,6.9706,DNS-Tunneling,CTU-13-BOTNET
10/08/2011 14:11:34,443,17,7620.858804614336,12,9,10817,11006,0,3,0.124411,7.0873,DNS-Tunneling,CTU-13-BOTNET
10/08/2011 14:11:35,80,17,7658.032181173723,11,9,6373,17436,0,3,0.546882,7.1844,DNS-Tunneling,CTU-13-BOTNET
10/08/2011 14:11:36,443,17,2979.3890175749257,4,10,3675,14608,1,0,0.232987,6.8885,DNS-Tunneling,CTU-13-BOTNET
10/08/2011 14:11:37,443,17,9004.993393961238,3,4,1248,6244,3,1,0.327983,6.8687,DNS-Tunneling,CTU-13-BOTNET
10/08/2011 14:11:38,80,17,3071.656757862787,10,6,5777,15478,2,5,0.204034,6.5902,DNS-Tunneling,CTU-13-BOTNET
10/08/2011 14:11:39,8080,6,211.41085871682853,13,10,6448,8259,1,4,0.558993,0.9698,Normal,CTU-13-BOTNET
10/08/2011 14:11:40,443,6,2846.946324438269,5,3,2782,6400,4,1,0.63964,0.9183,P2P-Peer-Discovery,CTU-13-BOTNET
10/08/2011 14:11:41,443,17,269.27225598228114,8,7,7899,20963,0,1,0.2573,6.6219,DNS-Tunneling,CTU-13-BOTNET
10/08/2011 14:11:42,8080,6,2731.9975740087775,8,6,5677,10486,9,2,0.125816,2.216,P2P-Peer-Discovery,CTU-13-BOTNET
10/08/2011 14:11:43,6667,17,3171.808851989047,5,2,5607,6067,2,1,0.056534,7.6934,DNS-Tunneling,CTU-13-BOTNET
10/08/2011 14:11:44,8080,17,1824.2288184099834,21,13,13111,11672,3,1,0.052617,5.284,DNS-Tunneling,CTU-13-BOTNET
10/08/2011 14:11:45,53,6,3477.6391379833685,4,4,5413,13818,0,6,0.535787,0.8833,Normal,CTU-13-BOTNET
10/08/2011 14:11:46,123,17,3687.667347831753,3,4,3416,11717,0,3,0.063158,4.8511,DNS-Tunneling,CTU-13-BOTNET
10/08/2011 14:11:47,8080,17,3110.624040606268,2,6,900,3252,2,3,0.155612,7.98,DNS-Tunneling,CTU-13-BOTNET
10/08/2011 14:11:48,443,17,5115.67758704861,19,31,10165,36423,2,0,0.390303,6.4007,DNS-Tunneling,CTU-13-BOTNET
10/08/2011 14:11:49,443,17,3609.4060500196906,22,11,10371,692,1,0,0.040088,6.196,DNS-Tunneling,CTU-13-BOTNET
10/08/2011 14:11:50,443,17,3550.0807970651467,3,31,3094,32069,0,1,0.298852,6.2168,DNS-Tunneling,CTU-13-BOTNET
10/08/2011 14:11:51,8080,17,2005.8645628269423,10,20,8716,35988,1,0,0.274269,6.5745,DNS-Tunneling,CTU-13-BOTNET
10/08/2011 14:11:52,8080,17,3839.418514960622,2,13,4042,12459,1,2,0.028414,7.98,DNS-Tunneling,CTU-13-BOTNET
10/08/2011 14:11:53,53,17,836.0118070386042,30,15,10893,18562,0,5,0.407385,7.422,DNS-Tunneling,CTU-13-BOTNET
10/08/2011 14:11:54,53,17,2055.391774298022,4,20,3171,11404,0,0,0.188249,6.4081,DNS-Tunneling,CTU-13-BOTNET
10/08/2011 14:11:55,443,17,4658.214328094959,7,57,4236,44262,1,1,0.454863,5.996,DNS-Tunneling,CTU-13-BOTNET
10/08/2011 14:11:56,80,17,2192.6514785419213,6,4,2184,8264,1,3,0.187673,6.9015,DNS-Tunneling,CTU-13-BOTNET
10/08/2011 14:11:57,53,17,7973.269254613696,3,2,5637,2732,0,1,0.260346,7.4777,DNS-Tunneling,CTU-13-BOTNET
10/08/2011 14:11:58,53,17,9864.119717026791,3,4,64,7247,0,4,0.379024,6.1383,DNS-Tunneling,CTU-13-BOTNET
10/08/2011 14:11:59,443,17,544.7870176823133,32,26,7065,25001,0,1,0.045294,7.05,DNS-Tunneling,CTU-13-BOTNET
10/08/2011 14:12:00,80,6,664.3768886281218,18,3,728,14316,1,6,0.431327,0.5517,Normal,CTU-13-BOTNET
10/08/2011 14:12:01,8080,6,5738.932339735487,6,60,4349,63547,5,0,0.501897,4.2175,P2P-Peer-Discovery,CTU-13-BOTNET
10/08/2011 14:12:02,6667,6,1468.1635515100452,4,6,2392,10998,1,8,0.38254,1.343,Normal,CTU-13-BOTNET
10/08/2011 14:12:03,6667,6,2265.8939093215777,7,30,6070,56199,1,5,0.263202,1.4532,Normal,CTU-13-BOTNET
10/08/2011 14:12:04,8080,6,4145.011039689251,16,5,9480,3854,0,5,0.91965,1.073,Normal,CTU-13-BOTNET
10/08/2011 14:12:05,6667,6,3138.275925981749,7,9,3775,22164,3,6,0.176033,1.2139,Normal,CTU-13-BOTNET
10/08/2011 14:12:06,6667,6,2251.0278344768917,18,4,11738,13010,0,2,0.602786,0.4,Normal,CTU-13-BOTNET
10/08/2011 14:12:07,53,6,737.7815939165588,5,5,5484,9180,0,7,0.440558,1.6965,Normal,CTU-13-BOTNET
10/08/2011 14:12:08,123,6,5604.673392303986,9,16,3715,32118,3,14,1.335025,0.7627,Normal,CTU-13-BOTNET
10/08/2011 14:12:09,53,6,4214.734327422708,5,10,3424,7277,0,7,0.277128,1.0049,Normal,CTU-13-BOTNET
10/08/2011 14:12:10,123,6,730.77595783395,6,19,4979,6787,0,11,0.645779,1.2626,Normal,CTU-13-BOTNET
10/08/2011 14:12:11,6667,6,3926.7028747733916,4,2,2015,5725,0,4,0.061516,2.7361,Normal,CTU-13-BOTNET
10/08/2011 14:12:12,123,6,1514.4297130830296,5,3,3815,15160,2,3,0.747228,0.7698,Normal,CTU-13-BOTNET
10/08/2011 14:12:13,53,6,3392.6030141010915,12,36,7732,64020,1,7,0.316621,0.9134,Normal,CTU-13-BOTNET
10/08/2011 14:12:14,8080,6,369.77087606023406,3,22,2850,7115,4,2,0.581289,1.5513,P2P-Peer-Discovery,CTU-13-BOTNET
10/08/2011 14:12:15,123,6,3466.018239747369,9,10,7516,261,0,3,0.835408,1.3648,Normal,CTU-13-BOTNET
10/08/2011 14:12:16,80,6,420.5465464626274,2,2,1675,4736,2,4,0.494653,2.4727,Normal,CTU-13-BOTNET
10/08/2011 14:12:17,123,6,1072.2557282142234,2,41,4486,45230,1,9,0.466173,1.2952,Normal,CTU-13-BOTNET
10/08/2011 14:12:18,443,6,871.7482750414964,2,4,3134,9555,1,6,0.706559,0.4,Normal,CTU-13-BOTNET
10/08/2011 14:12:19,6667,6,5455.516438595277,6,17,4174,26078,0,8,0.812603,1.5352,Normal,CTU-13-BOTNET
10/08/2011 14:12:20,443,6,5364.2533303065175,7,68,6653,119434,0,5,0.535282,2.6559,Normal,CTU-13-BOTNET
10/08/2011 14:12:21,80,6,1900.7917631339976,10,108,6976,68728,1,5,0.709357,0.4,Normal,CTU-13-BOTNET
10/08/2011 14:12:22,53,6,2683.174427437421,8,23,2784,31194,1,2,0.80313,2.1637,Normal,CTU-13-BOTNET
10/08/2011 14:12:23,80,6,8093.099799214613,12,10,9157,31040,1,9,0.528979,1.1515,Normal,CTU-13-BOTNET
10/08/2011 14:12:24,6667,6,4246.193785207556,7,8,6033,10952,5,10,0.438528,1.829,Normal,CTU-13-BOTNET
10/08/2011 14:12:25,6667,6,742.4782642656779,24,3,17360,11519,1,15,0.455084,1.1146,Normal,CTU-13-BOTNET
10/08/2011 14:12:26,6667,6,539.5009876060299,20,8,3940,18854,0,3,0.274745,1.5056,Normal,CTU-13-BOTNET
10/08/2011 14:12:27,8080,6,1316.0871109073678,4,59,4020,98875,4,4,0.442166,0.4617,Normal,CTU-13-BOTNET
10/08/2011 14:12:28,443,6,2631.8415680646954,17,5,5929,19575,2,4,0.632902,0.6524,Normal,CTU-13-BOTNET
10/08/2011 14:12:29,123,6,2132.509350871514,7,6,6360,16562,1,1,0.702135,0.9561,Normal,CTU-13-BOTNET
10/08/2011 14:12:30,6667,6,1893.3901239949953,6,39,7122,46940,1,8,0.313405,0.531,Normal,CTU-13-BOTNET
10/08/2011 14:12:31,8080,6,325.0127816634513,12,3,6793,8579,2,2,0.627277,0.4,Normal,CTU-13-BOTNET
10/08/2011 14:12:32,80,6,1305.444216250359,11,26,11395,21389,0,5,0.093749,0.4,Normal,CTU-13-BOTNET
10/08/2011 14:12:33,123,6,89.79319396995166,4,9,2556,12058,4,4,0.304692,2.3441,P2P-Peer-Discovery,CTU-13-BOTNET
10/08/2011 14:12:34,80,6,1549.3264693253857,2,14,4182,22316,0,3,0.307975,1.9403,Normal,CTU-13-BOTNET
10/08/2011 14:12:35,6667,6,380.3313744274047,2,12,4899,28084,1,14,0.546533,0.4,Normal,CTU-13-BOTNET
10/08/2011 14:12:36,80,6,286.3012744852592,2,15,1594,3557,2,5,0.447701,0.4992,Normal,CTU-13-BOTNET
10/08/2011 14:12:37,6667,6,247.45233057106358,19,6,11913,10521,2,2,0.531552,1.7988,Normal,CTU-13-BOTNET
10/08/2011 14:12:38,6667,6,4554.531113307267,2,12,4419,26771,2,4,0.354852,0.4,Normal,CTU-13-BOTNET
10/08/2011 14:12:39,80,6,5104.337917455246,2,25,2167,26603,1,7,0.619411,1.6048,Normal,CTU-13-BOTNET
10/08/2011 14:12:40,80,6,4172.125811781305,13,3,3914,5254,0,3,0.548515,1.5533,Normal,CTU-13-BOTNET
10/08/2011 14:12:41,123,6,834.7936497699318,3,19,683,17925,0,6,0.272372,2.4375,Normal,CTU-13-BOTNET
10/08/2011 14:12:42,443,6,1015.5632153586491,3,20,1654,27136,0,6,0.772013,0.7228,Normal,CTU-13-BOTNET
10/08/2011 14:12:43,443,6,1547.10622105711,20,8,12133,12640,2,4,0.727785,0.4,Normal,CTU-13-BOTNET
10/08/2011 14:12:44,6667,6,6061.097625731298,4,10,2154,13381,1,4,1.299151,0.4,Normal,CTU-13-BOTNET
10/08/2011 14:12:45,123,6,457.0282404275886,5,29,1427,65139,0,5,0.865694,2.0172,Normal,CTU-13-BOTNET
10/08/2011 14:12:46,6667,6,4300.933545741662,7,44,9749,53266,2,3,0.45956,1.4051,Normal,CTU-13-BOTNET
10/08/2011 14:12:47,6667,6,10423.39283894466,8,17,1509,12551,0,3,0.399897,0.4,Normal,CTU-13-BOTNET
10/08/2011 14:12:48,123,6,145.95260794945963,26,10,19123,10776,2,4,0.620144,0.7118,Normal,CTU-13-BOTNET
10/08/2011 14:12:49,8080,6,1750.0179598034997,2,8,4945,12374,1,4,0.831192,0.5458,Normal,CTU-13-BOTNET
10/08/2011 14:12:50,123,6,6419.868437073516,6,3,3537,5596,2,8,0.686181,0.5198,Normal,CTU-13-BOTNET
10/08/2011 14:12:51,80,6,263.16412050439055,14,23,6145,38480,1,6,0.509286,1.3079,Normal,CTU-13-BOTNET
10/08/2011 14:12:52,6667,6,444.0960678134672,40,19,12095,26850,3,2,0.121027,3.391,Normal,CTU-13-BOTNET
10/08/2011 14:12:53,80,6,363.211819233389,13,12,8402,8623,0,8,0.408724,0.8482,Normal,CTU-13-BOTNET
10/08/2011 14:12:54,80,6,2634.0016237185255,9,13,6208,16097,1,8,0.263148,0.842,Normal,CTU-13-BOTNET
10/08/2011 14:12:55,6667,6,1295.3112759472212,5,3,6159,9795,1,5,0.749969,1.6019,Normal,CTU-13-BOTNET
10/08/2011 14:12:56,123,6,6091.008061395321,7,9,9250,25878,1,6,0.406832,1.8047,Normal,CTU-13-BOTNET
10/08/2011 14:12:57,6667,6,7001.195950405122,2,4,2134,9787,1,5,0.882834,1.0169,Normal,CTU-13-BOTNET
10/08/2011 14:12:58,443,6,179.0553804239837,32,32,2054,24907,5,3,0.339923,3.3692,P2P-Peer-Discovery,CTU-13-BOTNET
10/08/2011 14:12:59,8080,6,2718.7358632697237,6,19,1906,37313,1,4,0.499688,0.4,Normal,CTU-13-BOTNET
10/08/2011 14:13:00,80,6,528.6251726755595,13,4,8143,13978,3,2,0.867738,1.4001,P2P-Peer-Discovery,CTU-13-BOTNET
10/08/2011 14:13:01,8080,6,3439.8075151023404,4,12,1151,17060,2,2,0.264485,3.0596,P2P-Peer-Discovery,CTU-13-BOTNET
10/08/2011 14:13:02,80,6,2722.4364282935067,2,3,1911,11581,3,1,0.548512,1.7767,P2P-Peer-Discovery,CTU-13-BOTNET
10/08/2011 14:13:03,80,6,1777.950355746318,20,30,5300,8648,6,3,0.364656,3.2009,P2P-Peer-Discovery,CTU-13-BOTNET
10/08/2011 14:13:04,8080,6,1800.9007151867538,15,27,4793,28299,8,0,0.622904,1.458,P2P-Peer-Discovery,CTU-13-BOTNET
10/08/2011 14:13:05,443,6,710.1467036702336,3,16,2593,27097,6,3,0.895356,0.8169,P2P-Peer-Discovery,CTU-13-BOTNET
10/08/2011 14:13:06,443,6,2873.336864320392,2,15,2006,24906,4,1,0.431913,2.9863,P2P-Peer-Discovery,CTU-13-BOTNET
10/08/2011 14:13:07,123,6,2274.2047672480467,29,3,17491,4902,5,3,0.141772,2.587,P2P-Peer-Discovery,CTU-13-BOTNET
10/08/2011 14:13:08,6667,6,727.3650107933057,3,6,534,8262,5,0,0.254769,3.3684,P2P-Peer-Discovery,CTU-13-BOTNET
10/08/2011 14:13:09,6667,6,10208.041722926975,14,9,5804,7134,4,3,0.342714,3.2001,P2P-Peer-Discovery,CTU-13-BOTNET
10/08/2011 14:13:10,123,6,911.2654306722646,27,26,11434,18417,0,0,0.441753,3.7167,P2P-Peer-Discovery,CTU-13-BOTNET
10/08/2011 14:13:11,123,6,866.5036168750278,22,47,5569,36024,5,0,0.374897,4.1138,P2P-Peer-Discovery,CTU-13-BOTNET
10/08/2011 14:13:12,80,6,1602.5906790866159,15,8,8816,13017,1,2,0.498961,2.4834,P2P-Peer-Discovery,CTU-13-BOTNET
10/08/2011 14:13:13,443,6,6511.066971112413,12,11,5884,21644,1,4,0.556271,0.6051,Normal,CTU-13-BOTNET
10/08/2011 14:13:14,53,6,106.36372388418746,25,18,9904,29036,4,2,0.073141,2.8142,P2P-Peer-Discovery,CTU-13-BOTNET
10/08/2011 14:13:15,80,6,496.7519287614361,7,2,4698,8716,7,5,0.553237,1.6881,P2P-Peer-Discovery,CTU-13-BOTNET
10/08/2011 14:13:16,123,6,1531.7626424577184,4,8,3900,8192,4,2,0.472131,1.3308,P2P-Peer-Discovery,CTU-13-BOTNET
10/08/2011 14:13:17,123,6,3268.188689246985,27,45,4373,50104,7,2,0.756055,1.8073,P2P-Peer-Discovery,CTU-13-BOTNET
10/08/2011 14:13:18,6667,6,4549.1847178137905,5,18,4039,26139,4,5,0.816308,3.3194,P2P-Peer-Discovery,CTU-13-BOTNET
10/08/2011 14:13:19,53,6,12241.403383559964,13,69,2969,61045,7,3,0.133546,1.4986,P2P-Peer-Discovery,CTU-13-BOTNET
10/08/2011 14:13:20,80,6,1551.826094095679,9,19,5062,23541,1,8,0.505629,2.2654,Normal,CTU-13-BOTNET
10/08/2011 14:13:21,123,6,2643.9905421074754,23,6,3446,9530,8,1,0.608003,3.7606,P2P-Peer-Discovery,CTU-13-BOTNET
10/08/2011 14:13:22,80,6,1547.8019253312755,9,25,975,6409,5,1,0.252402,3.7233,P2P-Peer-Discovery,CTU-13-BOTNET
10/08/2011 14:13:23,53,6,3178.1247598169116,3,7,4314,7498,7,2,0.93015,3.4085,P2P-Peer-Discovery,CTU-13-BOTNET
10/08/2011 14:13:24,8080,6,886.8438678929537,13,4,15611,10697,3,3,0.326278,1.0226,P2P-Peer-Discovery,CTU-13-BOTNET
10/08/2011 14:13:25,8080,6,1305.1585523793317,15,7,10574,21262,3,2,0.430561,1.5662,P2P-Peer-Discovery,CTU-13-BOTNET
10/08/2011 14:13:26,123,6,5866.52999997861,9,6,4198,16556,2,1,0.461845,3.0845,P2P-Peer-Discovery,CTU-13-BOTNET
10/08/2011 14:13:27,123,6,3079.371227476147,5,3,4650,8686,3,4,0.254942,3.4745,P2P-Peer-Discovery,CTU-13-BOTNET
10/08/2011 14:13:28,80,6,5112.3221904694765,4,8,2374,364,6,3,0.437515,2.2095,P2P-Peer-Discovery,CTU-13-BOTNET
10/08/2011 14:13:29,443,6,1352.4886283381609,7,13,3101,9501,4,1,0.365043,2.8396,P2P-Peer-Discovery,CTU-13-BOTNET
10/08/2011 14:13:30,443,6,3655.9333773206217,3,4,1852,8981,6,1,0.434252,3.3457,P2P-Peer-Discovery,CTU-13-BOTNET
10/08/2011 14:13:31,443,6,543.431047745167,3,22,3978,21341,1,2,0.40622,1.7858,P2P-Peer-Discovery,CTU-13-BOTNET
10/08/2011 14:13:32,80,6,2691.219536216876,10,6,5048,6148,2,5,0.517233,2.5279,P2P-Peer-Discovery,CTU-13-BOTNET
10/08/2011 14:13:33,6667,6,2233.271270046525,19,26,6614,28179,1,2,0.369443,2.6096,P2P-Peer-Discovery,CTU-13-BOTNET
10/08/2011 14:13:34,8080,6,662.6270748369847,3,55,3333,50814,4,0,0.436538,2.5913,P2P-Peer-Discovery,CTU-13-BOTNET
10/08/2011 14:13:35,80,6,2529.986370374502,3,4,4754,14003,3,1,0.998677,3.7889,P2P-Peer-Discovery,CTU-13-BOTNET
10/08/2011 14:13:36,6667,6,1218.636667285714,4,30,2147,29540,2,2,0.457088,3.5733,P2P-Peer-Discovery,CTU-13-BOTNET
10/08/2011 14:13:37,443,6,484.76804151471816,17,6,7964,3339,5,4,0.33561,2.0602,P2P-Peer-Discovery,CTU-13-BOTNET
10/08/2011 14:13:38,80,6,2984.3918886448732,5,15,1665,3366,4,3,0.260013,2.9064,P2P-Peer-Discovery,CTU-13-BOTNET
10/08/2011 14:13:39,6667,6,582.5668856928176,4,20,3425,18823,6,5,0.571815,1.0309,P2P-Peer-Discovery,CTU-13-BOTNET
10/08/2011 14:13:40,443,6,181.2682187665538,8,18,2404,15491,5,5,0.767923,0.4,P2P-Peer-Discovery,CTU-13-BOTNET
10/08/2011 14:13:41,6667,6,1351.0977875237006,8,36,2663,60871,6,2,0.448257,1.9282,P2P-Peer-Discovery,CTU-13-BOTNET
10/08/2011 14:13:42,123,6,373.4605031681408,2,39,1326,48074,4,1,0.520018,2.1645,P2P-Peer-Discovery,CTU-13-BOTNET
10/08/2011 14:13:43,123,6,2622.622514889939,2,31,2528,26289,1,1,0.773625,0.4,P2P-Peer-Discovery,CTU-13-BOTNET
10/08/2011 14:13:44,123,6,12023.749441643933,3,7,2754,14826,10,0,0.732698,0.5614,P2P-Peer-Discovery,CTU-13-BOTNET
10/08/2011 14:13:45,123,6,1781.5086806370844,7,2,64,3364,4,2,0.623934,3.8797,P2P-Peer-Discovery,CTU-13-BOTNET
10/08/2011 14:13:46,53,6,2634.4924059857226,13,3,2696,11597,3,1,0.533207,3.5517,P2P-Peer-Discovery,CTU-13-BOTNET
10/08/2011 14:13:47,53,6,7551.095564110258,36,2,1565,2809,3,2,0.673113,1.974,P2P-Peer-Discovery,CTU-13-BOTNET
10/08/2011 14:13:48,443,6,10585.955534075294,3,62,3418,72180,3,2,0.690627,1.4811,P2P-Peer-Discovery,CTU-13-BOTNET
10/08/2011 14:13:49,443,6,309.1314960799761,6,7,2512,7210,6,1,0.495336,2.052,P2P-Peer-Discovery,CTU-13-BOTNET
10/08/2011 14:13:50,80,6,98.21547647337069,11,11,1928,7936,7,2,0.31575,3.0594,P2P-Peer-Discovery,CTU-13-BOTNET
10/08/2011 14:13:51,6667,6,8394.156541410948,6,19,4906,21573,2,7,0.390961,2.0563,P2P-Peer-Discovery,CTU-13-BOTNET
10/08/2011 14:13:52,443,6,4822.45163868499,3,60,1203,38617,3,3,0.398437,2.8792,P2P-Peer-Discovery,CTU-13-BOTNET
10/08/2011 14:13:53,123,6,255.14917925302723,7,8,7961,9909,5,2,0.717315,2.1736,P2P-Peer-Discovery,CTU-13-BOTNET
10/08/2011 14:13:54,8080,6,768.0716497440822,3,8,2354,13894,8,5,0.346248,1.6665,P2P-Peer-Discovery,CTU-13-BOTNET
10/08/2011 14:13:55,80,6,9226.108341523814,23,3,8939,6100,4,1,0.568148,1.7864,P2P-Peer-Discovery,CTU-13-BOTNET
10/08/2011 14:13:56,6667,6,228.5401468277235,17,9,9009,20516,6,3,0.570238,2.7546,P2P-Peer-Discovery,CTU-13-BOTNET
10/08/2011 14:13:57,6667,6,338.49999309734886,3,13,3619,11428,3,2,0.26072,2.0118,P2P-Peer-Discovery,CTU-13-BOTNET
10/08/2011 14:13:58,53,6,521.6177558738605,13,14,1969,28196,2,0,0.515384,1.7425,P2P-Peer-Discovery,CTU-13-BOTNET
10/08/2011 14:13:59,6667,6,1049.1591958700133,2,5,1049,9862,4,1,0.530811,2.8805,P2P-Peer-Discovery,CTU-13-BOTNET
10/08/2011 14:14:00,80,17,3419.989229528385,9,6,6283,10165,8,0,0.194685,3.7509,UDP-Flood-DDoS,CTU-13-BOTNET
10/08/2011 14:14:01,53,17,4327.033413238223,4,4,5261,3565,7,1,0.65714,3.6081,UDP-Flood-DDoS,CTU-13-BOTNET
10/08/2011 14:14:02,53,17,127.23061293765772,31,14,4730,9861,7,1,0.726342,3.297,UDP-Flood-DDoS,CTU-13-BOTNET
10/08/2011 14:14:03,53,17,656.2793715748509,5,24,4042,44692,3,1,0.316332,4.1113,UDP-Flood-DDoS,CTU-13-BOTNET
10/08/2011 14:14:04,443,17,4195.185982598428,10,7,8460,14706,2,0,0.30419,4.4335,UDP-Flood-DDoS,CTU-13-BOTNET
10/08/2011 14:14:05,53,17,672.054744009547,19,5,64,13295,6,1,0.358841,3.1648,UDP-Flood-DDoS,CTU-13-BOTNET
10/08/2011 14:14:06,53,17,10104.486604411124,34,33,16024,40321,6,4,0.52973,1.8955,UDP-Flood-DDoS,CTU-13-BOTNET
10/08/2011 14:14:07,53,17,5279.856188424767,6,13,4942,21776,7,6,0.431556,3.015,UDP-Flood-DDoS,CTU-13-BOTNET
10/08/2011 14:14:08,443,6,622.4629948438244,6,11,1077,21245,4,0,0.333875,1.4353,P2P-Peer-Discovery,CTU-13-BOTNET
10/08/2011 14:14:09,443,17,17106.930247618227,8,5,3056,10529,9,3,0.439239,2.0467,UDP-Flood-DDoS,CTU-13-BOTNET
10/08/2011 14:14:10,80,17,1708.79989404627,9,16,6840,27136,2,4,0.244435,2.6545,UDP-Flood-DDoS,CTU-13-BOTNET
10/08/2011 14:14:11,53,17,6253.021706701009,7,16,5056,14109,5,1,0.363593,1.8246,UDP-Flood-DDoS,CTU-13-BOTNET
10/08/2011 14:14:12,8080,17,2729.2426341096943,5,11,4129,3295,3,3,0.530951,3.9465,UDP-Flood-DDoS,CTU-13-BOTNET
10/08/2011 14:14:13,6667,17,4498.621653495127,22,14,13236,22930,3,1,0.641713,3.4348,UDP-Flood-DDoS,CTU-13-BOTNET
10/08/2011 14:14:14,53,17,2813.2158575989024,10,10,8002,15180,6,1,0.126882,2.9894,UDP-Flood-DDoS,CTU-13-BOTNET
10/08/2011 14:14:15,123,6,1304.1348711399307,24,26,16524,16651,4,4,0.330464,1.1935,P2P-Peer-Discovery,CTU-13-BOTNET
10/08/2011 14:14:16,123,17,3057.3185626941086,9,5,6993,2084,9,5,0.532711,3.1297,UDP-Flood-DDoS,CTU-13-BOTNET
10/08/2011 14:14:17,6667,17,551.8091606162932,2,2,856,469,6,2,0.399044,3.1162,UDP-Flood-DDoS,CTU-13-BOTNET
10/08/2011 14:14:18,123,17,587.4699790111815,9,9,3006,3814,4,1,0.244687,2.6075,UDP-Flood-DDoS,CTU-13-BOTNET
10/08/2011 14:14:19,443,17,4041.488827980945,14,2,16359,9819,3,4,0.381828,4.0658,UDP-Flood-DDoS,CTU-13-BOTNET
10/08/2011 14:14:20,8080,17,372.68614617950226,11,3,7245,12703,2,4,0.345315,4.2048,UDP-Flood-DDoS,CTU-13-BOTNET
10/08/2011 14:14:21,53,6,2403.481753207279,17,83,21558,80707,9,1,0.276474,2.1587,P2P-Peer-Discovery,CTU-13-BOTNET
10/08/2011 14:14:22,6667,17,8347.977417580923,28,28,19603,44567,6,2,0.597364,4.3606,UDP-Flood-DDoS,CTU-13-BOTNET
10/08/2011 14:14:23,80,17,2930.7835982067113,19,11,64,16400,5,5,0.949973,4.3748,UDP-Flood-DDoS,CTU-13-BOTNET
10/08/2011 14:14:24,123,17,3445.272507626486,12,13,7891,17278,5,3,0.723667,2.7204,UDP-Flood-DDoS,CTU-13-BOTNET
10/08/2011 14:14:25,6667,17,2754.4751363106498,7,26,9177,8430,4,4,0.241079,2.8491,UDP-Flood-DDoS,CTU-13-BOTNET
10/08/2011 14:14:26,8080,6,322.1741116935125,30,6,12776,4428,2,2,0.390327,1.1009,Normal,CTU-13-BOTNET
10/08/2011 14:14:27,443,17,711.282371775691,16,53,7085,59967,7,1,0.73203,2.0056,UDP-Flood-DDoS,CTU-13-BOTNET
10/08/2011 14:14:28,123,6,4740.209278110846,15,19,1477,29790,5,3,0.445139,1.2249,P2P-Peer-Discovery,CTU-13-BOTNET
10/08/2011 14:14:29,53,17,9506.972803989396,11,13,10940,21395,1,3,0.434588,4.2946,UDP-Flood-DDoS,CTU-13-BOTNET
10/08/2011 14:14:30,123,17,1582.3065332979204,36,3,28990,3012,5,1,0.421214,3.0703,UDP-Flood-DDoS,CTU-13-BOTNET
10/08/2011 14:14:31,443,17,3662.133904199794,2,18,3669,14759,3,2,0.167462,3.2228,UDP-Flood-DDoS,CTU-13-BOTNET
10/08/2011 14:14:32,8080,17,4009.9001958043236,4,8,2871,16384,5,3,0.757934,2.7399,UDP-Flood-DDoS,CTU-13-BOTNET
10/08/2011 14:14:33,6667,17,4176.8317381235265,9,12,7258,6477,1,3,0.654742,4.5793,UDP-Flood-DDoS,CTU-13-BOTNET
10/08/2011 14:14:34,6667,17,4663.239365501422,2,3,2818,3245,5,4,0.054711,3.8591,UDP-Flood-DDoS,CTU-13-BOTNET
10/08/2011 14:14:35,123,17,1911.022582353866,39,5,64,7948,2,6,0.711354,3.1866,UDP-Flood-DDoS,CTU-13-BOTNET
10/08/2011 14:14:36,6667,17,366.8511758827599,16,11,7640,10829,9,1,0.92687,3.0975,UDP-Flood-DDoS,CTU-13-BOTNET
10/08/2011 14:14:37,8080,17,8631.014461220338,4,10,3166,18745,5,4,0.602988,2.6742,UDP-Flood-DDoS,CTU-13-BOTNET
10/08/2011 14:14:38,443,17,246.69312487630668,7,18,1911,13567,5,1,0.921608,3.9467,UDP-Flood-DDoS,CTU-13-BOTNET
10/08/2011 14:14:39,123,17,148.92673676579352,2,24,4341,22392,2,5,0.092806,4.8972,UDP-Flood-DDoS,CTU-13-BOTNET
10/08/2011 14:14:40,443,17,2627.0637620940347,7,10,566,17141,7,1,0.578429,2.2042,UDP-Flood-DDoS,CTU-13-BOTNET
10/08/2011 14:14:41,443,17,2435.282103559914,17,12,4322,9519,6,2,0.037697,3.8527,UDP-Flood-DDoS,CTU-13-BOTNET
10/08/2011 14:14:42,443,17,1511.9622819525202,14,8,8729,13721,7,5,0.057703,3.9963,UDP-Flood-DDoS,CTU-13-BOTNET
10/08/2011 14:14:43,123,6,9607.942865655317,24,12,13476,12145,5,0,0.668531,2.6941,P2P-Peer-Discovery,CTU-13-BOTNET
10/08/2011 14:14:44,6667,17,2217.401162071,6,2,3508,3576,3,1,0.63811,4.0547,UDP-Flood-DDoS,CTU-13-BOTNET
10/08/2011 14:14:45,53,17,2998.027469490806,25,2,7415,7961,1,4,0.420288,3.9347,UDP-Flood-DDoS,CTU-13-BOTNET
10/08/2011 14:14:46,6667,17,1308.282557367238,7,25,1503,2679,9,1,0.624927,2.2966,UDP-Flood-DDoS,CTU-13-BOTNET
10/08/2011 14:14:47,123,17,1706.9840551231316,19,10,12080,19525,6,3,0.940158,3.4129,UDP-Flood-DDoS,CTU-13-BOTNET
10/08/2011 14:14:48,8080,17,92.77579800521323,14,5,10757,4338,9,2,0.564116,4.246,UDP-Flood-DDoS,CTU-13-BOTNET
10/08/2011 14:14:49,53,17,2523.2453797708326,7,16,2289,12978,4,4,0.372318,5.3209,UDP-Flood-DDoS,CTU-13-BOTNET
10/08/2011 14:14:50,8080,17,7025.837158522369,10,7,2987,13616,2,1,0.198374,3.4773,UDP-Flood-DDoS,CTU-13-BOTNET
10/08/2011 14:14:51,443,17,3139.9484348432456,19,9,2493,16241,3,1,0.163832,3.6822,UDP-Flood-DDoS,CTU-13-BOTNET
10/08/2011 14:14:52,80,17,2845.095607579758,3,2,4467,9323,6,2,0.40186,2.286,UDP-Flood-DDoS,CTU-13-BOTNET
10/08/2011 14:14:53,80,17,163.59382535935072,16,22,5922,34733,4,4,0.576439,4.3869,UDP-Flood-DDoS,CTU-13-BOTNET
10/08/2011 14:14:54,8080,17,4098.107267450238,9,3,9613,10263,5,2,0.357576,5.0738,UDP-Flood-DDoS,CTU-13-BOTNET
10/08/2011 14:14:55,80,17,838.5353074035937,17,17,15148,13469,4,5,0.696691,4.6279,UDP-Flood-DDoS,CTU-13-BOTNET
10/08/2011 14:14:56,123,17,697.2549195510628,6,8,532,10859,3,1,0.512803,2.16,UDP-Flood-DDoS,CTU-13-BOTNET
10/08/2011 14:14:57,123,17,3509.809073553223,2,13,1441,7663,3,2,0.414124,2.4519,UDP-Flood-DDoS,CTU-13-BOTNET
10/08/2011 14:14:58,123,17,1098.1188564270433,26,4,1650,14790,8,2,0.273482,3.7265,UDP-Flood-DDoS,CTU-13-BOTNET
10/08/2011 14:14:59,443,17,535.5088823665787,2,12,3955,23929,6,3,0.275912,4.8092,UDP-Flood-DDoS,CTU-13-BOTNET
10/08/2011 14:15:00,8080,6,683.8590279096918,34,7,4773,17491,11,3,0.324675,1.7735,P2P-Peer-Discovery,CTU-13-BOTNET
10/08/2011 14:15:01,443,6,1849.5151081166753,16,15,8613,7704,2,2,0.063001,4.047,SMB-RPC-Pivot,CTU-13-BOTNET
10/08/2011 14:15:02,80,6,1653.9630882315023,9,8,2359,8086,0,0,0.766964,5.9591,SMB-RPC-Pivot,CTU-13-BOTNET
10/08/2011 14:15:03,6667,6,4469.309727855783,4,2,3983,5186,1,4,0.687585,4.685,SMB-RPC-Pivot,CTU-13-BOTNET
10/08/2011 14:15:04,6667,6,6723.951932050115,8,6,7240,10147,6,2,0.74505,2.2313,P2P-Peer-Discovery,CTU-13-BOTNET
10/08/2011 14:15:05,443,6,3383.5499356945083,33,27,7809,59651,3,2,0.445128,5.7236,SMB-RPC-Pivot,CTU-13-BOTNET
10/08/2011 14:15:06,6667,6,5499.192147960708,12,12,6842,12366,1,2,0.614813,5.0444,SMB-RPC-Pivot,CTU-13-BOTNET
10/08/2011 14:15:07,123,6,7716.20019224529,2,17,1379,41714,0,0,0.602709,5.5407,SMB-RPC-Pivot,CTU-13-BOTNET
10/08/2011 14:15:08,123,6,1108.5905729658489,4,22,5206,36111,0,1,0.813973,5.6255,SMB-RPC-Pivot,CTU-13-BOTNET
10/08/2011 14:15:09,123,6,3588.537275593938,6,17,4605,17174,1,3,0.591358,2.8595,SMB-RPC-Pivot,CTU-13-BOTNET
10/08/2011 14:15:10,123,6,3447.07850806892,8,9,1082,18346,0,3,0.28003,3.6736,SMB-RPC-Pivot,CTU-13-BOTNET
10/08/2011 14:15:11,53,6,2017.0143728640135,9,13,3672,64,0,4,0.577449,4.4094,SMB-RPC-Pivot,CTU-13-BOTNET
10/08/2011 14:15:12,443,6,6029.90134572094,15,7,2409,11313,1,2,0.599555,4.0455,SMB-RPC-Pivot,CTU-13-BOTNET
10/08/2011 14:15:13,53,6,5325.497635628728,8,2,7221,3776,0,3,0.634196,6.7047,SMB-RPC-Pivot,CTU-13-BOTNET
10/08/2011 14:15:14,53,6,6536.337441622118,8,4,8606,14074,0,2,0.475891,5.3612,SMB-RPC-Pivot,CTU-13-BOTNET
10/08/2011 14:15:15,443,6,9629.273053573848,15,2,7938,5636,0,1,0.372207,3.9925,SMB-RPC-Pivot,CTU-13-BOTNET
10/08/2011 14:15:16,8080,6,5922.521085424825,8,12,1626,8780,1,2,0.275035,5.6604,SMB-RPC-Pivot,CTU-13-BOTNET
10/08/2011 14:15:17,123,6,2311.8896158266366,22,3,7019,6882,4,3,0.477846,4.0189,SMB-RPC-Pivot,CTU-13-BOTNET
10/08/2011 14:15:18,8080,6,920.529612144022,3,6,4318,13097,1,2,0.179822,5.0673,SMB-RPC-Pivot,CTU-13-BOTNET
10/08/2011 14:15:19,80,6,2408.486936231552,8,18,4632,11690,0,7,0.708022,1.4963,Normal,CTU-13-BOTNET
10/08/2011 14:15:20,53,6,2179.479364371425,3,8,4744,13345,0,4,0.125052,5.4004,SMB-RPC-Pivot,CTU-13-BOTNET
10/08/2011 14:15:21,8080,6,6488.154779765771,12,5,3429,11730,2,5,0.788553,4.3559,SMB-RPC-Pivot,CTU-13-BOTNET
10/08/2011 14:15:22,80,6,323.21150022750226,12,4,5623,14655,2,2,0.103114,5.0262,SMB-RPC-Pivot,CTU-13-BOTNET
10/08/2011 14:15:23,8080,6,1788.745345325979,4,4,2733,4272,3,4,0.746994,3.4987,SMB-RPC-Pivot,CTU-13-BOTNET
10/08/2011 14:15:24,8080,6,2824.5968299358638,6,9,4108,64,2,4,0.437623,4.7393,SMB-RPC-Pivot,CTU-13-BOTNET
10/08/2011 14:15:25,6667,6,5416.1165814137175,2,2,149,13082,0,1,0.324521,3.9483,SMB-RPC-Pivot,CTU-13-BOTNET
10/08/2011 14:15:26,6667,6,5227.643922693888,2,35,2507,53558,4,1,0.771499,5.3381,SMB-RPC-Pivot,CTU-13-BOTNET
10/08/2011 14:15:27,6667,6,1050.9037333038373,8,20,1250,17189,1,3,0.298222,3.5607,SMB-RPC-Pivot,CTU-13-BOTNET
10/08/2011 14:15:28,8080,6,1792.3843145348994,17,8,10437,11799,0,1,0.29689,4.9828,SMB-RPC-Pivot,CTU-13-BOTNET
10/08/2011 14:15:29,6667,6,2368.3850099722595,15,25,7121,26038,1,3,0.201872,3.5491,SMB-RPC-Pivot,CTU-13-BOTNET
10/08/2011 14:15:30,53,6,10802.566987949796,8,4,3135,64,2,6,0.323921,4.6971,SMB-RPC-Pivot,CTU-13-BOTNET
10/08/2011 14:15:31,123,6,3818.8015053154245,22,11,15985,9003,0,1,0.42093,4.6697,SMB-RPC-Pivot,CTU-13-BOTNET
10/08/2011 14:15:32,8080,6,7098.15433126548,50,13,25153,12491,0,0,0.318359,4.9407,SMB-RPC-Pivot,CTU-13-BOTNET
10/08/2011 14:15:33,443,6,2959.9357009811592,14,2,8450,11472,0,2,1.073565,6.2606,SMB-RPC-Pivot,CTU-13-BOTNET
10/08/2011 14:15:34,6667,6,16446.552722490764,10,21,4889,23413,1,2,0.463376,4.5825,SMB-RPC-Pivot,CTU-13-BOTNET
10/08/2011 14:15:35,8080,6,4720.183025734849,19,11,7059,19325,2,2,0.4719,5.3679,SMB-RPC-Pivot,CTU-13-BOTNET
10/08/2011 14:15:36,6667,6,1306.2375987452128,3,5,4178,9365,1,4,1.001708,5.0395,SMB-RPC-Pivot,CTU-13-BOTNET
10/08/2011 14:15:37,6667,6,3369.929979357017,4,31,3779,5855,3,2,0.366468,3.7293,SMB-RPC-Pivot,CTU-13-BOTNET
10/08/2011 14:15:38,443,6,15619.282033025724,13,3,14279,9180,2,0,0.705683,2.5256,SMB-RPC-Pivot,CTU-13-BOTNET
10/08/2011 14:15:39,443,6,7099.736075941946,4,42,1441,39309,0,7,0.780525,5.9112,SMB-RPC-Pivot,CTU-13-BOTNET
10/08/2011 14:15:40,6667,6,1930.9610413239557,2,14,2471,25299,1,3,0.688527,4.7384,SMB-RPC-Pivot,CTU-13-BOTNET
10/08/2011 14:15:41,80,6,6657.893111923365,3,9,3485,17649,0,2,0.489583,5.0178,SMB-RPC-Pivot,CTU-13-BOTNET
10/08/2011 14:15:42,53,6,2187.6940538732097,31,10,8618,27765,0,11,0.68701,1.7481,Normal,CTU-13-BOTNET
10/08/2011 14:15:43,80,6,1609.4591591848002,23,11,13298,15091,2,5,0.750166,1.5689,Normal,CTU-13-BOTNET
10/08/2011 14:15:44,80,6,9624.1324039431,16,5,8808,4510,2,9,0.122001,0.4,Normal,CTU-13-BOTNET
10/08/2011 14:15:45,8080,6,1591.8549477858373,8,9,3409,7905,1,4,0.386713,5.3831,SMB-RPC-Pivot,CTU-13-BOTNET
10/08/2011 14:15:46,8080,6,405.5873949346688,19,19,3469,17017,1,5,0.687474,1.0777,Normal,CTU-13-BOTNET
10/08/2011 14:15:47,53,6,5492.832247674256,11,15,7538,20066,0,7,0.504535,0.4,Normal,CTU-13-BOTNET
10/08/2011 14:15:48,123,6,2126.7816208685126,2,8,4072,14170,1,3,0.977199,4.2436,SMB-RPC-Pivot,CTU-13-BOTNET
10/08/2011 14:15:49,123,6,2105.667098102744,2,4,3647,3283,2,1,0.51798,4.3333,SMB-RPC-Pivot,CTU-13-BOTNET
10/08/2011 14:15:50,80,6,1467.4444763488339,5,32,1737,32045,1,2,0.684095,3.9557,SMB-RPC-Pivot,CTU-13-BOTNET
10/08/2011 14:15:51,123,6,1724.4358739081295,23,4,11518,10787,0,1,0.79596,5.5073,SMB-RPC-Pivot,CTU-13-BOTNET
10/08/2011 14:15:52,80,6,654.9432729905524,8,34,6786,49815,1,2,0.458476,3.2025,SMB-RPC-Pivot,CTU-13-BOTNET
10/08/2011 14:15:53,8080,6,1959.9767638182611,7,17,4490,37623,1,2,0.655059,5.2796,SMB-RPC-Pivot,CTU-13-BOTNET
10/08/2011 14:15:54,80,6,2642.3329968440066,3,4,2172,13498,0,1,0.315906,3.823,SMB-RPC-Pivot,CTU-13-BOTNET
10/08/2011 14:15:55,80,6,2867.131981485666,7,16,1625,27251,1,2,0.218054,4.9891,SMB-RPC-Pivot,CTU-13-BOTNET
10/08/2011 14:15:56,6667,6,1016.2718957004795,6,10,4105,21710,1,3,1.059772,4.8072,SMB-RPC-Pivot,CTU-13-BOTNET
10/08/2011 14:15:57,123,6,1599.0561011849074,8,26,6650,36658,2,2,0.120996,5.7258,SMB-RPC-Pivot,CTU-13-BOTNET
10/08/2011 14:15:58,53,6,484.7622155229111,4,3,1417,9079,1,4,0.28975,4.2777,SMB-RPC-Pivot,CTU-13-BOTNET
10/08/2011 14:15:59,6667,6,5653.106401933594,13,2,11258,6075,1,4,0.653814,4.2943,SMB-RPC-Pivot,CTU-13-BOTNET
10/08/2011 14:16:00,80,6,3826.9752802245494,8,4,5225,5549,0,3,0.118699,6.1895,IRC-Botnet-C2,CTU-13-BOTNET
10/08/2011 14:16:01,6667,6,3730.5148307013337,14,36,64,27273,0,5,0.210873,5.2477,IRC-Botnet-C2,CTU-13-BOTNET
10/08/2011 14:16:02,80,6,491.35849599455344,14,13,11678,18128,2,3,0.325983,5.0744,IRC-Botnet-C2,CTU-13-BOTNET
10/08/2011 14:16:03,443,6,269.0943930773068,17,23,9265,58580,1,0,0.307492,7.1021,IRC-Botnet-C2,CTU-13-BOTNET
10/08/2011 14:16:04,443,6,948.1153498303149,2,5,3025,6572,0,2,0.331104,4.4161,IRC-Botnet-C2,CTU-13-BOTNET
10/08/2011 14:16:05,80,6,5066.19167171661,11,21,5426,26583,1,2,0.112795,5.3833,IRC-Botnet-C2,CTU-13-BOTNET
10/08/2011 14:16:06,123,6,4945.840307816104,33,9,21195,25563,1,3,0.294167,6.7524,IRC-Botnet-C2,CTU-13-BOTNET
10/08/2011 14:16:07,8080,6,1400.50464917108,12,23,8322,48084,1,1,0.561881,6.4778,IRC-Botnet-C2,CTU-13-BOTNET
10/08/2011 14:16:08,6667,6,637.8367702625734,21,9,12054,16839,0,2,0.054714,4.5422,IRC-Botnet-C2,CTU-13-BOTNET
10/08/2011 14:16:09,443,6,5269.546116283232,10,16,7829,7305,1,3,0.128444,6.3756,IRC-Botnet-C2,CTU-13-BOTNET
10/08/2011 14:16:10,123,6,1877.203039908192,3,19,5377,14913,5,3,0.868882,2.9438,P2P-Peer-Discovery,CTU-13-BOTNET
10/08/2011 14:16:11,123,6,2410.4784183985353,29,19,18522,25452,1,3,0.367474,6.6555,IRC-Botnet-C2,CTU-13-BOTNET
10/08/2011 14:16:12,443,6,4392.643284205114,5,18,1749,39968,0,1,0.272084,4.0046,IRC-Botnet-C2,CTU-13-BOTNET
10/08/2011 14:16:13,53,6,8288.648634480216,25,9,7127,8989,0,2,0.17843,6.4655,IRC-Botnet-C2,CTU-13-BOTNET
10/08/2011 14:16:14,80,6,3535.0921697225476,17,3,11184,2008,2,2,0.238245,5.5412,IRC-Botnet-C2,CTU-13-BOTNET
10/08/2011 14:16:15,123,6,5100.697791161915,7,8,3827,18187,1,6,0.342993,6.0882,IRC-Botnet-C2,CTU-13-BOTNET
10/08/2011 14:16:16,53,6,2019.5035615306174,11,9,4263,20928,1,1,0.29456,7.3796,IRC-Botnet-C2,CTU-13-BOTNET
10/08/2011 14:16:17,6667,6,2880.5945033474527,39,39,36775,47896,1,1,0.114888,6.78,IRC-Botnet-C2,CTU-13-BOTNET
10/08/2011 14:16:18,443,6,2273.271547253132,11,19,7389,27777,1,0,0.055515,5.6833,IRC-Botnet-C2,CTU-13-BOTNET
10/08/2011 14:16:19,443,6,1349.200651764357,4,8,3426,18271,0,3,0.430215,5.0119,IRC-Botnet-C2,CTU-13-BOTNET
10/08/2011 14:16:20,53,6,4117.874065238998,7,14,7952,64,0,1,0.212874,7.5523,IRC-Botnet-C2,CTU-13-BOTNET
10/08/2011 14:16:21,6667,6,9479.99298818216,28,22,6382,27676,3,2,0.257385,6.0297,IRC-Botnet-C2,CTU-13-BOTNET
10/08/2011 14:16:22,6667,6,1873.2210038755459,7,3,6985,7480,0,5,0.14211,5.9518,IRC-Botnet-C2,CTU-13-BOTNET
10/08/2011 14:16:23,8080,6,2461.5373457093924,11,2,8822,5236,0,2,0.094864,6.9971,IRC-Botnet-C2,CTU-13-BOTNET
10/08/2011 14:16:24,6667,6,463.27402069943935,28,16,25533,35822,0,9,0.493687,0.4,Normal,CTU-13-BOTNET
10/08/2011 14:16:25,80,6,323.06776029456273,13,5,4092,5986,0,7,0.52718,0.4,Normal,CTU-13-BOTNET
10/08/2011 14:16:26,53,6,7287.7030704140525,9,15,1959,25098,2,1,0.055344,5.6857,IRC-Botnet-C2,CTU-13-BOTNET
10/08/2011 14:16:27,80,6,2718.854173068687,11,19,6842,23009,1,4,0.43564,5.3712,IRC-Botnet-C2,CTU-13-BOTNET
10/08/2011 14:16:28,8080,6,627.724472152021,12,40,1123,25449,4,6,0.352954,0.7351,Normal,CTU-13-BOTNET
10/08/2011 14:16:29,6667,6,724.9493359053937,4,4,2860,11341,0,0,0.119023,6.726,IRC-Botnet-C2,CTU-13-BOTNET
10/08/2011 14:16:30,6667,6,2386.526989451078,21,2,64,5643,1,1,0.099053,5.9338,IRC-Botnet-C2,CTU-13-BOTNET
10/08/2011 14:16:31,443,6,6433.003142776564,3,4,4653,8844,6,1,0.973131,1.2734,P2P-Peer-Discovery,CTU-13-BOTNET
10/08/2011 14:16:32,123,6,4140.3534305650555,16,9,64,14048,0,2,0.240191,6.0961,IRC-Botnet-C2,CTU-13-BOTNET
10/08/2011 14:16:33,80,6,205.005904869089,7,59,6233,18078,1,3,0.419088,5.7815,IRC-Botnet-C2,CTU-13-BOTNET
10/08/2011 14:16:34,8080,6,4375.315841077226,41,4,11376,2064,1,0,0.257114,6.0421,IRC-Botnet-C2,CTU-13-BOTNET
10/08/2011 14:16:35,80,6,4062.9746837898188,8,8,4142,19789,2,1,0.140207,5.6202,IRC-Botnet-C2,CTU-13-BOTNET
10/08/2011 14:16:36,6667,6,9784.742806298864,8,39,5247,38201,3,2,0.120131,4.9037,IRC-Botnet-C2,CTU-13-BOTNET
10/08/2011 14:16:37,53,6,3271.9462201871816,4,29,4119,37386,1,0,0.2039,6.839,IRC-Botnet-C2,CTU-13-BOTNET
10/08/2011 14:16:38,53,6,2132.4775385962143,12,3,6190,601,0,2,0.281664,7.4212,IRC-Botnet-C2,CTU-13-BOTNET
10/08/2011 14:16:39,443,6,1242.815859762854,4,13,3614,19609,0,4,0.33229,3.8766,IRC-Botnet-C2,CTU-13-BOTNET
10/08/2011 14:16:40,443,6,1363.40994929883,5,60,2066,40093,1,4,0.318008,5.2066,IRC-Botnet-C2,CTU-13-BOTNET
10/08/2011 14:16:41,123,6,3064.7833026412995,3,30,644,18288,1,4,0.541389,1.564,Normal,CTU-13-BOTNET
10/08/2011 14:16:42,123,6,4071.1386055129115,22,7,19110,16351,0,4,0.535152,0.9155,Normal,CTU-13-BOTNET
10/08/2011 14:16:43,443,6,4830.540126620418,18,7,11571,19592,0,3,0.162791,5.2405,IRC-Botnet-C2,CTU-13-BOTNET
10/08/2011 14:16:44,8080,6,888.2874096557127,4,16,2100,29697,1,3,0.194681,5.3089,IRC-Botnet-C2,CTU-13-BOTNET
10/08/2011 14:16:45,53,6,500.52296295540555,14,47,5060,53024,1,4,0.490612,6.1067,IRC-Botnet-C2,CTU-13-BOTNET
10/08/2011 14:16:46,6667,6,139.49323884092323,14,4,7996,15748,0,1,0.136881,6.3442,IRC-Botnet-C2,CTU-13-BOTNET
10/08/2011 14:16:47,80,6,1164.0602715103525,5,5,1544,8673,1,2,0.321979,6.1575,IRC-Botnet-C2,CTU-13-BOTNET
10/08/2011 14:16:48,123,6,3509.491843771655,19,14,11023,20745,0,0,0.248956,4.2272,IRC-Botnet-C2,CTU-13-BOTNET
10/08/2011 14:16:49,123,6,9820.026205090837,8,88,4369,156096,1,1,0.126099,6.9329,IRC-Botnet-C2,CTU-13-BOTNET
10/08/2011 14:16:50,80,6,306.52969491336194,3,54,3819,17982,2,1,0.329214,5.0921,IRC-Botnet-C2,CTU-13-BOTNET
10/08/2011 14:16:51,123,6,122.26202402930535,20,2,64,4218,2,3,0.169979,6.8925,IRC-Botnet-C2,CTU-13-BOTNET
10/08/2011 14:16:52,8080,6,3184.7230870534536,3,25,2191,16534,1,3,0.51991,6.0244,IRC-Botnet-C2,CTU-13-BOTNET
10/08/2011 14:16:53,443,6,8823.73580893182,6,19,6967,16954,9,0,0.072263,1.7552,P2P-Peer-Discovery,CTU-13-BOTNET
10/08/2011 14:16:54,8080,6,3749.457776824838,16,14,7368,13342,1,0,0.363577,5.5911,IRC-Botnet-C2,CTU-13-BOTNET
10/08/2011 14:16:55,80,6,3228.692309866919,24,63,9815,88820,4,3,0.388065,6.0109,IRC-Botnet-C2,CTU-13-BOTNET
10/08/2011 14:16:56,8080,6,1498.545355663357,7,3,2491,9891,1,1,0.336824,5.2102,IRC-Botnet-C2,CTU-13-BOTNET
10/08/2011 14:16:57,8080,6,5228.449916746746,10,28,11712,69538,0,0,0.534013,7.4421,IRC-Botnet-C2,CTU-13-BOTNET
10/08/2011 14:16:58,80,6,1632.1300433315942,9,5,3063,64,2,1,0.291412,3.5394,IRC-Botnet-C2,CTU-13-BOTNET
10/08/2011 14:16:59,80,6,1704.0052337036832,15,3,7534,2863,1,2,0.048746,6.6012,IRC-Botnet-C2,CTU-13-BOTNET
10/08/2011 14:17:00,443,17,103.2744312542994,2,3,2113,7695,0,1,0.087874,7.6356,DNS-Tunneling,CTU-13-BOTNET
10/08/2011 14:17:01,53,17,5942.003641825053,17,21,17679,32221,1,3,0.122241,7.1368,DNS-Tunneling,CTU-13-BOTNET
10/08/2011 14:17:02,80,17,2040.1671712606112,14,6,8880,10001,1,4,0.248135,7.1574,DNS-Tunneling,CTU-13-BOTNET
10/08/2011 14:17:03,80,17,11163.89492550908,10,13,2939,11578,1,3,0.426001,6.2744,DNS-Tunneling,CTU-13-BOTNET
10/08/2011 14:17:04,8080,17,752.9266272489008,5,24,4987,29667,0,1,0.09688,6.6012,DNS-Tunneling,CTU-13-BOTNET
10/08/2011 14:17:05,53,17,3351.0738633721585,5,26,4575,11336,3,2,0.248903,7.3502,DNS-Tunneling,CTU-13-BOTNET
10/08/2011 14:17:06,443,6,2385.4280563629914,9,3,4171,12720,1,6,0.862,0.9631,Normal,CTU-13-BOTNET
10/08/2011 14:17:07,53,6,5715.250482752187,2,13,1373,17914,4,1,0.88033,2.8287,P2P-Peer-Discovery,CTU-13-BOTNET
10/08/2011 14:17:08,6667,17,420.3592039628555,3,31,1254,53755,2,2,0.143109,7.3641,DNS-Tunneling,CTU-13-BOTNET
10/08/2011 14:17:09,80,17,304.180115238936,25,10,11827,11898,1,1,0.177719,6.0692,DNS-Tunneling,CTU-13-BOTNET
10/08/2011 14:17:10,443,17,2162.5640931416615,23,14,1737,20738,1,1,0.044111,7.2905,DNS-Tunneling,CTU-13-BOTNET
10/08/2011 14:17:11,8080,17,1899.7463669559834,12,8,5232,13439,3,2,0.316604,7.4754,DNS-Tunneling,CTU-13-BOTNET
10/08/2011 14:17:12,443,17,4002.0568848232774,12,15,14401,27953,0,1,0.105505,7.98,DNS-Tunneling,CTU-13-BOTNET
10/08/2011 14:17:13,123,17,1795.1325970377877,7,45,2365,43908,2,2,0.120471,6.1283,DNS-Tunneling,CTU-13-BOTNET
10/08/2011 14:17:14,8080,17,4895.050995639513,26,10,2015,25415,1,1,0.243939,7.4159,DNS-Tunneling,CTU-13-BOTNET
10/08/2011 14:17:15,123,17,4417.67001638347,10,5,6221,10629,1,2,0.260581,7.98,DNS-Tunneling,CTU-13-BOTNET
10/08/2011 14:17:16,53,17,1500.4755141926416,10,41,2258,20440,1,1,0.038301,7.98,DNS-Tunneling,CTU-13-BOTNET
10/08/2011 14:17:17,123,17,2482.213281891975,8,5,4023,7049,2,1,0.188926,7.5552,DNS-Tunneling,CTU-13-BOTNET
10/08/2011 14:17:18,53,17,3373.648168057625,10,52,6379,54416,1,3,0.190112,7.98,DNS-Tunneling,CTU-13-BOTNET
10/08/2011 14:17:19,8080,17,952.1470918235472,6,5,2776,11645,0,0,0.161667,6.6483,DNS-Tunneling,CTU-13-BOTNET
10/08/2011 14:17:20,80,17,2071.6747224052497,5,2,8172,5549,0,3,0.11203,7.1886,DNS-Tunneling,CTU-13-BOTNET
10/08/2011 14:17:21,80,17,276.97424986844976,6,2,6592,11683,1,3,0.431498,6.8317,DNS-Tunneling,CTU-13-BOTNET
10/08/2011 14:17:22,53,6,489.1924565740476,18,4,4156,16736,0,3,0.826741,0.6166,Normal,CTU-13-BOTNET
10/08/2011 14:17:23,6667,17,429.7343242210695,2,14,1451,18846,0,1,0.253749,7.98,DNS-Tunneling,CTU-13-BOTNET
10/08/2011 14:17:24,80,17,168.05916630064138,4,31,2072,4786,1,2,0.043607,6.6928,DNS-Tunneling,CTU-13-BOTNET
10/08/2011 14:17:25,80,17,6662.705336181026,2,7,3484,13448,0,1,0.081478,7.98,DNS-Tunneling,CTU-13-BOTNET
10/08/2011 14:17:26,80,17,1894.1703822299855,4,16,680,18463,0,5,0.341389,7.0015,DNS-Tunneling,CTU-13-BOTNET
10/08/2011 14:17:27,6667,17,4479.506225075859,4,12,1485,27658,1,4,0.237188,6.8681,DNS-Tunneling,CTU-13-BOTNET
10/08/2011 14:17:28,123,17,5097.87634098707,5,5,2805,6816,0,5,0.264311,6.4681,DNS-Tunneling,CTU-13-BOTNET
10/08/2011 14:17:29,6667,6,1559.774910749747,10,11,3786,24436,7,1,0.420505,2.9491,P2P-Peer-Discovery,CTU-13-BOTNET
10/08/2011 14:17:30,53,17,4199.46655250515,15,2,4559,9854,2,2,0.321711,7.0313,DNS-Tunneling,CTU-13-BOTNET
10/08/2011 14:17:31,6667,17,269.33132024138473,9,2,2959,8260,0,2,0.40365,6.7078,DNS-Tunneling,CTU-13-BOTNET
10/08/2011 14:17:32,123,17,7791.799725473917,3,5,3872,17410,2,1,0.095381,6.4933,DNS-Tunneling,CTU-13-BOTNET
10/08/2011 14:17:33,53,17,4689.274713683755,6,22,5549,18068,2,2,0.341565,7.3286,DNS-Tunneling,CTU-13-BOTNET
10/08/2011 14:17:34,443,17,1023.5998131649026,11,9,2511,16797,1,5,0.229643,6.4346,DNS-Tunneling,CTU-13-BOTNET
10/08/2011 14:17:35,8080,17,712.6001164924247,4,41,3344,64,1,3,0.034506,7.0819,DNS-Tunneling,CTU-13-BOTNET
10/08/2011 14:17:36,8080,17,259.8347628045811,12,13,3276,16647,0,1,0.094439,6.4733,DNS-Tunneling,CTU-13-BOTNET
10/08/2011 14:17:37,8080,17,3372.115527994861,12,11,5513,16507,0,2,0.108989,7.5314,DNS-Tunneling,CTU-13-BOTNET
10/08/2011 14:17:38,123,17,7440.511587386915,6,24,3753,22410,1,3,0.084665,7.5719,DNS-Tunneling,CTU-13-BOTNET
10/08/2011 14:17:39,80,17,585.2324179514503,4,26,2297,21374,2,1,0.011838,7.38,DNS-Tunneling,CTU-13-BOTNET
10/08/2011 14:17:40,8080,17,636.2896243481422,6,37,3237,10170,1,0,0.146923,6.7945,DNS-Tunneling,CTU-13-BOTNET
10/08/2011 14:17:41,443,17,3524.5960564041156,52,8,13941,15000,0,3,0.122808,7.8702,DNS-Tunneling,CTU-13-BOTNET
10/08/2011 14:17:42,6667,17,2442.7629818635774,5,19,5404,26191,0,2,0.12308,5.3694,DNS-Tunneling,CTU-13-BOTNET
10/08/2011 14:17:43,6667,6,2273.652320738847,27,9,18035,19002,4,2,0.713733,1.6468,P2P-Peer-Discovery,CTU-13-BOTNET
10/08/2011 14:17:44,53,17,6358.7277201578345,9,3,2870,13805,3,4,0.268117,7.6641,DNS-Tunneling,CTU-13-BOTNET
10/08/2011 14:17:45,8080,17,4038.0090594815215,12,2,5292,4093,0,2,0.162474,7.2419,DNS-Tunneling,CTU-13-BOTNET
10/08/2011 14:17:46,123,6,191.70733662202522,38,3,26286,5751,5,5,0.743466,3.611,P2P-Peer-Discovery,CTU-13-BOTNET
10/08/2011 14:17:47,443,17,2683.839565507681,62,22,12335,16958,0,1,0.341295,5.8112,DNS-Tunneling,CTU-13-BOTNET
10/08/2011 14:17:48,123,17,112.41958430503936,42,11,64,17044,2,2,0.185069,6.9282,DNS-Tunneling,CTU-13-BOTNET
10/08/2011 14:17:49,123,17,854.6058975205923,14,28,9730,63305,2,2,0.187604,6.507,DNS-Tunneling,CTU-13-BOTNET
10/08/2011 14:17:50,6667,17,1333.9857111391957,8,4,4382,12949,2,3,0.279808,7.98,DNS-Tunneling,CTU-13-BOTNET
10/08/2011 14:17:51,6667,17,325.907707358523,15,9,11408,4784,2,1,0.000847,7.0312,DNS-Tunneling,CTU-13-BOTNET
10/08/2011 14:17:52,6667,17,5341.826589636627,5,9,3882,64,1,4,0.249217,7.2673,DNS-Tunneling,CTU-13-BOTNET
10/08/2011 14:17:53,8080,17,6759.14707072999,7,13,3154,17865,0,2,0.240057,7.2823,DNS-Tunneling,CTU-13-BOTNET
10/08/2011 14:17:54,6667,17,3532.369610830058,9,3,5773,6275,1,4,0.249271,6.3377,DNS-Tunneling,CTU-13-BOTNET
10/08/2011 14:17:55,80,17,5266.086510019887,17,13,13426,30751,0,3,0.06598,6.9078,DNS-Tunneling,CTU-13-BOTNET
10/08/2011 14:17:56,6667,17,854.3016111129668,2,3,2608,10958,0,3,0.478523,7.6108,DNS-Tunneling,CTU-13-BOTNET
10/08/2011 14:17:57,123,17,2668.4576553570464,11,7,5615,14317,1,0,0.075915,7.98,DNS-Tunneling,CTU-13-BOTNET
10/08/2011 14:17:58,53,17,2814.8994968816796,15,45,7602,64533,1,3,0.467693,5.5751,DNS-Tunneling,CTU-13-BOTNET
10/08/2011 14:17:59,8080,17,732.5041972202897,10,5,7100,6045,1,1,0.180856,7.98,DNS-Tunneling,CTU-13-BOTNET
10/08/2011 14:18:00,443,6,3183.242909006002,23,47,7728,74143,1,10,0.490617,2.225,Normal,CTU-13-BOTNET
10/08/2011 14:18:01,123,6,1600.5662513471996,2,13,3920,21167,0,6,0.397227,1.212,Normal,CTU-13-BOTNET
10/08/2011 14:18:02,443,6,3172.5882094206727,5,5,1839,13364,0,5,0.687337,2.8516,Normal,CTU-13-BOTNET
10/08/2011 14:18:03,80,6,2340.806280283744,8,4,2955,14650,1,7,0.671097,1.6457,Normal,CTU-13-BOTNET
10/08/2011 14:18:04,53,6,474.7935966077125,26,4,16027,4479,1,5,0.691847,2.9855,Normal,CTU-13-BOTNET
10/08/2011 14:18:05,80,6,1288.0723924227466,12,12,7183,6675,2,2,0.995264,1.8165,Normal,CTU-13-BOTNET
10/08/2011 14:18:06,8080,6,1028.7207445300446,2,18,5772,28287,0,9,0.668604,1.5885,Normal,CTU-13-BOTNET
10/08/2011 14:18:07,443,6,756.217358232161,2,25,2529,29624,1,7,1.177284,0.6096,Normal,CTU-13-BOTNET
10/08/2011 14:18:08,53,6,773.5685864143495,12,9,8949,17048,8,1,0.385142,4.1722,P2P-Peer-Discovery,CTU-13-BOTNET
10/08/2011 14:18:09,80,6,3652.3603365768536,6,16,3402,13700,2,7,0.107912,2.0639,Normal,CTU-13-BOTNET
10/08/2011 14:18:10,53,6,3760.2658853375806,7,5,3437,7298,2,7,0.935298,0.4,Normal,CTU-13-BOTNET
10/08/2011 14:18:11,443,6,2561.1449459364494,18,17,4703,25031,1,5,0.468157,1.3762,Normal,CTU-13-BOTNET
10/08/2011 14:18:12,443,6,10300.627368322494,2,9,678,26833,0,5,0.744675,1.2351,Normal,CTU-13-BOTNET
10/08/2011 14:18:13,443,6,14241.95787855114,3,12,4300,12613,0,4,0.55347,2.8095,Normal,CTU-13-BOTNET
10/08/2011 14:18:14,123,6,1643.5215420476209,7,12,6797,21721,0,6,0.231048,0.4,Normal,CTU-13-BOTNET
10/08/2011 14:18:15,80,6,479.5069338444989,17,47,12337,88748,0,13,0.51547,3.0849,Normal,CTU-13-BOTNET
10/08/2011 14:18:16,8080,6,80.08130042419594,9,15,6985,5437,1,1,0.520473,2.3299,Normal,CTU-13-BOTNET
10/08/2011 14:18:17,123,6,3160.3042189985913,13,2,9340,4308,1,4,0.387293,2.5267,Normal,CTU-13-BOTNET
10/08/2011 14:18:18,6667,6,1156.2323100068595,5,25,3384,11652,1,2,0.979666,1.7189,Normal,CTU-13-BOTNET
10/08/2011 14:18:19,123,6,6937.107668651093,3,6,3522,4553,3,7,0.374532,0.7137,Normal,CTU-13-BOTNET
10/08/2011 14:18:20,6667,6,466.7079189852442,4,13,1739,21542,1,5,0.410172,2.3683,Normal,CTU-13-BOTNET
10/08/2011 14:18:21,123,6,1224.3882122630887,11,7,4540,14572,0,6,0.255874,0.4,Normal,CTU-13-BOTNET
10/08/2011 14:18:22,80,6,4541.526272681274,11,7,6344,2699,1,7,0.929197,1.8446,Normal,CTU-13-BOTNET
10/08/2011 14:18:23,80,6,1737.1122887162414,13,12,6424,15271,0,6,0.492425,0.4,Normal,CTU-13-BOTNET
10/08/2011 14:18:24,443,6,463.97850297283696,18,15,8502,32782,3,7,0.651348,1.3922,Normal,CTU-13-BOTNET
10/08/2011 14:18:25,6667,6,494.398595146779,8,6,5838,10114,2,2,0.267677,1.9264,Normal,CTU-13-BOTNET
10/08/2011 14:18:26,8080,6,1506.3823181574573,24,9,15494,22755,3,8,0.811601,0.867,Normal,CTU-13-BOTNET
10/08/2011 14:18:27,53,6,612.6326644935566,5,2,426,10565,3,9,0.535533,0.4,Normal,CTU-13-BOTNET
10/08/2011 14:18:28,123,6,2713.15175888303,7,6,3640,12549,0,12,0.642639,1.013,Normal,CTU-13-BOTNET
10/08/2011 14:18:29,53,6,349.35902064189054,2,4,1973,13621,0,7,0.584898,1.0539,Normal,CTU-13-BOTNET
10/08/2011 14:18:30,80,6,1594.5857509062948,17,8,8206,10996,1,5,0.719504,0.6659,Normal,CTU-13-BOTNET
10/08/2011 14:18:31,8080,6,203.33955264760044,13,58,9614,111552,4,3,0.284849,2.8049,Normal,CTU-13-BOTNET
10/08/2011 14:18:32,53,6,3526.7473537988913,3,49,2935,86948,0,3,0.474235,1.7945,Normal,CTU-13-BOTNET
10/08/2011 14:18:33,80,6,3599.2792532517383,8,9,5703,20873,2,6,0.632952,0.6013,Normal,CTU-13-BOTNET
10/08/2011 14:18:34,6667,6,6382.4729696506565,2,48,1964,21198,4,4,0.465988,0.8706,P2P-Peer-Discovery,CTU-13-BOTNET
10/08/2011 14:18:35,443,6,13318.256697911085,17,2,10062,5204,0,7,0.547485,2.3491,Normal,CTU-13-BOTNET
10/08/2011 14:18:36,80,6,5419.94298612983,4,32,2912,80730,1,3,0.510294,0.4,Normal,CTU-13-BOTNET
10/08/2011 14:18:37,123,6,1097.0443246236423,15,2,2834,10749,0,9,0.443729,2.8964,Normal,CTU-13-BOTNET
10/08/2011 14:18:38,6667,6,3768.956278155466,4,11,4476,25208,0,5,0.183169,0.7575,Normal,CTU-13-BOTNET
10/08/2011 14:18:39,123,6,3837.7775486428545,5,3,2168,8579,4,7,0.696306,0.4,Normal,CTU-13-BOTNET
10/08/2011 14:18:40,6667,6,614.239134894694,3,50,4511,30934,1,3,0.55873,1.4247,Normal,CTU-13-BOTNET
10/08/2011 14:18:41,123,6,864.0302639375701,2,47,3380,70889,0,7,0.633222,0.6527,Normal,CTU-13-BOTNET
10/08/2011 14:18:42,8080,6,704.8560722842849,12,19,13916,32551,0,4,0.366797,0.8609,Normal,CTU-13-BOTNET
10/08/2011 14:18:43,80,6,6748.975047029159,4,10,3986,4239,0,5,0.055541,2.1,Normal,CTU-13-BOTNET
10/08/2011 14:18:44,53,6,4398.685581330532,19,62,5860,18675,0,9,0.237345,3.9631,Normal,CTU-13-BOTNET
10/08/2011 14:18:45,123,6,3110.143933610392,13,35,9226,39324,0,10,0.504196,0.4,Normal,CTU-13-BOTNET
10/08/2011 14:18:46,80,6,5434.043922154362,25,4,21207,10848,1,2,0.452338,1.4773,Normal,CTU-13-BOTNET
10/08/2011 14:18:47,8080,6,797.7381788812115,3,4,1178,1787,1,3,0.389596,1.9862,Normal,CTU-13-BOTNET
10/08/2011 14:18:48,53,6,2356.454384423565,4,3,4259,12022,3,4,0.509671,0.4,Normal,CTU-13-BOTNET
10/08/2011 14:18:49,123,6,86.23672136117804,4,19,4958,38674,0,6,0.312792,1.7265,Normal,CTU-13-BOTNET
10/08/2011 14:18:50,80,6,6943.406458463226,23,23,8479,22038,0,6,0.309854,0.8966,Normal,CTU-13-BOTNET
10/08/2011 14:18:51,80,6,938.7010930479752,11,6,6451,6693,0,3,0.656683,0.6762,Normal,CTU-13-BOTNET
10/08/2011 14:18:52,443,6,1307.7354355282032,36,20,16286,5280,3,2,0.235368,1.5984,P2P-Peer-Discovery,CTU-13-BOTNET
10/08/2011 14:18:53,53,6,3271.7968353781334,27,30,27559,22902,1,6,0.658172,1.8637,Normal,CTU-13-BOTNET
10/08/2011 14:18:54,80,6,4918.006987884549,5,6,1288,3335,1,7,0.295294,0.8161,Normal,CTU-13-BOTNET
10/08/2011 14:18:55,53,6,2424.383621957374,5,15,3649,16953,2,5,0.480812,1.1942,Normal,CTU-13-BOTNET
10/08/2011 14:18:56,80,6,9909.746884583856,3,3,1558,10968,4,1,0.482803,2.2002,P2P-Peer-Discovery,CTU-13-BOTNET
10/08/2011 14:18:57,53,6,947.2455555793936,12,2,4264,9870,2,9,0.294732,0.4,Normal,CTU-13-BOTNET
10/08/2011 14:18:58,8080,6,6190.826025961894,8,4,1491,14157,0,3,0.139398,0.7937,Normal,CTU-13-BOTNET
10/08/2011 14:18:59,53,6,2022.1772553478852,11,8,4996,15790,1,10,0.51715,0.6304,Normal,CTU-13-BOTNET
10/08/2011 14:19:00,53,6,603.9890654414216,6,28,3082,5606,5,3,0.35511,2.5581,P2P-Peer-Discovery,CTU-13-BOTNET
10/08/2011 14:19:01,8080,6,565.8165887056944,13,26,8987,35056,2,0,0.404922,2.4014,P2P-Peer-Discovery,CTU-13-BOTNET
10/08/2011 14:19:02,8080,6,1681.8996051289012,6,12,932,13815,8,4,0.169654,1.3087,P2P-Peer-Discovery,CTU-13-BOTNET
10/08/2011 14:19:03,6667,6,3975.8647471723216,7,6,416,15797,8,2,0.123202,1.3682,P2P-Peer-Discovery,CTU-13-BOTNET
10/08/2011 14:19:04,53,6,6234.2564285729095,5,32,4740,52012,4,1,0.900523,3.0445,P2P-Peer-Discovery,CTU-13-BOTNET
10/08/2011 14:19:05,8080,6,806.1679261656097,11,11,3105,6366,3,2,0.70346,3.4732,P2P-Peer-Discovery,CTU-13-BOTNET
10/08/2011 14:19:06,53,6,216.4251541859212,13,19,64,64,8,1,0.830469,2.2915,P2P-Peer-Discovery,CTU-13-BOTNET
10/08/2011 14:19:07,8080,6,1717.5292801959977,24,7,5822,13495,7,1,0.079927,1.407,P2P-Peer-Discovery,CTU-13-BOTNET
10/08/2011 14:19:08,123,6,5056.997886835084,2,36,1247,64,9,2,0.747229,2.0671,P2P-Peer-Discovery,CTU-13-BOTNET
10/08/2011 14:19:09,123,6,4334.052254258666,4,5,544,12530,4,1,0.142404,2.188,P2P-Peer-Discovery,CTU-13-BOTNET
10/08/2011 14:19:10,443,6,2222.252143431133,7,29,3163,18221,2,0,0.372966,2.717,P2P-Peer-Discovery,CTU-13-BOTNET
10/08/2011 14:19:11,6667,6,1718.7131058642929,7,32,6135,59384,0,7,0.785169,0.4,Normal,CTU-13-BOTNET
10/08/2011 14:19:12,80,6,2067.200300822615,21,31,19054,36724,6,0,0.635746,1.983,P2P-Peer-Discovery,CTU-13-BOTNET
10/08/2011 14:19:13,53,6,2838.495219775621,11,37,6632,33428,3,3,0.597101,2.9568,P2P-Peer-Discovery,CTU-13-BOTNET
10/08/2011 14:19:14,443,6,524.8420309551343,2,9,3489,10309,3,2,0.943178,2.7002,P2P-Peer-Discovery,CTU-13-BOTNET
10/08/2011 14:19:15,8080,6,2236.2449989778925,11,17,7451,24972,3,0,0.400523,1.4833,P2P-Peer-Discovery,CTU-13-BOTNET
10/08/2011 14:19:16,123,6,6447.422630969309,14,4,6609,10297,5,3,0.19354,3.9773,P2P-Peer-Discovery,CTU-13-BOTNET
10/08/2011 14:19:17,6667,6,691.5304141225982,6,2,7078,7105,3,2,0.935445,2.791,P2P-Peer-Discovery,CTU-13-BOTNET
10/08/2011 14:19:18,6667,6,2559.710485157827,2,4,3416,7830,8,4,0.449488,0.757,P2P-Peer-Discovery,CTU-13-BOTNET
10/08/2011 14:19:19,53,6,5688.491381005966,9,12,3730,12765,6,2,0.314836,1.3098,P2P-Peer-Discovery,CTU-13-BOTNET
10/08/2011 14:19:20,8080,6,2916.7760945776663,8,3,1876,9365,3,1,0.038552,2.8955,P2P-Peer-Discovery,CTU-13-BOTNET
10/08/2011 14:19:21,6667,6,5704.822170337349,2,10,1412,12166,4,2,0.512059,2.1188,P2P-Peer-Discovery,CTU-13-BOTNET
10/08/2011 14:19:22,8080,6,2643.295401273033,7,4,7078,9803,4,3,0.166534,1.3706,P2P-Peer-Discovery,CTU-13-BOTNET
10/08/2011 14:19:23,443,6,1987.4334477397774,37,23,17330,55331,4,1,0.311739,3.4016,P2P-Peer-Discovery,CTU-13-BOTNET
10/08/2011 14:19:24,80,6,3438.453722771068,5,17,5234,25026,2,3,0.726179,0.842,Normal,CTU-13-BOTNET
10/08/2011 14:19:25,8080,6,2423.00740499618,2,6,3445,13218,7,0,0.479325,2.125,P2P-Peer-Discovery,CTU-13-BOTNET
10/08/2011 14:19:26,6667,6,9769.138316312052,27,10,10154,16857,4,1,0.232261,1.4762,P2P-Peer-Discovery,CTU-13-BOTNET
10/08/2011 14:19:27,53,6,10953.395067060186,10,2,7344,3866,3,0,0.280404,2.0556,P2P-Peer-Discovery,CTU-13-BOTNET
10/08/2011 14:19:28,80,6,341.0401543190382,5,35,3278,72290,2,1,0.244554,2.6033,P2P-Peer-Discovery,CTU-13-BOTNET
10/08/2011 14:19:29,123,6,753.7714615939377,3,13,2242,27076,2,3,0.574944,2.9428,P2P-Peer-Discovery,CTU-13-BOTNET
10/08/2011 14:19:30,8080,6,2810.079596236452,21,8,12980,19155,9,0,0.541109,2.9239,P2P-Peer-Discovery,CTU-13-BOTNET
10/08/2011 14:19:31,443,6,5184.621194879123,7,3,2040,5085,4,1,0.929307,2.6182,P2P-Peer-Discovery,CTU-13-BOTNET
10/08/2011 14:19:32,80,6,1458.0885270723795,6,3,1347,12379,5,0,0.344604,2.6447,P2P-Peer-Discovery,CTU-13-BOTNET
10/08/2011 14:19:33,123,6,8512.730662960841,8,15,4872,22938,1,1,0.419051,1.3833,P2P-Peer-Discovery,CTU-13-BOTNET
10/08/2011 14:19:34,53,6,1975.3927112524839,6,10,5822,19998,2,2,0.40756,1.6432,P2P-Peer-Discovery,CTU-13-BOTNET
10/08/2011 14:19:35,443,6,780.9169433619851,12,15,64,2646,7,0,0.932484,0.8915,P2P-Peer-Discovery,CTU-13-BOTNET
10/08/2011 14:19:36,8080,6,2161.739171902223,13,5,5374,10263,5,2,0.060097,2.9099,P2P-Peer-Discovery,CTU-13-BOTNET
10/08/2011 14:19:37,80,6,1196.564250793382,3,9,1676,3610,3,2,0.405956,1.3927,P2P-Peer-Discovery,CTU-13-BOTNET
10/08/2011 14:19:38,8080,6,470.8610250595039,29,9,3749,18089,1,6,0.642536,2.333,P2P-Peer-Discovery,CTU-13-BOTNET
10/08/2011 14:19:39,80,6,842.430501682929,14,27,7201,36760,3,2,0.793448,3.72,P2P-Peer-Discovery,CTU-13-BOTNET
10/08/2011 14:19:40,443,6,7809.758894581595,25,19,3440,36153,4,1,0.537805,3.051,P2P-Peer-Discovery,CTU-13-BOTNET
10/08/2011 14:19:41,8080,6,5362.4507769045895,4,18,4750,14394,5,6,0.424299,0.9686,P2P-Peer-Discovery,CTU-13-BOTNET
10/08/2011 14:19:42,8080,6,4085.078839915223,5,11,1549,17511,6,2,0.490613,2.6313,P2P-Peer-Discovery,CTU-13-BOTNET
10/08/2011 14:19:43,123,6,13736.155367493471,21,5,3248,9060,0,10,0.447242,0.8746,Normal,CTU-13-BOTNET
10/08/2011 14:19:44,53,6,214.23235450000564,8,24,5698,33041,10,4,0.508663,2.1908,P2P-Peer-Discovery,CTU-13-BOTNET
10/08/2011 14:19:45,80,6,2363.2326380938325,3,4,1053,13576,7,3,0.680895,1.9883,P2P-Peer-Discovery,CTU-13-BOTNET
10/08/2011 14:19:46,53,6,4259.101661811093,13,26,13329,30537,2,2,0.459141,3.0618,P2P-Peer-Discovery,CTU-13-BOTNET
10/08/2011 14:19:47,443,6,1549.9836345207634,11,13,9714,5115,6,4,0.975415,2.6693,P2P-Peer-Discovery,CTU-13-BOTNET
10/08/2011 14:19:48,53,6,1256.6532175706498,6,5,5295,8963,5,2,0.373309,3.55,P2P-Peer-Discovery,CTU-13-BOTNET
10/08/2011 14:19:49,6667,6,414.90628028147154,11,2,8105,10673,6,6,1.016292,3.1129,P2P-Peer-Discovery,CTU-13-BOTNET
10/08/2011 14:19:50,8080,6,4609.715939399,25,18,27087,33051,5,1,0.402001,3.059,P2P-Peer-Discovery,CTU-13-BOTNET
10/08/2011 14:19:51,8080,6,2704.8099693700287,2,4,1787,8793,5,2,0.471127,0.7914,P2P-Peer-Discovery,CTU-13-BOTNET
10/08/2011 14:19:52,443,6,4541.151917589193,7,46,2781,56084,7,2,0.333838,3.4459,P2P-Peer-Discovery,CTU-13-BOTNET
10/08/2011 14:19:53,6667,6,3287.8356368199497,5,4,2918,10437,2,1,0.707491,1.7965,P2P-Peer-Discovery,CTU-13-BOTNET
10/08/2011 14:19:54,53,6,1405.6712422566136,15,4,5769,7832,0,7,0.986806,0.9142,Normal,CTU-13-BOTNET
10/08/2011 14:19:55,123,6,4325.980762863012,2,2,2703,6959,3,2,0.189349,2.0285,P2P-Peer-Discovery,CTU-13-BOTNET
10/08/2011 14:19:56,123,6,1163.946296210553,2,3,2741,12201,4,1,0.253574,2.8065,P2P-Peer-Discovery,CTU-13-BOTNET
10/08/2011 14:19:57,53,6,7206.286420172673,18,25,6396,29410,3,3,0.680435,2.106,P2P-Peer-Discovery,CTU-13-BOTNET
10/08/2011 14:19:58,443,6,2291.047743642101,10,3,2511,11026,6,2,0.114991,2.6367,P2P-Peer-Discovery,CTU-13-BOTNET
10/08/2011 14:19:59,8080,6,427.6594368639411,40,7,25640,16018,6,1,0.988624,3.7163,P2P-Peer-Discovery,CTU-13-BOTNET
10/08/2011 14:20:00,6667,17,2265.886582160495,5,12,3056,16893,5,2,0.161454,4.4208,UDP-Flood-DDoS,CTU-13-BOTNET
10/08/2011 14:20:01,80,17,4066.0223997557205,5,7,655,16033,5,2,0.0427,2.6684,UDP-Flood-DDoS,CTU-13-BOTNET
10/08/2011 14:20:02,6667,17,176.02725801088746,14,41,6756,10260,4,0,0.597336,3.7319,UDP-Flood-DDoS,CTU-13-BOTNET
10/08/2011 14:20:03,80,17,117.04841383814991,15,14,12741,26886,4,1,0.500393,3.0041,UDP-Flood-DDoS,CTU-13-BOTNET
10/08/2011 14:20:04,6667,17,597.6849692620398,5,26,886,42743,3,1,0.184754,3.2146,UDP-Flood-DDoS,CTU-13-BOTNET
10/08/2011 14:20:05,123,17,698.7573271005364,25,28,10834,39924,6,0,0.928162,2.8893,UDP-Flood-DDoS,CTU-13-BOTNET
10/08/2011 14:20:06,8080,6,3199.3979735311555,18,22,9430,18591,6,2,0.71919,4.4041,P2P-Peer-Discovery,CTU-13-BOTNET
10/08/2011 14:20:07,80,17,4301.874615415029,8,7,7352,11397,6,3,0.727007,2.4637,UDP-Flood-DDoS,CTU-13-BOTNET
10/08/2011 14:20:08,123,17,3638.3065029130876,21,12,15081,19824,6,5,0.452727,3.3796,UDP-Flood-DDoS,CTU-13-BOTNET
10/08/2011 14:20:09,123,17,5915.931035001102,13,8,4691,24992,3,1,0.394307,2.3556,UDP-Flood-DDoS,CTU-13-BOTNET
10/08/2011 14:20:10,8080,17,1142.9112379226506,6,9,4843,14409,7,0,0.630533,3.5113,UDP-Flood-DDoS,CTU-13-BOTNET
10/08/2011 14:20:11,6667,17,3093.0364012484506,2,12,1084,21436,4,1,0.45471,3.0895,UDP-Flood-DDoS,CTU-13-BOTNET
10/08/2011 14:20:12,123,17,2227.7438304068733,3,53,2315,75243,6,1,0.367622,4.0415,UDP-Flood-DDoS,CTU-13-BOTNET
10/08/2011 14:20:13,123,17,3095.535865370563,11,18,3575,9139,3,0,0.043961,3.8265,UDP-Flood-DDoS,CTU-13-BOTNET
10/08/2011 14:20:14,6667,17,8292.838038750653,6,9,4739,20097,4,1,0.824531,2.6898,UDP-Flood-DDoS,CTU-13-BOTNET
10/08/2011 14:20:15,8080,17,5878.831950747635,10,23,8029,5707,1,2,0.416077,2.1156,UDP-Flood-DDoS,CTU-13-BOTNET
10/08/2011 14:20:16,6667,17,504.2405314714408,4,5,1403,10741,6,3,0.638132,2.4256,UDP-Flood-DDoS,CTU-13-BOTNET
10/08/2011 14:20:17,123,17,7509.382323061081,11,13,6843,13226,4,0,0.492575,3.3637,UDP-Flood-DDoS,CTU-13-BOTNET
10/08/2011 14:20:18,8080,17,635.8166688072736,10,8,8638,3668,5,1,0.571112,4.2394,UDP-Flood-DDoS,CTU-13-BOTNET
10/08/2011 14:20:19,6667,17,410.15998010659274,16,11,12165,19084,2,1,0.838083,3.7978,UDP-Flood-DDoS,CTU-13-BOTNET
10/08/2011 14:20:20,80,17,3546.7638164614395,31,11,8048,14762,7,1,0.583782,3.5574,UDP-Flood-DDoS,CTU-13-BOTNET
10/08/2011 14:20:21,80,17,4326.654007782846,13,2,3621,1362,2,1,0.950277,3.6829,UDP-Flood-DDoS,CTU-13-BOTNET
10/08/2011 14:20:22,8080,17,7286.843860295594,13,13,14463,8655,6,3,0.659113,3.6885,UDP-Flood-DDoS,CTU-13-BOTNET
10/08/2011 14:20:23,53,17,2881.071038836167,11,4,3592,11353,4,2,0.393178,1.528,UDP-Flood-DDoS,CTU-13-BOTNET
10/08/2011 14:20:24,80,6,2283.755281625815,4,27,3679,56500,3,1,0.529866,2.6555,P2P-Peer-Discovery,CTU-13-BOTNET
10/08/2011 14:20:25,53,17,675.2708871303839,6,8,1816,21987,6,0,0.292507,4.8141,UDP-Flood-DDoS,CTU-13-BOTNET
10/08/2011 14:20:26,123,17,124.11320724009195,2,15,1212,17510,3,0,0.265855,3.9701,UDP-Flood-DDoS,CTU-13-BOTNET
10/08/2011 14:20:27,443,6,10554.465826269541,29,28,4566,78415,0,6,0.960816,2.2781,Normal,CTU-13-BOTNET
10/08/2011 14:20:28,53,17,4494.224230598791,11,21,1199,11692,12,2,0.802483,2.9735,UDP-Flood-DDoS,CTU-13-BOTNET
10/08/2011 14:20:29,123,17,2379.7884173704774,4,12,4722,4119,2,4,1.084068,4.7194,UDP-Flood-DDoS,CTU-13-BOTNET
10/08/2011 14:20:30,80,17,823.2022096745694,8,28,5336,29987,5,4,0.512736,6.5035,UDP-Flood-DDoS,CTU-13-BOTNET
10/08/2011 14:20:31,53,17,5683.325826723809,7,3,4373,12280,5,3,0.817939,2.0894,UDP-Flood-DDoS,CTU-13-BOTNET
10/08/2011 14:20:32,443,17,102.84924441056295,11,18,2083,17539,8,3,0.845504,3.6652,UDP-Flood-DDoS,CTU-13-BOTNET
10/08/2011 14:20:33,123,17,992.3078119844239,4,82,2592,87792,8,5,0.901288,2.0722,UDP-Flood-DDoS,CTU-13-BOTNET
10/08/2011 14:20:34,443,17,5009.339523653697,6,2,979,3889,6,2,0.314914,3.2382,UDP-Flood-DDoS,CTU-13-BOTNET
10/08/2011 14:20:35,53,17,8038.98290321298,14,17,2108,7452,6,2,0.667585,4.7103,UDP-Flood-DDoS,CTU-13-BOTNET
10/08/2011 14:20:36,6667,17,1093.3715346082822,10,9,5386,11972,6,2,0.485995,2.2707,UDP-Flood-DDoS,CTU-13-BOTNET
10/08/2011 14:20:37,53,17,610.9480825998245,31,33,20382,34128,5,2,0.350901,3.4698,UDP-Flood-DDoS,CTU-13-BOTNET
10/08/2011 14:20:38,6667,17,1374.1437377804225,2,13,3152,8764,10,3,0.685698,4.3646,UDP-Flood-DDoS,CTU-13-BOTNET
10/08/2011 14:20:39,443,17,226.94233892638587,34,76,16662,137926,5,5,0.700887,2.9373,UDP-Flood-DDoS,CTU-13-BOTNET
10/08/2011 14:20:40,123,17,5155.860841051463,12,2,9736,11246,7,0,0.420486,4.1233,UDP-Flood-DDoS,CTU-13-BOTNET
10/08/2011 14:20:41,123,6,2383.8180415543543,16,80,5173,64,0,6,0.514179,0.4013,Normal,CTU-13-BOTNET
10/08/2011 14:20:42,123,17,2433.7567327587117,15,11,11466,18759,7,1,0.620955,3.9568,UDP-Flood-DDoS,CTU-13-BOTNET
10/08/2011 14:20:43,80,17,2898.1162919424255,2,19,2931,21813,3,3,0.48517,3.9126,UDP-Flood-DDoS,CTU-13-BOTNET
10/08/2011 14:20:44,8080,6,2535.1791996375155,4,2,3370,8050,0,7,0.985276,0.9631,Normal,CTU-13-BOTNET
10/08/2011 14:20:45,123,6,5217.041472575568,21,2,7156,9915,7,2,0.889642,3.8928,P2P-Peer-Discovery,CTU-13-BOTNET
10/08/2011 14:20:46,6667,17,5154.33265210247,5,6,6136,8293,5,4,0.370454,2.9996,UDP-Flood-DDoS,CTU-13-BOTNET
10/08/2011 14:20:47,8080,17,1196.5155952575865,32,56,10454,55965,5,2,0.252543,4.2271,UDP-Flood-DDoS,CTU-13-BOTNET
10/08/2011 14:20:48,80,17,5051.472619313718,18,3,9270,4338,3,4,0.151297,3.5472,UDP-Flood-DDoS,CTU-13-BOTNET
10/08/2011 14:20:49,53,17,735.2024357719989,11,9,8357,8871,6,2,0.502786,2.674,UDP-Flood-DDoS,CTU-13-BOTNET
10/08/2011 14:20:50,53,17,560.4243883575655,19,47,14471,68398,6,0,0.497889,1.8744,UDP-Flood-DDoS,CTU-13-BOTNET
10/08/2011 14:20:51,80,17,2209.8533895204077,14,23,64,10107,4,1,0.562426,3.8353,UDP-Flood-DDoS,CTU-13-BOTNET
10/08/2011 14:20:52,8080,17,1681.3936142289062,27,8,7021,3927,7,1,0.71331,3.4425,UDP-Flood-DDoS,CTU-13-BOTNET
10/08/2011 14:20:53,443,17,212.4130548972237,10,24,10875,13194,9,1,0.47645,4.6271,UDP-Flood-DDoS,CTU-13-BOTNET
10/08/2011 14:20:54,443,17,3672.7833446883274,11,5,10404,11734,5,2,0.1197,3.4825,UDP-Flood-DDoS,CTU-13-BOTNET
10/08/2011 14:20:55,8080,17,1334.4099563144357,4,41,3778,41881,5,1,0.494881,3.0726,UDP-Flood-DDoS,CTU-13-BOTNET
10/08/2011 14:20:56,53,17,2015.0892779440887,26,11,13014,18379,5,1,0.371619,3.4416,UDP-Flood-DDoS,CTU-13-BOTNET
10/08/2011 14:20:57,443,17,1173.6943803610502,34,61,8576,69982,6,0,0.67397,2.9657,UDP-Flood-DDoS,CTU-13-BOTNET
10/08/2011 14:20:58,53,17,227.8724726044216,2,10,946,17291,4,1,0.179711,3.2499,UDP-Flood-DDoS,CTU-13-BOTNET
10/08/2011 14:20:59,8080,17,15272.982788104508,14,9,11700,5821,2,1,0.29983,4.3116,UDP-Flood-DDoS,CTU-13-BOTNET
10/08/2011 14:21:00,123,6,1144.1275545191302,6,8,5954,19135,1,3,0.739671,3.328,SMB-RPC-Pivot,CTU-13-BOTNET
10/08/2011 14:21:01,8080,6,6851.202975693202,3,9,64,22638,1,2,0.318492,5.7451,SMB-RPC-Pivot,CTU-13-BOTNET
10/08/2011 14:21:02,80,6,3730.821465802823,2,31,5146,13543,0,3,0.270107,5.6465,SMB-RPC-Pivot,CTU-13-BOTNET
10/08/2011 14:21:03,53,6,4874.374095793997,6,34,5057,10629,0,4,0.883548,3.5457,SMB-RPC-Pivot,CTU-13-BOTNET
10/08/2011 14:21:04,53,6,1737.498495551988,22,4,7116,4570,3,2,0.321388,5.9759,SMB-RPC-Pivot,CTU-13-BOTNET
10/08/2011 14:21:05,8080,6,816.6937746385802,2,7,1475,64,1,1,0.338722,3.1849,SMB-RPC-Pivot,CTU-13-BOTNET
10/08/2011 14:21:06,8080,6,4527.627083650496,9,54,3635,45578,2,1,0.349066,4.6903,SMB-RPC-Pivot,CTU-13-BOTNET
10/08/2011 14:21:07,123,6,172.68019551985734,19,33,13586,34923,5,0,0.147489,1.0418,P2P-Peer-Discovery,CTU-13-BOTNET
10/08/2011 14:21:08,123,6,1556.0420560925165,2,38,191,84026,3,1,0.28152,5.6445,SMB-RPC-Pivot,CTU-13-BOTNET
10/08/2011 14:21:09,8080,6,3750.027675587622,5,2,6095,4258,1,2,1.01682,6.3975,SMB-RPC-Pivot,CTU-13-BOTNET
10/08/2011 14:21:10,123,6,2100.727670749349,12,3,7245,9279,2,5,1.103953,6.2508,SMB-RPC-Pivot,CTU-13-BOTNET
10/08/2011 14:21:11,443,6,2043.5449316478762,2,4,3025,5874,1,1,0.349956,4.0528,SMB-RPC-Pivot,CTU-13-BOTNET
10/08/2011 14:21:12,80,6,2356.3468707887155,3,14,5573,13797,0,1,0.547216,4.8175,SMB-RPC-Pivot,CTU-13-BOTNET
10/08/2011 14:21:13,80,6,947.3189175786318,3,6,2724,12887,1,1,0.821904,5.3922,SMB-RPC-Pivot,CTU-13-BOTNET
10/08/2011 14:21:14,443,6,1574.2575180338683,7,11,3182,12426,2,1,0.198269,4.2608,SMB-RPC-Pivot,CTU-13-BOTNET
10/08/2011 14:21:15,53,6,2520.786339643402,6,29,5107,44957,1,3,0.108379,3.7207,SMB-RPC-Pivot,CTU-13-BOTNET
10/08/2011 14:21:16,6667,6,4068.9691892021174,13,6,10226,9044,2,2,0.284293,4.7627,SMB-RPC-Pivot,CTU-13-BOTNET
10/08/2011 14:21:17,8080,6,1618.8046068750396,2,8,1770,14194,0,3,1.038532,5.5321,SMB-RPC-Pivot,CTU-13-BOTNET
10/08/2011 14:21:18,53,6,18004.9321614276,5,22,7070,52850,2,1,0.596602,5.8399,SMB-RPC-Pivot,CTU-13-BOTNET
10/08/2011 14:21:19,6667,6,10670.381534680046,3,2,3267,8492,1,4,0.451549,3.8549,SMB-RPC-Pivot,CTU-13-BOTNET
10/08/2011 14:21:20,80,6,8419.690619752733,15,10,7074,9205,0,1,0.855671,3.5131,SMB-RPC-Pivot,CTU-13-BOTNET
10/08/2011 14:21:21,53,6,2962.8856581289087,11,2,8198,4446,1,2,0.548108,5.5343,SMB-RPC-Pivot,CTU-13-BOTNET
10/08/2011 14:21:22,53,6,200.39174202703407,12,5,9273,10826,0,6,0.76322,4.6102,SMB-RPC-Pivot,CTU-13-BOTNET
10/08/2011 14:21:23,53,6,3709.561472371521,7,5,6429,10215,0,1,0.335411,3.874,SMB-RPC-Pivot,CTU-13-BOTNET
10/08/2011 14:21:24,6667,6,5836.7639395803735,3,10,1930,10903,0,1,0.567545,4.0639,SMB-RPC-Pivot,CTU-13-BOTNET
10/08/2011 14:21:25,53,6,1035.9704061633583,20,15,9793,7913,1,5,0.51628,4.0498,SMB-RPC-Pivot,CTU-13-BOTNET
10/08/2011 14:21:26,6667,6,1164.4720364040397,2,15,3843,9773,4,2,0.418369,5.3093,SMB-RPC-Pivot,CTU-13-BOTNET
10/08/2011 14:21:27,123,6,890.6544683310448,5,17,5172,41945,1,2,0.234234,5.5,SMB-RPC-Pivot,CTU-13-BOTNET
10/08/2011 14:21:28,53,6,606.5410062248238,26,10,1121,15981,3,2,0.461266,2.0639,P2P-Peer-Discovery,CTU-13-BOTNET
10/08/2011 14:21:29,6667,6,2538.6675553514983,7,2,5871,1638,0,0,0.207034,4.5027,SMB-RPC-Pivot,CTU-13-BOTNET
10/08/2011 14:21:30,8080,6,4390.852622110239,4,30,3341,59175,1,3,0.017319,4.8533,SMB-RPC-Pivot,CTU-13-BOTNET
10/08/2011 14:21:31,6667,6,842.0739949663803,4,22,1380,51699,3,0,0.435072,5.3674,SMB-RPC-Pivot,CTU-13-BOTNET
10/08/2011 14:21:32,80,6,299.43903996976564,5,17,3908,4845,0,2,0.306306,3.4122,SMB-RPC-Pivot,CTU-13-BOTNET
10/08/2011 14:21:33,443,6,1407.4608109682058,19,15,9457,5447,1,1,0.899247,5.2174,SMB-RPC-Pivot,CTU-13-BOTNET
10/08/2011 14:21:34,80,6,93.81221421491297,5,5,3882,11992,3,0,0.776449,4.3689,SMB-RPC-Pivot,CTU-13-BOTNET
10/08/2011 14:21:35,8080,6,1423.8558821236202,8,3,3886,8043,0,2,0.10572,5.487,SMB-RPC-Pivot,CTU-13-BOTNET
10/08/2011 14:21:36,6667,6,2391.0940148714317,13,7,8709,13643,0,2,0.460035,3.8907,SMB-RPC-Pivot,CTU-13-BOTNET
10/08/2011 14:21:37,123,6,1836.9224018421335,2,5,151,4334,2,1,0.961785,1.6155,SMB-RPC-Pivot,CTU-13-BOTNET
10/08/2011 14:21:38,80,6,11494.836114809923,4,13,6314,9854,0,1,0.279825,4.8321,SMB-RPC-Pivot,CTU-13-BOTNET
10/08/2011 14:21:39,8080,6,3988.369434767361,44,6,30891,18064,1,2,0.874964,3.5049,SMB-RPC-Pivot,CTU-13-BOTNET
10/08/2011 14:21:40,53,6,5747.876658997679,8,31,5650,33512,1,4,0.360711,3.1123,SMB-RPC-Pivot,CTU-13-BOTNET
10/08/2011 14:21:41,8080,6,899.3746183556698,6,3,5889,9562,0,1,0.465173,4.5067,SMB-RPC-Pivot,CTU-13-BOTNET
10/08/2011 14:21:42,6667,6,4066.4856518004535,18,2,4625,4124,0,1,0.192768,3.9215,SMB-RPC-Pivot,CTU-13-BOTNET
10/08/2011 14:21:43,6667,6,2179.6832998004184,21,18,11642,18260,1,1,0.42702,4.123,SMB-RPC-Pivot,CTU-13-BOTNET
10/08/2011 14:21:44,53,6,4808.613137333562,2,8,753,18821,0,3,0.637527,4.8837,SMB-RPC-Pivot,CTU-13-BOTNET
10/08/2011 14:21:45,6667,6,1222.0660594030712,5,7,6629,10459,2,2,0.852584,6.0008,SMB-RPC-Pivot,CTU-13-BOTNET
10/08/2011 14:21:46,53,6,903.2697786225825,11,6,4675,15894,3,2,0.125465,3.9761,SMB-RPC-Pivot,CTU-13-BOTNET
10/08/2011 14:21:47,80,6,1238.59481139076,4,9,2705,15934,1,3,0.849037,6.3049,SMB-RPC-Pivot,CTU-13-BOTNET
10/08/2011 14:21:48,53,6,3913.2344254921145,19,80,17597,111834,1,1,0.303089,2.9507,SMB-RPC-Pivot,CTU-13-BOTNET
10/08/2011 14:21:49,8080,6,3885.1162682471067,18,14,16918,35937,2,2,0.440403,4.4072,SMB-RPC-Pivot,CTU-13-BOTNET
10/08/2011 14:21:50,8080,6,3724.6973909838407,3,5,1428,10658,2,0,0.748198,4.1841,SMB-RPC-Pivot,CTU-13-BOTNET
10/08/2011 14:21:51,8080,6,1445.4339573765358,3,39,4211,31407,1,6,0.369629,3.5047,SMB-RPC-Pivot,CTU-13-BOTNET
10/08/2011 14:21:52,53,6,10951.957240307864,6,28,5755,34008,3,4,0.361886,2.6508,SMB-RPC-Pivot,CTU-13-BOTNET
10/08/2011 14:21:53,8080,6,5457.3256367512495,12,7,7608,11528,1,2,0.412607,4.6578,SMB-RPC-Pivot,CTU-13-BOTNET
10/08/2011 14:21:54,8080,6,622.521517570264,4,8,3174,15262,2,1,0.762337,4.089,SMB-RPC-Pivot,CTU-13-BOTNET
10/08/2011 14:21:55,80,6,1692.094242133392,10,14,6247,24678,0,1,0.285967,5.2106,SMB-RPC-Pivot,CTU-13-BOTNET
10/08/2011 14:21:56,443,6,671.5553912203643,11,8,7176,10158,2,4,0.257286,4.6411,SMB-RPC-Pivot,CTU-13-BOTNET
10/08/2011 14:21:57,443,6,3730.7349000591053,4,25,4633,16580,3,1,0.605253,4.6505,SMB-RPC-Pivot,CTU-13-BOTNET
10/08/2011 14:21:58,8080,6,164.22723416444094,5,6,938,5086,0,2,0.310454,4.8526,SMB-RPC-Pivot,CTU-13-BOTNET
10/08/2011 14:21:59,443,6,8589.617562579122,2,6,3348,9465,2,1,0.442578,3.7675,P2P-Peer-Discovery,CTU-13-BOTNET
10/08/2011 14:22:00,53,6,7442.988424824755,6,9,3607,19546,2,0,0.174042,4.7071,IRC-Botnet-C2,CTU-13-BOTNET
10/08/2011 14:22:01,8080,6,4132.564912608222,11,12,5536,6951,1,1,0.32606,6.1235,IRC-Botnet-C2,CTU-13-BOTNET
10/08/2011 14:22:02,123,6,6430.405358446143,3,11,2778,64,0,5,0.20865,6.5189,IRC-Botnet-C2,CTU-13-BOTNET
10/08/2011 14:22:03,53,6,2899.947278259448,14,19,9617,34543,4,1,0.44029,1.6989,P2P-Peer-Discovery,CTU-13-BOTNET
10/08/2011 14:22:04,8080,6,1299.2635320618679,4,24,5487,30395,1,0,0.501772,4.9422,IRC-Botnet-C2,CTU-13-BOTNET
10/08/2011 14:22:05,53,6,8244.492105515565,52,12,33067,11305,1,2,0.350302,5.9169,IRC-Botnet-C2,CTU-13-BOTNET
10/08/2011 14:22:06,80,6,949.6961307354703,5,15,4857,28726,6,2,0.46442,2.9499,P2P-Peer-Discovery,CTU-13-BOTNET
10/08/2011 14:22:07,80,6,3234.661450009282,22,57,6962,27577,1,3,0.018639,4.5991,IRC-Botnet-C2,CTU-13-BOTNET
10/08/2011 14:22:08,8080,6,5542.546341136964,29,35,3780,78794,3,0,0.096922,5.6095,IRC-Botnet-C2,CTU-13-BOTNET
10/08/2011 14:22:09,443,6,447.5532746760531,17,24,7260,13802,2,5,0.132863,4.8156,IRC-Botnet-C2,CTU-13-BOTNET
10/08/2011 14:22:10,80,6,581.3415230568671,36,9,14990,23994,2,2,0.155034,5.6272,IRC-Botnet-C2,CTU-13-BOTNET
10/08/2011 14:22:11,6667,6,2585.951291623014,98,13,51778,23957,0,3,0.279044,4.2143,IRC-Botnet-C2,CTU-13-BOTNET
10/08/2011 14:22:12,6667,6,354.2132427533719,2,30,2557,33512,0,7,0.005012,0.991,Normal,CTU-13-BOTNET
10/08/2011 14:22:13,8080,6,6129.3929241181995,6,6,785,15462,1,1,0.206732,4.5743,IRC-Botnet-C2,CTU-13-BOTNET
10/08/2011 14:22:14,123,6,4227.211960129865,9,2,4739,2054,0,1,0.089567,7.127,IRC-Botnet-C2,CTU-13-BOTNET
10/08/2011 14:22:15,80,6,804.7302666492038,9,3,435,10507,0,0,0.218011,4.8692,IRC-Botnet-C2,CTU-13-BOTNET
10/08/2011 14:22:16,53,6,3532.8286686338865,15,3,7124,9887,2,2,0.270525,5.6217,IRC-Botnet-C2,CTU-13-BOTNET
10/08/2011 14:22:17,6667,6,3693.7798991720465,8,2,8203,8391,1,1,0.162714,6.0086,IRC-Botnet-C2,CTU-13-BOTNET
10/08/2011 14:22:18,8080,6,3879.247917280199,27,28,11807,43759,1,2,0.230354,5.5807,IRC-Botnet-C2,CTU-13-BOTNET
10/08/2011 14:22:19,123,6,95.64391796109595,7,26,5622,64,4,1,0.405694,2.0271,P2P-Peer-Discovery,CTU-13-BOTNET
10/08/2011 14:22:20,443,6,3532.4727488614544,4,13,4726,13312,1,2,0.180104,6.2308,IRC-Botnet-C2,CTU-13-BOTNET
10/08/2011 14:22:21,53,6,9880.531538011955,8,11,9914,12836,0,2,0.455359,5.5941,IRC-Botnet-C2,CTU-13-BOTNET
10/08/2011 14:22:22,123,6,2403.6351425673065,25,27,18320,46735,2,1,0.138704,4.8617,IRC-Botnet-C2,CTU-13-BOTNET
10/08/2011 14:22:23,443,6,533.3304575542268,9,27,6275,50807,0,2,0.352983,6.9412,IRC-Botnet-C2,CTU-13-BOTNET
10/08/2011 14:22:24,8080,6,2881.667148456117,12,24,7761,49832,4,3,0.742096,3.8653,P2P-Peer-Discovery,CTU-13-BOTNET
10/08/2011 14:22:25,123,6,1032.3628972689135,3,7,1391,21060,1,5,0.393164,0.8012,Normal,CTU-13-BOTNET
10/08/2011 14:22:26,8080,6,90.55529834811175,6,10,3647,15191,0,6,0.577234,7.7889,IRC-Botnet-C2,CTU-13-BOTNET
10/08/2011 14:22:27,443,6,1911.604104014348,6,20,4121,26286,4,3,0.111648,2.5833,P2P-Peer-Discovery,CTU-13-BOTNET
10/08/2011 14:22:28,53,6,1796.8360855778956,5,5,6047,14708,1,1,0.340399,6.0181,IRC-Botnet-C2,CTU-13-BOTNET
10/08/2011 14:22:29,443,6,1783.2071664066057,2,24,2296,30925,0,3,0.28835,4.6201,IRC-Botnet-C2,CTU-13-BOTNET
10/08/2011 14:22:30,80,6,1906.6420146422765,11,17,6619,12365,3,2,0.1594,4.2648,IRC-Botnet-C2,CTU-13-BOTNET
10/08/2011 14:22:31,8080,6,1172.8673893011096,38,23,39500,24871,1,1,0.06954,6.6198,IRC-Botnet-C2,CTU-13-BOTNET
10/08/2011 14:22:32,80,6,2520.889988501373,6,2,5676,8631,0,2,0.205202,5.1027,IRC-Botnet-C2,CTU-13-BOTNET
10/08/2011 14:22:33,80,6,12247.863013798651,10,24,3739,41633,1,2,0.460067,5.5398,IRC-Botnet-C2,CTU-13-BOTNET
10/08/2011 14:22:34,6667,6,2418.478417443986,5,23,3647,18459,0,1,0.061042,7.6042,IRC-Botnet-C2,CTU-13-BOTNET
10/08/2011 14:22:35,53,6,2713.565954163449,32,2,20969,1025,1,4,0.131169,5.194,IRC-Botnet-C2,CTU-13-BOTNET
10/08/2011 14:22:36,8080,6,1225.2884641571482,7,21,7748,34728,5,0,0.81141,2.175,P2P-Peer-Discovery,CTU-13-BOTNET
10/08/2011 14:22:37,53,6,9096.75144764625,10,10,3753,8154,1,1,0.451008,5.9025,IRC-Botnet-C2,CTU-13-BOTNET
10/08/2011 14:22:38,123,6,4392.205188112727,10,3,8460,1123,3,3,0.270887,5.8488,IRC-Botnet-C2,CTU-13-BOTNET
10/08/2011 14:22:39,123,6,1985.2295922754133,3,31,5550,47686,2,1,0.360651,7.3497,IRC-Botnet-C2,CTU-13-BOTNET
10/08/2011 14:22:40,8080,6,5326.681942412244,7,16,2137,23290,1,2,0.349574,5.4237,IRC-Botnet-C2,CTU-13-BOTNET
10/08/2011 14:22:41,443,6,1131.7665187438042,29,7,13348,17889,1,1,0.179501,5.9764,IRC-Botnet-C2,CTU-13-BOTNET
10/08/2011 14:22:42,123,6,3272.445691153391,17,10,17016,17564,1,2,0.105567,6.7674,IRC-Botnet-C2,CTU-13-BOTNET
10/08/2011 14:22:43,53,6,1185.5202489641626,17,9,7716,5293,2,1,0.085237,5.3654,IRC-Botnet-C2,CTU-13-BOTNET
10/08/2011 14:22:44,53,6,271.72322552957314,9,5,6822,12214,1,3,0.792438,6.2292,IRC-Botnet-C2,CTU-13-BOTNET
10/08/2011 14:22:45,443,6,5451.498362558409,4,50,4071,13269,0,3,0.037364,6.9275,IRC-Botnet-C2,CTU-13-BOTNET
10/08/2011 14:22:46,123,6,1025.0315548811354,12,43,6249,64401,1,0,0.008497,6.5517,IRC-Botnet-C2,CTU-13-BOTNET
10/08/2011 14:22:47,53,6,2749.427771514605,3,5,4062,10640,0,3,0.546399,5.2934,IRC-Botnet-C2,CTU-13-BOTNET
10/08/2011 14:22:48,8080,6,236.4883699931188,14,10,6733,12758,2,1,0.206445,3.4703,IRC-Botnet-C2,CTU-13-BOTNET
10/08/2011 14:22:49,80,6,3592.7323189342706,5,11,3577,25212,2,1,0.213339,4.9238,IRC-Botnet-C2,CTU-13-BOTNET
10/08/2011 14:22:50,443,6,4106.908000735466,6,4,3913,6149,3,0,0.380983,5.5274,IRC-Botnet-C2,CTU-13-BOTNET
10/08/2011 14:22:51,80,6,5716.59775927027,4,9,3935,15555,0,3,0.022738,5.3764,IRC-Botnet-C2,CTU-13-BOTNET
10/08/2011 14:22:52,6667,6,15739.776659753645,15,4,19516,5451,1,1,0.0575,6.5569,IRC-Botnet-C2,CTU-13-BOTNET
10/08/2011 14:22:53,53,6,2602.26310265776,3,41,3418,32306,0,2,0.110072,5.2279,IRC-Botnet-C2,CTU-13-BOTNET
10/08/2011 14:22:54,123,6,738.4305611057323,14,6,9804,11985,1,7,0.641091,1.7271,Normal,CTU-13-BOTNET
10/08/2011 14:22:55,53,6,1829.1722227070993,4,8,2477,5391,0,3,0.205656,5.9901,IRC-Botnet-C2,CTU-13-BOTNET
10/08/2011 14:22:56,6667,6,1153.1714795873097,3,5,4755,12859,0,2,0.282939,6.9845,IRC-Botnet-C2,CTU-13-BOTNET
10/08/2011 14:22:57,80,6,2774.2542007393004,4,5,4730,11562,6,1,0.00577,2.8171,P2P-Peer-Discovery,CTU-13-BOTNET
10/08/2011 14:22:58,123,6,1427.1802693407412,35,5,64,9438,1,2,0.090074,3.5574,IRC-Botnet-C2,CTU-13-BOTNET
10/08/2011 14:22:59,123,6,1743.8400723953803,6,4,4659,9548,1,7,0.321522,0.4,Normal,CTU-13-BOTNET
10/08/2011 14:23:00,8080,17,1414.1411211823531,12,9,10783,7315,2,2,0.035397,7.98,DNS-Tunneling,CTU-13-BOTNET
10/08/2011 14:23:01,8080,17,615.079602131614,7,22,5187,56557,1,3,0.035466,7.3973,DNS-Tunneling,CTU-13-BOTNET
10/08/2011 14:23:02,8080,6,3062.0034169874407,11,2,10243,5284,5,3,0.084684,3.0683,P2P-Peer-Discovery,CTU-13-BOTNET
10/08/2011 14:23:03,53,17,548.4433127590205,3,57,1408,96100,0,4,0.314599,6.926,DNS-Tunneling,CTU-13-BOTNET
10/08/2011 14:23:04,443,17,4195.474572788529,9,25,1667,35982,0,1,0.262109,4.5988,DNS-Tunneling,CTU-13-BOTNET
10/08/2011 14:23:05,6667,17,172.72680339457827,3,13,3762,64,1,3,0.28653,7.3723,DNS-Tunneling,CTU-13-BOTNET
10/08/2011 14:23:06,443,17,1122.1179087724902,7,4,8118,5816,2,2,0.108044,7.98,DNS-Tunneling,CTU-13-BOTNET
10/08/2011 14:23:07,8080,17,205.54220518260692,8,3,2639,9401,1,1,0.053645,7.0241,DNS-Tunneling,CTU-13-BOTNET
10/08/2011 14:23:08,443,17,651.2320453673589,46,2,34716,10089,0,2,0.100712,5.7842,DNS-Tunneling,CTU-13-BOTNET
10/08/2011 14:23:09,6667,17,2322.6902761542165,5,13,2053,64,2,3,0.190626,5.7041,DNS-Tunneling,CTU-13-BOTNET
10/08/2011 14:23:10,8080,17,2802.7539429878357,6,17,5154,26223,2,1,0.281119,6.6677,DNS-Tunneling,CTU-13-BOTNET
10/08/2011 14:23:11,8080,17,14018.961741580317,9,14,1774,26753,1,2,0.046274,7.3341,DNS-Tunneling,CTU-13-BOTNET
10/08/2011 14:23:12,53,17,600.1472538198157,5,5,1544,11176,0,2,0.223842,7.98,DNS-Tunneling,CTU-13-BOTNET
10/08/2011 14:23:13,53,17,3036.030679877762,24,13,17295,15404,0,1,0.093763,6.806,DNS-Tunneling,CTU-13-BOTNET
10/08/2011 14:23:14,6667,17,822.5496107312564,42,11,7742,17319,0,3,0.0281,7.98,DNS-Tunneling,CTU-13-BOTNET
10/08/2011 14:23:15,6667,17,3204.0030970676853,3,29,4300,43794,2,4,0.270676,7.3277,DNS-Tunneling,CTU-13-BOTNET
10/08/2011 14:23:16,123,17,1606.471017173215,20,21,18144,26926,2,5,0.318196,7.3147,DNS-Tunneling,CTU-13-BOTNET
10/08/2011 14:23:17,8080,17,859.5717883127425,10,3,9606,13495,0,3,0.078285,6.7439,DNS-Tunneling,CTU-13-BOTNET
10/08/2011 14:23:18,123,17,2694.3068702831724,8,19,1348,26964,2,4,0.086503,6.9456,DNS-Tunneling,CTU-13-BOTNET
10/08/2011 14:23:19,53,17,295.4725774223222,2,13,1543,20940,3,0,0.161387,7.1118,DNS-Tunneling,CTU-13-BOTNET
10/08/2011 14:23:20,123,17,13471.093149975655,6,19,5014,29373,1,3,0.218134,7.3633,DNS-Tunneling,CTU-13-BOTNET
10/08/2011 14:23:21,443,17,654.8759704914725,29,16,24230,11484,0,4,0.117994,6.247,DNS-Tunneling,CTU-13-BOTNET
10/08/2011 14:23:22,123,17,7813.560034465723,30,10,12297,6234,0,2,0.214753,5.0379,DNS-Tunneling,CTU-13-BOTNET
10/08/2011 14:23:23,443,17,1330.8145141424739,5,3,3336,9014,2,3,0.048952,6.2902,DNS-Tunneling,CTU-13-BOTNET
10/08/2011 14:23:24,123,17,2250.2033757663285,13,12,5885,16824,0,1,0.488564,7.05,DNS-Tunneling,CTU-13-BOTNET
10/08/2011 14:23:25,6667,17,3321.951725619482,3,19,4761,16432,0,2,0.058785,6.8376,DNS-Tunneling,CTU-13-BOTNET
10/08/2011 14:23:26,123,17,11649.202282297152,4,5,3264,8991,1,3,0.152502,7.2994,DNS-Tunneling,CTU-13-BOTNET
10/08/2011 14:23:27,53,6,1398.7750910414375,4,8,673,13675,2,4,0.673075,1.1915,Normal,CTU-13-BOTNET
10/08/2011 14:23:28,80,17,2670.5826665727172,26,5,3024,12003,0,1,0.202768,7.98,DNS-Tunneling,CTU-13-BOTNET
10/08/2011 14:23:29,53,17,469.96127773511887,18,7,8306,17130,2,2,0.000831,6.5985,DNS-Tunneling,CTU-13-BOTNET
10/08/2011 14:23:30,80,17,3536.1111365015995,7,30,5740,47271,0,1,0.157437,7.4281,DNS-Tunneling,CTU-13-BOTNET
10/08/2011 14:23:31,8080,17,1011.6002245731361,5,9,4413,19680,0,4,0.094501,7.98,DNS-Tunneling,CTU-13-BOTNET
10/08/2011 14:23:32,443,17,1067.5258838405193,16,6,12223,15567,0,0,0.147578,7.3088,DNS-Tunneling,CTU-13-BOTNET
10/08/2011 14:23:33,80,17,2257.481358455689,3,12,3243,21053,0,1,0.33874,7.2374,DNS-Tunneling,CTU-13-BOTNET
10/08/2011 14:23:34,8080,17,2787.1734293579525,4,8,4445,11435,1,3,0.119413,7.2769,DNS-Tunneling,CTU-13-BOTNET
10/08/2011 14:23:35,6667,17,1120.6017304359616,10,10,5724,26911,0,4,0.154984,6.8859,DNS-Tunneling,CTU-13-BOTNET
10/08/2011 14:23:36,8080,17,1509.4404517050389,6,15,5013,20410,1,2,0.155907,5.2595,DNS-Tunneling,CTU-13-BOTNET
10/08/2011 14:23:37,8080,17,4395.220914536926,21,26,8936,35620,1,2,0.053233,7.4383,DNS-Tunneling,CTU-13-BOTNET
10/08/2011 14:23:38,123,17,505.42508165767333,8,28,863,13881,0,2,0.204962,6.9951,DNS-Tunneling,CTU-13-BOTNET
10/08/2011 14:23:39,53,17,352.62886135047125,14,2,11037,5153,0,1,0.026198,6.9804,DNS-Tunneling,CTU-13-BOTNET
10/08/2011 14:23:40,443,6,4821.968602708933,3,6,4028,5855,2,9,0.257934,1.5045,Normal,CTU-13-BOTNET
10/08/2011 14:23:41,53,6,2811.7767200047665,3,7,4390,10118,5,4,0.34818,1.8762,P2P-Peer-Discovery,CTU-13-BOTNET
10/08/2011 14:23:42,6667,17,7606.615962460639,13,9,11790,12108,1,1,0.13734,6.8343,DNS-Tunneling,CTU-13-BOTNET
10/08/2011 14:23:43,80,6,3267.0453109977075,3,23,3101,21736,4,1,0.081231,2.9915,P2P-Peer-Discovery,CTU-13-BOTNET
10/08/2011 14:23:44,6667,6,666.6002858187828,3,6,2554,12774,0,4,0.343835,1.5463,Normal,CTU-13-BOTNET
10/08/2011 14:23:45,53,17,1112.898612644937,15,11,11802,18342,3,5,0.004881,5.7662,DNS-Tunneling,CTU-13-BOTNET
10/08/2011 14:23:46,80,6,1165.6407513187269,11,19,6052,33227,1,7,0.819002,0.9769,Normal,CTU-13-BOTNET
10/08/2011 14:23:47,80,17,1644.7182088732764,13,3,7696,8335,1,1,0.217322,6.4944,DNS-Tunneling,CTU-13-BOTNET
10/08/2011 14:23:48,443,17,296.2549811289259,8,39,2206,15487,2,3,0.22575,6.7453,DNS-Tunneling,CTU-13-BOTNET
10/08/2011 14:23:49,6667,17,2460.7582182126566,7,38,3483,38975,1,0,0.01268,6.3494,DNS-Tunneling,CTU-13-BOTNET
10/08/2011 14:23:50,123,17,4489.8048336394495,9,17,3919,4823,0,0,0.091315,7.465,DNS-Tunneling,CTU-13-BOTNET
10/08/2011 14:23:51,443,17,1869.2883046025281,8,6,7784,13668,1,0,0.302922,6.977,DNS-Tunneling,CTU-13-BOTNET
10/08/2011 14:23:52,6667,17,1275.0847572810817,12,5,5595,8500,1,4,0.086294,7.98,DNS-Tunneling,CTU-13-BOTNET
10/08/2011 14:23:53,6667,17,3266.82009231777,9,7,7437,19286,0,3,0.149389,5.7825,DNS-Tunneling,CTU-13-BOTNET
10/08/2011 14:23:54,123,17,3122.8104396157532,16,23,8518,26073,1,2,0.093798,7.98,DNS-Tunneling,CTU-13-BOTNET
10/08/2011 14:23:55,8080,17,4069.717247927357,2,3,4550,4019,1,1,0.110202,5.4596,DNS-Tunneling,CTU-13-BOTNET
10/08/2011 14:23:56,123,17,2588.63491632046,6,5,1787,4967,0,0,0.074296,7.8348,DNS-Tunneling,CTU-13-BOTNET
10/08/2011 14:23:57,123,17,3806.194507162981,2,8,725,7780,0,0,0.466712,6.4144,DNS-Tunneling,CTU-13-BOTNET
10/08/2011 14:23:58,53,17,943.1224427533713,13,2,10497,10814,1,4,0.075046,7.0258,DNS-Tunneling,CTU-13-BOTNET
10/08/2011 14:23:59,53,17,2690.140952547076,31,18,24707,31556,1,2,0.231536,5.4076,DNS-Tunneling,CTU-13-BOTNET
10/08/2011 14:24:00,80,6,4328.288172217042,2,11,757,18470,0,6,0.690214,0.7535,Normal,CTU-13-BOTNET
10/08/2011 14:24:01,443,6,169.49960198314128,10,6,7869,13192,2,6,0.384715,1.5815,Normal,CTU-13-BOTNET
10/08/2011 14:24:02,443,6,5148.46188637274,16,8,6568,26026,1,6,0.288945,0.9263,Normal,CTU-13-BOTNET
10/08/2011 14:24:03,6667,6,4428.6706420547625,10,10,64,559,1,8,0.950083,0.4,Normal,CTU-13-BOTNET
10/08/2011 14:24:04,443,6,3153.191148412506,9,8,7462,6263,1,7,0.564477,1.6488,Normal,CTU-13-BOTNET
10/08/2011 14:24:05,443,6,117.88148582113212,6,6,4432,11963,0,7,0.959485,1.45,Normal,CTU-13-BOTNET
10/08/2011 14:24:06,8080,6,7838.119366816107,10,3,2898,9053,2,4,0.510068,1.9368,Normal,CTU-13-BOTNET
10/08/2011 14:24:07,443,6,1542.1588325795794,4,9,3408,15182,1,11,0.888231,1.4641,Normal,CTU-13-BOTNET
10/08/2011 14:24:08,80,6,359.7824800281395,19,13,7490,4332,2,8,0.222145,0.9014,Normal,CTU-13-BOTNET
10/08/2011 14:24:09,123,6,1145.8407064876458,6,9,1988,7337,0,7,0.122636,0.6616,Normal,CTU-13-BOTNET
10/08/2011 14:24:10,80,6,1361.4775015255534,17,8,4473,22637,5,2,0.514813,1.6506,P2P-Peer-Discovery,CTU-13-BOTNET
10/08/2011 14:24:11,443,6,13962.167869933484,16,9,12310,2868,2,13,0.931138,1.2334,Normal,CTU-13-BOTNET
10/08/2011 14:24:12,123,6,933.8521674250231,21,3,15838,1781,0,10,0.656663,2.2442,Normal,CTU-13-BOTNET
10/08/2011 14:24:13,123,6,7962.803888078905,15,22,9038,32248,4,2,0.464735,2.8553,P2P-Peer-Discovery,CTU-13-BOTNET
10/08/2011 14:24:14,80,6,85.73707410121072,32,3,19923,7168,2,8,0.661801,0.4761,Normal,CTU-13-BOTNET
10/08/2011 14:24:15,123,6,3424.263262639044,6,18,3811,16563,1,7,0.313416,1.9049,Normal,CTU-13-BOTNET
10/08/2011 14:24:16,80,6,11684.448692357237,11,11,4370,18716,0,8,0.787162,3.3153,Normal,CTU-13-BOTNET
10/08/2011 14:24:17,53,6,3807.1176446812565,5,7,4163,4076,1,2,0.632861,1.5585,Normal,CTU-13-BOTNET
10/08/2011 14:24:18,80,6,8636.967796312127,11,17,10044,13468,1,8,0.819706,1.2253,Normal,CTU-13-BOTNET
10/08/2011 14:24:19,8080,6,1507.2911129486113,38,23,64,10836,1,9,0.528244,2.2737,Normal,CTU-13-BOTNET
10/08/2011 14:24:20,6667,6,3502.446620909914,29,59,15214,20704,1,7,0.886467,1.5504,Normal,CTU-13-BOTNET
10/08/2011 14:24:21,8080,6,8862.696676326572,27,17,13720,38328,2,8,0.988198,2.438,Normal,CTU-13-BOTNET
10/08/2011 14:24:22,6667,6,1194.4493119491628,12,3,589,9929,1,6,0.626713,2.957,Normal,CTU-13-BOTNET
10/08/2011 14:24:23,80,6,1533.0172650765696,5,15,4960,25434,1,5,0.60423,1.2594,Normal,CTU-13-BOTNET
10/08/2011 14:24:24,123,6,146.65980298569775,9,18,4728,18971,1,12,0.443201,0.4,Normal,CTU-13-BOTNET
10/08/2011 14:24:25,8080,6,2656.768776813885,25,15,21857,17838,0,9,1.060881,1.2601,Normal,CTU-13-BOTNET
10/08/2011 14:24:26,8080,6,936.6768583895728,5,6,6518,10032,1,9,0.599267,0.7504,Normal,CTU-13-BOTNET
10/08/2011 14:24:27,80,6,1402.549045712946,12,20,4959,3573,0,11,0.265976,2.7288,Normal,CTU-13-BOTNET
10/08/2011 14:24:28,6667,6,1716.9087366295746,6,6,4060,9786,1,9,0.839672,1.3626,Normal,CTU-13-BOTNET
10/08/2011 14:24:29,8080,6,1351.6445021724446,29,66,11033,179121,2,8,0.432253,0.4,Normal,CTU-13-BOTNET
10/08/2011 14:24:30,53,6,1600.091761336401,11,24,6451,22241,3,2,0.501234,0.4,Normal,CTU-13-BOTNET
10/08/2011 14:24:31,443,6,391.7654442108295,3,3,2046,14215,0,8,0.456673,1.2626,Normal,CTU-13-BOTNET
10/08/2011 14:24:32,443,6,5421.878240192089,15,31,11460,62281,2,0,0.189212,2.3059,P2P-Peer-Discovery,CTU-13-BOTNET
10/08/2011 14:24:33,8080,6,1852.6323469635627,20,32,12122,21258,1,6,0.56965,0.7283,Normal,CTU-13-BOTNET
10/08/2011 14:24:34,443,6,4297.776114398393,13,21,6492,25708,0,7,0.766409,0.4,Normal,CTU-13-BOTNET
10/08/2011 14:24:35,80,6,6010.677808098304,10,20,2473,15908,1,6,0.308959,0.4,Normal,CTU-13-BOTNET
10/08/2011 14:24:36,8080,6,841.2608906394148,6,24,3626,29848,1,6,0.54989,0.4,Normal,CTU-13-BOTNET
10/08/2011 14:24:37,53,6,1749.7301053662707,10,64,8704,29889,2,9,0.040792,1.4114,Normal,CTU-13-BOTNET
10/08/2011 14:24:38,6667,6,126.49713468746992,12,3,8660,7476,3,2,0.461421,0.8047,Normal,CTU-13-BOTNET
10/08/2011 14:24:39,123,6,2630.6746003581975,2,11,3609,17087,0,10,0.459445,2.0278,Normal,CTU-13-BOTNET
10/08/2011 14:24:40,53,6,4454.569320804632,5,13,3338,7456,1,6,0.551984,1.9548,Normal,CTU-13-BOTNET
10/08/2011 14:24:41,6667,6,4598.726610086857,9,13,4529,26283,2,2,0.548714,2.0121,Normal,CTU-13-BOTNET
10/08/2011 14:24:42,80,6,4717.422210688614,10,6,5925,8647,0,7,0.532781,0.5233,Normal,CTU-13-BOTNET
10/08/2011 14:24:43,123,6,1620.0821038051338,16,14,2870,8551,1,7,0.390267,1.4256,Normal,CTU-13-BOTNET
10/08/2011 14:24:44,8080,6,143.18687283374334,14,19,12916,21717,0,4,0.648651,2.4989,Normal,CTU-13-BOTNET
10/08/2011 14:24:45,443,6,4773.417445791488,10,8,3440,5653,2,5,0.68108,1.4906,Normal,CTU-13-BOTNET
10/08/2011 14:24:46,53,6,1780.0669932835362,11,19,8290,27275,1,8,0.181178,0.7944,Normal,CTU-13-BOTNET
10/08/2011 14:24:47,53,6,4642.5478291809095,2,23,1911,35355,5,0,0.35698,2.3327,P2P-Peer-Discovery,CTU-13-BOTNET
10/08/2011 14:24:48,53,6,1301.3953566185764,10,18,8034,15248,1,8,0.460325,1.5775,Normal,CTU-13-BOTNET
10/08/2011 14:24:49,123,6,99.70264893838902,9,14,2747,3545,0,7,0.624353,1.3517,Normal,CTU-13-BOTNET
10/08/2011 14:24:50,123,6,7080.858545498113,4,10,3613,6124,0,5,0.37994,1.2001,Normal,CTU-13-BOTNET
10/08/2011 14:24:51,6667,6,283.03492900359186,8,23,2694,37644,1,5,0.467411,1.4959,Normal,CTU-13-BOTNET
10/08/2011 14:24:52,53,6,6710.593317480651,15,25,609,11406,1,9,0.495142,0.8942,Normal,CTU-13-BOTNET
10/08/2011 14:24:53,443,6,4225.447801681565,26,2,8795,9681,1,6,0.266337,0.7314,Normal,CTU-13-BOTNET
10/08/2011 14:24:54,6667,6,197.46822023550556,25,2,20708,8614,1,6,0.588047,1.0722,Normal,CTU-13-BOTNET
10/08/2011 14:24:55,80,6,89.19608054116934,6,3,3871,8993,1,8,1.238589,1.2998,Normal,CTU-13-BOTNET
10/08/2011 14:24:56,80,6,993.5982036931454,8,31,3862,58097,5,1,0.725881,3.9327,P2P-Peer-Discovery,CTU-13-BOTNET
10/08/2011 14:24:57,443,6,185.89084733078988,8,23,5950,35883,1,7,0.404081,0.8124,Normal,CTU-13-BOTNET
10/08/2011 14:24:58,6667,6,963.6067929765873,13,2,12831,3924,1,7,0.966425,1.026,Normal,CTU-13-BOTNET
10/08/2011 14:24:59,53,6,2848.71593337091,6,9,6370,12212,0,9,0.719227,1.721,Normal,CTU-13-BOTNET
10/08/2011 14:25:00,443,6,8031.1456637324245,8,22,3317,18388,5,3,0.220487,3.6108,P2P-Peer-Discovery,CTU-13-BOTNET
10/08/2011 14:25:01,443,6,131.51144638283495,3,39,839,70361,2,3,0.620087,3.8436,P2P-Peer-Discovery,CTU-13-BOTNET
10/08/2011 14:25:02,8080,6,204.696192821853,2,17,1946,9771,5,1,0.362695,2.4607,P2P-Peer-Discovery,CTU-13-BOTNET
10/08/2011 14:25:03,6667,6,7967.118315301556,14,3,6669,12444,9,0,0.363739,2.71,P2P-Peer-Discovery,CTU-13-BOTNET
10/08/2011 14:25:04,8080,6,199.97505829014034,13,17,8238,23692,2,3,0.327172,0.4,P2P-Peer-Discovery,CTU-13-BOTNET
10/08/2011 14:25:05,80,6,1389.0524386492982,14,10,3364,19480,3,2,0.395082,2.9029,P2P-Peer-Discovery,CTU-13-BOTNET
10/08/2011 14:25:06,80,6,6086.682575274947,6,5,3198,1542,6,3,0.56923,1.7796,P2P-Peer-Discovery,CTU-13-BOTNET
10/08/2011 14:25:07,443,6,703.076968718089,7,16,4912,40160,2,1,0.077767,1.4595,P2P-Peer-Discovery,CTU-13-BOTNET
10/08/2011 14:25:08,53,6,7167.4895883051795,7,30,4506,30519,7,2,0.522722,1.8587,P2P-Peer-Discovery,CTU-13-BOTNET
10/08/2011 14:25:09,8080,6,7277.740603671987,2,23,398,25865,6,1,0.245014,1.7325,P2P-Peer-Discovery,CTU-13-BOTNET
10/08/2011 14:25:10,123,6,3266.914738170276,5,17,6867,34449,3,3,0.996873,2.0445,P2P-Peer-Discovery,CTU-13-BOTNET
10/08/2011 14:25:11,6667,6,5214.247641370291,15,12,8951,5687,2,2,0.618733,2.7621,P2P-Peer-Discovery,CTU-13-BOTNET
10/08/2011 14:25:12,53,6,2379.5961821396486,4,60,4215,132869,3,2,0.375195,4.0362,P2P-Peer-Discovery,CTU-13-BOTNET
10/08/2011 14:25:13,123,6,5510.932442225735,9,5,7176,11232,5,2,0.552039,2.3589,P2P-Peer-Discovery,CTU-13-BOTNET
10/08/2011 14:25:14,80,6,1477.329800882761,14,4,7630,10238,4,2,0.420067,1.085,P2P-Peer-Discovery,CTU-13-BOTNET
10/08/2011 14:25:15,80,6,5422.4052456927575,8,15,6118,29881,2,3,0.624647,3.5752,P2P-Peer-Discovery,CTU-13-BOTNET
10/08/2011 14:25:16,443,6,1679.8267402721194,17,7,9732,12300,7,2,0.880268,0.5447,P2P-Peer-Discovery,CTU-13-BOTNET
10/08/2011 14:25:17,53,6,14069.514244129818,22,8,12567,17378,6,0,0.245892,2.5985,P2P-Peer-Discovery,CTU-13-BOTNET
10/08/2011 14:25:18,443,6,7990.944167186349,6,2,2446,5081,7,0,0.186899,0.9796,P2P-Peer-Discovery,CTU-13-BOTNET
10/08/2011 14:25:19,123,6,132.92384287723317,6,25,6069,45284,4,0,1.033096,1.2766,P2P-Peer-Discovery,CTU-13-BOTNET
10/08/2011 14:25:20,53,6,2444.1340992340624,4,15,2159,4135,4,3,0.387414,2.1493,P2P-Peer-Discovery,CTU-13-BOTNET
10/08/2011 14:25:21,443,6,1112.3669302790051,24,3,17062,7878,6,1,0.531032,3.1821,P2P-Peer-Discovery,CTU-13-BOTNET
10/08/2011 14:25:22,443,6,1847.9990480569788,5,5,4662,6619,3,1,0.581815,1.8039,P2P-Peer-Discovery,CTU-13-BOTNET
10/08/2011 14:25:23,443,6,2113.762603875252,8,28,64,43672,5,1,0.040281,1.9354,P2P-Peer-Discovery,CTU-13-BOTNET
10/08/2011 14:25:24,6667,6,536.2906773292136,24,12,12526,12121,6,4,0.556822,2.8117,P2P-Peer-Discovery,CTU-13-BOTNET
10/08/2011 14:25:25,8080,6,903.6900010684072,12,14,9586,32182,0,8,0.571032,1.4611,Normal,CTU-13-BOTNET
10/08/2011 14:25:26,80,6,1081.6835310988654,5,7,1663,4952,7,4,0.334672,0.7373,P2P-Peer-Discovery,CTU-13-BOTNET
10/08/2011 14:25:27,8080,6,5166.8043735574165,3,29,1418,70679,10,1,0.593977,1.2073,P2P-Peer-Discovery,CTU-13-BOTNET
10/08/2011 14:25:28,6667,6,372.83583115527495,13,16,11310,30404,5,2,0.490931,2.7857,P2P-Peer-Discovery,CTU-13-BOTNET
10/08/2011 14:25:29,8080,6,3385.6365875400547,18,4,13342,9624,8,3,0.3158,2.1602,P2P-Peer-Discovery,CTU-13-BOTNET
10/08/2011 14:25:30,443,6,3686.3753043470365,12,88,9863,130599,8,1,0.620723,2.8682,P2P-Peer-Discovery,CTU-13-BOTNET
10/08/2011 14:25:31,443,6,9699.42960761119,6,4,4325,10628,6,0,0.565342,0.8323,P2P-Peer-Discovery,CTU-13-BOTNET
10/08/2011 14:25:32,123,6,7612.420597476927,3,4,3764,11741,2,1,0.666735,2.7814,P2P-Peer-Discovery,CTU-13-BOTNET
10/08/2011 14:25:33,6667,6,2287.0323531140607,6,19,3979,24754,1,8,0.712743,0.4,Normal,CTU-13-BOTNET
10/08/2011 14:25:34,6667,6,1723.9547444355665,3,37,3029,71291,7,2,0.500641,2.5434,P2P-Peer-Discovery,CTU-13-BOTNET
10/08/2011 14:25:35,443,6,795.2012242222711,2,59,3095,94057,7,0,0.710494,1.1185,P2P-Peer-Discovery,CTU-13-BOTNET
10/08/2011 14:25:36,8080,6,3630.0508826319865,3,15,3280,20291,4,1,0.159385,3.5454,P2P-Peer-Discovery,CTU-13-BOTNET
10/08/2011 14:25:37,123,6,946.520285337848,13,25,6681,20410,1,2,0.486912,1.5022,P2P-Peer-Discovery,CTU-13-BOTNET
10/08/2011 14:25:38,80,6,3226.648451647376,9,58,5518,78694,4,2,0.111176,1.7408,P2P-Peer-Discovery,CTU-13-BOTNET
10/08/2011 14:25:39,123,6,18622.93246930477,21,11,11935,28481,2,2,0.279718,1.8128,P2P-Peer-Discovery,CTU-13-BOTNET
10/08/2011 14:25:40,443,6,164.19676644272033,4,13,3933,14307,3,3,0.547754,1.7867,P2P-Peer-Discovery,CTU-13-BOTNET
10/08/2011 14:25:41,80,6,3415.137880021994,2,24,938,32297,6,2,0.852376,4.308,P2P-Peer-Discovery,CTU-13-BOTNET
10/08/2011 14:25:42,80,6,3016.281186061372,3,16,4090,7416,7,0,0.833736,1.1611,P2P-Peer-Discovery,CTU-13-BOTNET
10/08/2011 14:25:43,443,6,888.9851525097248,3,11,4688,26559,4,3,0.779047,0.4109,P2P-Peer-Discovery,CTU-13-BOTNET
10/08/2011 14:25:44,80,6,2440.7571323877655,16,6,13084,11598,5,0,0.66092,1.2313,P2P-Peer-Discovery,CTU-13-BOTNET
10/08/2011 14:25:45,80,6,8390.374151446269,2,28,3798,14398,4,1,0.585918,3.1305,P2P-Peer-Discovery,CTU-13-BOTNET
10/08/2011 14:25:46,80,6,5911.2158258592335,12,10,3113,13869,6,1,0.511004,2.5363,P2P-Peer-Discovery,CTU-13-BOTNET
10/08/2011 14:25:47,6667,6,154.5519192595818,10,7,12585,9905,2,12,0.846095,0.7235,Normal,CTU-13-BOTNET
10/08/2011 14:25:48,123,6,3611.602707625458,2,10,2480,24477,4,2,0.573832,1.2289,P2P-Peer-Discovery,CTU-13-BOTNET
10/08/2011 14:25:49,123,6,94.47883022720167,20,56,11013,64309,5,2,0.073969,3.4891,P2P-Peer-Discovery,CTU-13-BOTNET
10/08/2011 14:25:50,53,6,3524.9061521308768,22,2,15945,1908,6,0,0.425261,0.9595,P2P-Peer-Discovery,CTU-13-BOTNET
10/08/2011 14:25:51,443,6,1163.944025845854,2,32,755,30349,5,3,0.606977,2.8215,P2P-Peer-Discovery,CTU-13-BOTNET
10/08/2011 14:25:52,443,6,2914.235869396597,3,18,2710,20003,7,4,0.168458,3.3577,P2P-Peer-Discovery,CTU-13-BOTNET
10/08/2011 14:25:53,443,6,584.8054819188692,22,11,10901,13258,5,1,0.57522,1.4486,P2P-Peer-Discovery,CTU-13-BOTNET
10/08/2011 14:25:54,53,6,2890.3546766227887,12,11,8776,25720,5,2,0.64213,0.7385,P2P-Peer-Discovery,CTU-13-BOTNET
10/08/2011 14:25:55,53,6,5294.954483846161,21,6,6439,12212,8,2,0.855475,2.1582,P2P-Peer-Discovery,CTU-13-BOTNET
10/08/2011 14:25:56,443,6,936.1883098653599,20,9,7821,4765,3,1,0.612568,3.3434,P2P-Peer-Discovery,CTU-13-BOTNET
10/08/2011 14:25:57,80,6,4996.978989311883,15,3,4079,6071,1,6,0.666511,0.5104,Normal,CTU-13-BOTNET
10/08/2011 14:25:58,6667,6,1199.241775690474,10,12,2916,28241,6,1,0.39471,1.4797,P2P-Peer-Discovery,CTU-13-BOTNET
10/08/2011 14:25:59,6667,6,265.9581656384204,5,2,4726,9446,3,3,0.485035,1.6203,P2P-Peer-Discovery,CTU-13-BOTNET
10/08/2011 14:26:00,443,17,642.1676223055221,6,6,3613,14708,6,0,0.272928,3.1219,UDP-Flood-DDoS,CTU-13-BOTNET
10/08/2011 14:26:01,443,17,1016.234011556807,5,12,6126,19750,2,3,0.226901,4.1218,UDP-Flood-DDoS,CTU-13-BOTNET
10/08/2011 14:26:02,80,6,4035.562217285754,13,13,6280,23252,0,5,0.204108,0.8514,Normal,CTU-13-BOTNET
10/08/2011 14:26:03,8080,17,5679.4700063953715,6,8,378,7021,3,3,0.412857,5.3632,UDP-Flood-DDoS,CTU-13-BOTNET
10/08/2011 14:26:04,53,17,820.1774705383748,5,41,4124,56972,7,0,0.334875,3.5509,UDP-Flood-DDoS,CTU-13-BOTNET
10/08/2011 14:26:05,53,17,2347.3315715137996,2,4,3868,7985,4,5,0.660251,2.1806,UDP-Flood-DDoS,CTU-13-BOTNET
10/08/2011 14:26:06,443,17,1390.8661744812496,5,7,2657,11473,4,0,0.693406,3.3979,UDP-Flood-DDoS,CTU-13-BOTNET
10/08/2011 14:26:07,8080,17,7371.49441037475,4,14,5702,22572,10,0,0.589829,4.2348,UDP-Flood-DDoS,CTU-13-BOTNET
10/08/2011 14:26:08,8080,17,3040.2178222243815,34,2,64,10398,6,4,0.675233,4.6892,UDP-Flood-DDoS,CTU-13-BOTNET
10/08/2011 14:26:09,6667,17,153.45253823071303,12,10,8230,7630,4,2,0.538634,4.2629,UDP-Flood-DDoS,CTU-13-BOTNET
10/08/2011 14:26:10,443,17,1845.652442850092,7,10,5705,16956,3,0,0.680431,3.986,UDP-Flood-DDoS,CTU-13-BOTNET
10/08/2011 14:26:11,80,17,4768.59424829023,10,8,11597,8667,6,3,0.511069,3.2059,UDP-Flood-DDoS,CTU-13-BOTNET
10/08/2011 14:26:12,6667,17,2593.384373618792,5,19,5105,24956,5,0,0.589981,4.0296,UDP-Flood-DDoS,CTU-13-BOTNET
10/08/2011 14:26:13,8080,17,4504.378877376713,2,25,1349,51198,4,3,0.168738,4.6778,UDP-Flood-DDoS,CTU-13-BOTNET
10/08/2011 14:26:14,6667,17,6043.964187319903,19,10,20336,24463,7,0,0.621759,2.5865,UDP-Flood-DDoS,CTU-13-BOTNET
10/08/2011 14:26:15,6667,17,1467.6322434423305,15,7,5841,9797,4,3,0.672845,4.408,UDP-Flood-DDoS,CTU-13-BOTNET
10/08/2011 14:26:16,6667,6,167.64216375115672,12,12,64,17007,12,2,0.248909,2.2774,P2P-Peer-Discovery,CTU-13-BOTNET
10/08/2011 14:26:17,80,17,6940.698727846747,10,8,6850,2432,5,1,0.537518,3.1575,UDP-Flood-DDoS,CTU-13-BOTNET
10/08/2011 14:26:18,6667,17,6238.200047731825,16,5,14233,19987,9,1,0.589737,3.4417,UDP-Flood-DDoS,CTU-13-BOTNET
10/08/2011 14:26:19,8080,6,1976.7052879454852,5,8,4592,8534,9,0,0.851877,1.1044,P2P-Peer-Discovery,CTU-13-BOTNET
10/08/2011 14:26:20,123,17,1230.9718533335974,11,8,9130,2821,4,4,1.002295,2.5076,UDP-Flood-DDoS,CTU-13-BOTNET
10/08/2011 14:26:21,443,17,292.1468259744974,4,39,4561,52835,5,4,1.03567,2.057,UDP-Flood-DDoS,CTU-13-BOTNET
10/08/2011 14:26:22,53,17,2887.517100281224,7,12,4399,11618,5,1,0.345709,3.0462,UDP-Flood-DDoS,CTU-13-BOTNET
10/08/2011 14:26:23,53,17,365.2669043686193,6,4,3215,11774,6,3,0.746801,2.368,UDP-Flood-DDoS,CTU-13-BOTNET
10/08/2011 14:26:24,8080,17,750.4998989178978,11,6,3175,14943,5,0,0.875918,5.7513,UDP-Flood-DDoS,CTU-13-BOTNET
10/08/2011 14:26:25,80,17,1872.7434058714255,18,9,4321,15440,10,3,0.607124,2.9128,UDP-Flood-DDoS,CTU-13-BOTNET
10/08/2011 14:26:26,6667,17,1155.349595079373,6,17,3213,15426,2,2,0.956857,4.4814,UDP-Flood-DDoS,CTU-13-BOTNET
10/08/2011 14:26:27,443,17,4177.732164935676,5,2,4697,10386,3,2,0.826437,1.8342,UDP-Flood-DDoS,CTU-13-BOTNET
10/08/2011 14:26:28,53,17,366.32304902419446,7,36,2561,36106,11,4,0.450734,3.9892,UDP-Flood-DDoS,CTU-13-BOTNET
10/08/2011 14:26:29,53,17,6192.519727666372,7,3,2228,7951,1,3,0.421969,4.1359,UDP-Flood-DDoS,CTU-13-BOTNET
10/08/2011 14:26:30,53,17,4371.552403775201,3,3,2816,4611,2,1,0.640399,2.0974,UDP-Flood-DDoS,CTU-13-BOTNET
10/08/2011 14:26:31,53,17,5068.541407307663,8,9,9630,18177,5,0,0.888563,3.4142,UDP-Flood-DDoS,CTU-13-BOTNET
10/08/2011 14:26:32,443,17,12319.153462150625,2,7,1123,15492,4,2,0.825641,4.0538,UDP-Flood-DDoS,CTU-13-BOTNET
10/08/2011 14:26:33,123,17,462.5767422759311,13,16,8416,33311,3,1,0.340723,3.9307,UDP-Flood-DDoS,CTU-13-BOTNET
10/08/2011 14:26:34,8080,17,460.87063652548505,6,57,3316,56010,7,2,0.93769,3.6977,UDP-Flood-DDoS,CTU-13-BOTNET
10/08/2011 14:26:35,8080,17,7050.608725296965,4,14,5164,20919,6,0,0.729108,2.8102,UDP-Flood-DDoS,CTU-13-BOTNET
10/08/2011 14:26:36,6667,17,4876.472035682985,6,16,7120,814,3,3,0.515561,3.543,UDP-Flood-DDoS,CTU-13-BOTNET
10/08/2011 14:26:37,8080,17,1988.9723823842041,3,21,2771,27231,7,3,0.606919,4.1653,UDP-Flood-DDoS,CTU-13-BOTNET
10/08/2011 14:26:38,443,17,153.35467344254783,2,56,5527,100836,8,1,0.802486,2.9998,UDP-Flood-DDoS,CTU-13-BOTNET
10/08/2011 14:26:39,123,17,8593.80405922492,17,5,4205,6700,7,2,0.276522,3.4667,UDP-Flood-DDoS,CTU-13-BOTNET
10/08/2011 14:26:40,8080,17,85.37074612555733,7,15,3551,17653,2,1,0.850576,2.9971,UDP-Flood-DDoS,CTU-13-BOTNET
10/08/2011 14:26:41,443,17,1153.0789223482843,3,8,1739,10132,7,2,0.927726,3.923,UDP-Flood-DDoS,CTU-13-BOTNET
10/08/2011 14:26:42,80,17,13076.221569337291,2,6,3144,15752,4,2,0.817093,2.7885,UDP-Flood-DDoS,CTU-13-BOTNET
10/08/2011 14:26:43,6667,17,3835.7375703671983,2,36,1142,39644,3,0,0.644886,2.6137,UDP-Flood-DDoS,CTU-13-BOTNET
10/08/2011 14:26:44,8080,17,339.8590900389928,7,5,2587,8913,7,1,0.495202,3.6312,UDP-Flood-DDoS,CTU-13-BOTNET
10/08/2011 14:26:45,80,17,408.7323236914414,2,6,3732,19126,2,0,0.420968,3.1108,UDP-Flood-DDoS,CTU-13-BOTNET
10/08/2011 14:26:46,6667,17,2461.2197897445913,6,7,5085,14891,2,3,0.852251,2.9888,UDP-Flood-DDoS,CTU-13-BOTNET
10/08/2011 14:26:47,8080,17,4716.112558381649,24,3,64,5987,7,3,0.372138,1.9086,UDP-Flood-DDoS,CTU-13-BOTNET
10/08/2011 14:26:48,8080,17,3477.910500359328,2,12,4332,3573,6,3,0.329826,3.5005,UDP-Flood-DDoS,CTU-13-BOTNET
10/08/2011 14:26:49,6667,17,2106.900706475155,5,24,3705,58018,3,3,0.456541,3.6847,UDP-Flood-DDoS,CTU-13-BOTNET
10/08/2011 14:26:50,443,17,7131.554206186626,6,36,5314,58719,4,1,0.603787,4.2277,UDP-Flood-DDoS,CTU-13-BOTNET
10/08/2011 14:26:51,6667,17,1592.5993639271674,4,11,4681,7537,5,0,0.249171,2.5691,UDP-Flood-DDoS,CTU-13-BOTNET
10/08/2011 14:26:52,53,17,2445.765598804284,2,14,1687,29974,4,2,0.432904,4.6703,UDP-Flood-DDoS,CTU-13-BOTNET
10/08/2011 14:26:53,6667,17,1959.6554989136018,12,8,3308,6129,3,2,0.985602,3.4011,UDP-Flood-DDoS,CTU-13-BOTNET
10/08/2011 14:26:54,80,17,1222.3942954745678,2,31,1567,8303,4,2,0.64986,3.2995,UDP-Flood-DDoS,CTU-13-BOTNET
10/08/2011 14:26:55,80,17,228.77844923242316,15,7,5444,15255,3,0,0.352618,4.049,UDP-Flood-DDoS,CTU-13-BOTNET
10/08/2011 14:26:56,123,17,3406.7243347605845,12,6,12463,9507,6,2,0.40444,5.1568,UDP-Flood-DDoS,CTU-13-BOTNET
10/08/2011 14:26:57,80,17,877.4479778199911,23,4,7267,7803,4,0,0.433889,3.5358,UDP-Flood-DDoS,CTU-13-BOTNET
10/08/2011 14:26:58,123,17,8766.202994089183,26,5,18961,5519,4,1,0.655718,2.8865,UDP-Flood-DDoS,CTU-13-BOTNET
10/08/2011 14:26:59,80,17,4636.144562486128,16,5,13959,14278,2,1,0.506957,3.9228,UDP-Flood-DDoS,CTU-13-BOTNET
10/08/2011 14:27:00,123,6,5143.209411350242,8,8,1480,16634,2,0,0.231692,4.5316,SMB-RPC-Pivot,CTU-13-BOTNET
10/08/2011 14:27:01,8080,6,330.68671056290475,3,8,3859,13244,1,2,0.013032,6.1419,SMB-RPC-Pivot,CTU-13-BOTNET
10/08/2011 14:27:02,80,6,2060.3418990232603,9,14,4671,10520,2,0,0.660743,3.9125,SMB-RPC-Pivot,CTU-13-BOTNET
10/08/2011 14:27:03,53,6,1067.8537617053003,22,8,12794,13136,0,1,0.309443,3.023,SMB-RPC-Pivot,CTU-13-BOTNET
10/08/2011 14:27:04,53,6,659.3443933113086,19,46,9884,69128,1,2,0.518408,4.1136,SMB-RPC-Pivot,CTU-13-BOTNET
10/08/2011 14:27:05,80,6,366.9798070598122,12,2,8242,1652,1,1,0.294463,4.2103,SMB-RPC-Pivot,CTU-13-BOTNET
10/08/2011 14:27:06,80,6,469.39576131043196,15,17,9224,64,5,2,0.742828,2.3405,P2P-Peer-Discovery,CTU-13-BOTNET
10/08/2011 14:27:07,8080,6,2895.1020147618574,5,12,5725,16355,3,1,0.511057,5.001,SMB-RPC-Pivot,CTU-13-BOTNET
10/08/2011 14:27:08,443,6,1414.2373348011356,18,15,5308,33194,0,1,0.246626,4.9374,SMB-RPC-Pivot,CTU-13-BOTNET
10/08/2011 14:27:09,8080,6,295.5087964305508,34,30,4309,7846,3,6,0.716532,4.8447,SMB-RPC-Pivot,CTU-13-BOTNET
10/08/2011 14:27:10,443,6,2204.3790612684,18,7,7590,2755,2,5,0.601744,4.6088,SMB-RPC-Pivot,CTU-13-BOTNET
10/08/2011 14:27:11,8080,6,2193.392222896097,72,8,60523,9430,0,2,0.282613,3.7718,SMB-RPC-Pivot,CTU-13-BOTNET
10/08/2011 14:27:12,53,6,4107.31686928263,26,8,20947,15248,3,1,0.737147,5.3373,SMB-RPC-Pivot,CTU-13-BOTNET
10/08/2011 14:27:13,8080,6,3634.5533048125126,24,4,8786,10988,1,3,0.979326,5.4754,SMB-RPC-Pivot,CTU-13-BOTNET
10/08/2011 14:27:14,80,6,537.059670686629,10,7,7569,5173,4,3,0.796413,2.8448,SMB-RPC-Pivot,CTU-13-BOTNET
10/08/2011 14:27:15,443,6,2940.8036737729362,3,14,4927,22520,0,3,0.379241,4.6063,SMB-RPC-Pivot,CTU-13-BOTNET
10/08/2011 14:27:16,53,6,246.8197417692807,4,18,3901,25692,0,1,0.277723,5.1861,SMB-RPC-Pivot,CTU-13-BOTNET
10/08/2011 14:27:17,443,6,4048.2488069482965,10,5,7254,7031,1,1,0.276628,5.0672,SMB-RPC-Pivot,CTU-13-BOTNET
10/08/2011 14:27:18,80,6,1951.2512512419307,2,22,4771,25269,1,0,0.85958,3.8704,SMB-RPC-Pivot,CTU-13-BOTNET
10/08/2011 14:27:19,80,6,1777.8286915422248,6,18,64,22430,0,1,0.714073,4.215,SMB-RPC-Pivot,CTU-13-BOTNET
10/08/2011 14:27:20,443,6,3820.4232174183153,20,5,2574,7306,1,1,0.521246,5.489,SMB-RPC-Pivot,CTU-13-BOTNET
10/08/2011 14:27:21,443,6,933.5835211112899,14,2,7055,9091,1,3,0.179424,4.6842,SMB-RPC-Pivot,CTU-13-BOTNET
10/08/2011 14:27:22,80,6,1439.3353132981854,12,8,4566,12072,1,2,0.607164,4.0676,SMB-RPC-Pivot,CTU-13-BOTNET
10/08/2011 14:27:23,80,6,2574.6313156507877,5,19,3803,8069,0,5,0.691908,5.072,SMB-RPC-Pivot,CTU-13-BOTNET
10/08/2011 14:27:24,443,6,906.1453046243004,5,7,4434,16965,0,8,0.05727,1.3333,Normal,CTU-13-BOTNET
10/08/2011 14:27:25,80,6,4310.960819003689,26,2,10509,8947,0,3,0.86968,5.675,SMB-RPC-Pivot,CTU-13-BOTNET
10/08/2011 14:27:26,443,6,2205.5537194303065,10,5,6030,6351,0,1,0.062282,3.7704,SMB-RPC-Pivot,CTU-13-BOTNET
10/08/2011 14:27:27,80,6,8018.343305909451,6,12,3594,11114,1,2,0.395939,5.8243,SMB-RPC-Pivot,CTU-13-BOTNET
10/08/2011 14:27:28,443,6,531.1578629670854,3,2,2751,8985,1,3,0.908088,4.6599,SMB-RPC-Pivot,CTU-13-BOTNET
10/08/2011 14:27:29,123,6,3109.1690099870166,5,14,8198,14617,1,3,0.618051,5.2787,SMB-RPC-Pivot,CTU-13-BOTNET
10/08/2011 14:27:30,53,6,138.16130455545408,10,30,3488,64,0,3,0.490657,5.5214,SMB-RPC-Pivot,CTU-13-BOTNET
10/08/2011 14:27:31,123,6,2024.1418160864694,7,5,1704,7520,3,3,0.803389,3.021,P2P-Peer-Discovery,CTU-13-BOTNET
10/08/2011 14:27:32,6667,6,3444.9996415649202,17,4,3438,9474,1,2,0.684289,5.0053,SMB-RPC-Pivot,CTU-13-BOTNET
10/08/2011 14:27:33,53,6,1862.3770527918896,18,2,5681,64,1,0,0.730994,4.4366,SMB-RPC-Pivot,CTU-13-BOTNET
10/08/2011 14:27:34,123,6,5935.339096480203,8,12,7643,22345,0,0,0.23777,2.9358,SMB-RPC-Pivot,CTU-13-BOTNET
10/08/2011 14:27:35,443,6,10923.539647961617,21,5,6066,12234,1,0,0.376556,4.5846,SMB-RPC-Pivot,CTU-13-BOTNET
10/08/2011 14:27:36,123,6,3351.166820420168,11,14,6865,20882,0,5,0.465252,4.7379,SMB-RPC-Pivot,CTU-13-BOTNET
10/08/2011 14:27:37,443,6,682.2448494207285,4,45,4663,69794,0,2,0.765053,4.1795,SMB-RPC-Pivot,CTU-13-BOTNET
10/08/2011 14:27:38,80,6,392.6629645373444,25,24,11196,64,1,9,0.496151,4.4179,SMB-RPC-Pivot,CTU-13-BOTNET
10/08/2011 14:27:39,53,6,7758.957957288378,6,14,2607,3961,0,1,0.621166,5.2059,SMB-RPC-Pivot,CTU-13-BOTNET
10/08/2011 14:27:40,123,6,893.5675701993433,3,57,4531,67751,1,5,0.640143,5.246,SMB-RPC-Pivot,CTU-13-BOTNET
10/08/2011 14:27:41,443,6,760.2368502945204,41,3,4815,8305,2,3,0.682614,2.8992,SMB-RPC-Pivot,CTU-13-BOTNET
10/08/2011 14:27:42,53,6,2881.273741411841,6,6,3490,9552,0,4,0.456739,4.6649,SMB-RPC-Pivot,CTU-13-BOTNET
10/08/2011 14:27:43,8080,6,324.0312287983012,3,2,5135,10934,1,3,0.168864,3.6748,SMB-RPC-Pivot,CTU-13-BOTNET
10/08/2011 14:27:44,6667,6,1272.8599658469552,8,13,5641,7513,1,0,0.450849,4.3343,SMB-RPC-Pivot,CTU-13-BOTNET
10/08/2011 14:27:45,8080,6,4978.079006330576,6,7,3514,15431,0,3,0.159409,1.3796,Normal,CTU-13-BOTNET
10/08/2011 14:27:46,123,6,1714.224908074061,40,17,20762,10114,0,4,0.26319,5.1159,SMB-RPC-Pivot,CTU-13-BOTNET
10/08/2011 14:27:47,80,6,4924.487404355544,5,6,4237,424,0,1,0.239403,5.1353,SMB-RPC-Pivot,CTU-13-BOTNET
10/08/2011 14:27:48,8080,6,1781.941147147561,3,18,1507,23256,1,3,0.324019,6.3672,SMB-RPC-Pivot,CTU-13-BOTNET
10/08/2011 14:27:49,8080,6,1927.2904080270214,11,8,64,7704,1,15,1.123902,1.6663,Normal,CTU-13-BOTNET
10/08/2011 14:27:50,443,6,3293.008893303264,7,13,2901,13061,0,5,0.568444,4.8317,SMB-RPC-Pivot,CTU-13-BOTNET
10/08/2011 14:27:51,443,6,613.1063213604826,12,5,9488,7866,1,3,0.790732,4.0268,SMB-RPC-Pivot,CTU-13-BOTNET
10/08/2011 14:27:52,53,6,1742.930856684942,3,20,4257,1939,3,1,0.34169,3.8601,SMB-RPC-Pivot,CTU-13-BOTNET
10/08/2011 14:27:53,443,6,2257.664752063263,7,12,2074,6667,2,0,0.845964,5.0975,SMB-RPC-Pivot,CTU-13-BOTNET
10/08/2011 14:27:54,443,6,805.199037263266,4,11,5488,14936,1,0,0.644517,4.8806,SMB-RPC-Pivot,CTU-13-BOTNET
10/08/2011 14:27:55,6667,6,127.54089923922702,28,13,4236,18897,2,2,0.36788,4.1174,SMB-RPC-Pivot,CTU-13-BOTNET
10/08/2011 14:27:56,8080,6,3929.0219027862313,4,11,3999,10139,1,0,0.676585,6.1531,SMB-RPC-Pivot,CTU-13-BOTNET
10/08/2011 14:27:57,6667,6,5743.118407517565,2,6,1614,13509,2,2,0.298203,3.8676,SMB-RPC-Pivot,CTU-13-BOTNET
10/08/2011 14:27:58,8080,6,602.8760052786478,12,2,662,2637,1,2,0.41666,5.0141,SMB-RPC-Pivot,CTU-13-BOTNET
10/08/2011 14:27:59,6667,6,743.5294627760074,30,5,17030,3904,3,1,0.283097,4.6141,SMB-RPC-Pivot,CTU-13-BOTNET
10/08/2011 14:28:00,6667,6,1630.222314715477,2,14,2867,17265,0,4,0.364839,7.459,IRC-Botnet-C2,CTU-13-BOTNET
10/08/2011 14:28:01,53,6,2311.2549526888806,17,25,4788,46141,2,4,0.288402,5.9862,IRC-Botnet-C2,CTU-13-BOTNET
10/08/2011 14:28:02,53,6,7343.795467883999,3,6,3051,5033,0,3,0.423277,5.3038,IRC-Botnet-C2,CTU-13-BOTNET
10/08/2011 14:28:03,8080,6,622.6322224503504,12,5,8907,15144,2,0,0.210729,6.5941,IRC-Botnet-C2,CTU-13-BOTNET
10/08/2011 14:28:04,6667,6,593.9033568141342,7,39,3082,5251,1,1,0.138465,7.2549,IRC-Botnet-C2,CTU-13-BOTNET
10/08/2011 14:28:05,80,6,998.1779618386686,11,13,6069,34544,2,2,0.066632,4.2094,IRC-Botnet-C2,CTU-13-BOTNET
10/08/2011 14:28:06,8080,6,318.73596434010597,9,7,5383,9968,0,1,0.048055,5.3623,IRC-Botnet-C2,CTU-13-BOTNET
10/08/2011 14:28:07,6667,6,4079.027105800328,9,12,10954,20583,1,1,0.150991,5.9538,IRC-Botnet-C2,CTU-13-BOTNET
10/08/2011 14:28:08,443,6,3413.6465750651114,2,9,2380,15465,1,2,0.138651,5.185,IRC-Botnet-C2,CTU-13-BOTNET
10/08/2011 14:28:09,123,6,2602.5306438313264,15,35,7164,4942,0,1,0.108901,5.8578,IRC-Botnet-C2,CTU-13-BOTNET
10/08/2011 14:28:10,6667,6,3700.2495152670535,12,10,3086,6094,2,2,0.221595,3.8364,IRC-Botnet-C2,CTU-13-BOTNET
10/08/2011 14:28:11,8080,6,128.45481732292492,2,41,3071,34717,0,3,0.298548,5.0204,IRC-Botnet-C2,CTU-13-BOTNET
10/08/2011 14:28:12,123,6,714.4929196181896,33,4,4287,13573,1,3,0.237921,5.7943,IRC-Botnet-C2,CTU-13-BOTNET
10/08/2011 14:28:13,53,6,2321.2187043199538,16,18,6436,18825,0,3,0.155617,5.0888,IRC-Botnet-C2,CTU-13-BOTNET
10/08/2011 14:28:14,80,6,1465.5619033439962,5,5,945,6360,0,2,0.321854,5.7725,IRC-Botnet-C2,CTU-13-BOTNET
10/08/2011 14:28:15,53,6,1718.2766449329818,7,6,3690,11385,1,0,0.084876,5.1056,IRC-Botnet-C2,CTU-13-BOTNET
10/08/2011 14:28:16,6667,6,9699.306489567813,4,9,4992,12273,0,1,0.073525,6.5824,IRC-Botnet-C2,CTU-13-BOTNET
10/08/2011 14:28:17,443,6,5366.721108609306,4,14,4496,26032,0,2,0.219308,5.7876,IRC-Botnet-C2,CTU-13-BOTNET
10/08/2011 14:28:18,53,6,16231.221817885178,10,21,6436,26594,3,2,0.308574,7.2133,IRC-Botnet-C2,CTU-13-BOTNET
10/08/2011 14:28:19,53,6,3099.105773547422,31,12,6165,20050,2,4,0.307402,6.3588,IRC-Botnet-C2,CTU-13-BOTNET
10/08/2011 14:28:20,80,6,556.6385232599016,57,14,22231,22353,3,1,0.169093,6.8679,IRC-Botnet-C2,CTU-13-BOTNET
10/08/2011 14:28:21,8080,6,8368.380747512376,13,26,5043,64,4,1,0.132977,4.931,IRC-Botnet-C2,CTU-13-BOTNET
10/08/2011 14:28:22,443,6,2757.1157485384815,25,9,12921,12732,2,1,0.005259,5.5424,IRC-Botnet-C2,CTU-13-BOTNET
10/08/2011 14:28:23,123,6,272.9843046430912,7,37,7287,76260,0,2,0.596927,5.7636,IRC-Botnet-C2,CTU-13-BOTNET
10/08/2011 14:28:24,6667,6,7279.784796804766,12,18,4722,5286,0,1,0.031915,5.2494,IRC-Botnet-C2,CTU-13-BOTNET
10/08/2011 14:28:25,80,6,1560.0471120274196,3,14,4578,6527,1,2,0.166966,6.0408,IRC-Botnet-C2,CTU-13-BOTNET
10/08/2011 14:28:26,53,6,698.4887739135246,19,16,10490,14312,0,5,0.25532,6.2557,IRC-Botnet-C2,CTU-13-BOTNET
10/08/2011 14:28:27,8080,6,2280.4068696807412,10,6,3957,9673,2,3,0.100445,5.8704,IRC-Botnet-C2,CTU-13-BOTNET
10/08/2011 14:28:28,53,6,2947.678237822135,3,2,2107,9242,0,3,0.130226,5.245,IRC-Botnet-C2,CTU-13-BOTNET
10/08/2011 14:28:29,53,6,9324.65036061307,36,15,6839,32233,1,0,0.289484,4.9708,IRC-Botnet-C2,CTU-13-BOTNET
10/08/2011 14:28:30,8080,6,1322.4316148789094,35,2,9717,10548,1,0,0.3967,5.9227,IRC-Botnet-C2,CTU-13-BOTNET
10/08/2011 14:28:31,53,6,847.6738986973805,20,5,11247,10612,1,5,0.085256,6.6897,IRC-Botnet-C2,CTU-13-BOTNET
10/08/2011 14:28:32,123,6,2572.3624574994733,2,22,1208,64,0,2,0.19345,5.0898,IRC-Botnet-C2,CTU-13-BOTNET
10/08/2011 14:28:33,80,6,1223.2159400292235,16,33,9989,16785,1,1,0.079868,5.4779,IRC-Botnet-C2,CTU-13-BOTNET
10/08/2011 14:28:34,443,6,558.5971481309982,30,25,13953,45982,2,2,0.011824,5.4357,IRC-Botnet-C2,CTU-13-BOTNET
10/08/2011 14:28:35,443,6,475.87110657453553,12,6,8987,4566,2,2,0.196774,4.9144,IRC-Botnet-C2,CTU-13-BOTNET
10/08/2011 14:28:36,53,6,1071.9400170272206,8,14,777,19326,0,1,0.321757,3.7082,IRC-Botnet-C2,CTU-13-BOTNET
10/08/2011 14:28:37,443,6,3508.946097897095,3,6,4310,11509,2,5,0.341932,6.6547,IRC-Botnet-C2,CTU-13-BOTNET
10/08/2011 14:28:38,123,6,2381.918176311878,8,50,8957,61121,1,5,0.977256,2.0727,Normal,CTU-13-BOTNET
10/08/2011 14:28:39,53,6,705.0240794232936,9,12,9878,19050,1,2,0.273637,7.1659,IRC-Botnet-C2,CTU-13-BOTNET
10/08/2011 14:28:40,6667,6,3085.0577344392077,6,23,730,23615,4,3,0.305831,5.1943,IRC-Botnet-C2,CTU-13-BOTNET
10/08/2011 14:28:41,53,6,2481.265064808949,14,15,9421,24148,0,1,0.331933,5.5726,IRC-Botnet-C2,CTU-13-BOTNET
10/08/2011 14:28:42,80,6,788.8740564064815,20,4,9500,6024,2,3,0.369777,6.5983,IRC-Botnet-C2,CTU-13-BOTNET
10/08/2011 14:28:43,8080,6,3393.6779221128454,8,24,6285,10169,0,2,0.209785,5.6789,IRC-Botnet-C2,CTU-13-BOTNET
10/08/2011 14:28:44,123,6,2151.438870139647,10,3,6822,7323,0,1,0.006316,4.2503,IRC-Botnet-C2,CTU-13-BOTNET
10/08/2011 14:28:45,6667,6,316.7979243726612,11,2,11622,1420,1,3,0.503102,6.2585,IRC-Botnet-C2,CTU-13-BOTNET
10/08/2011 14:28:46,6667,6,1729.34843259123,9,61,4431,74742,0,3,0.076884,5.5637,IRC-Botnet-C2,CTU-13-BOTNET
10/08/2011 14:28:47,53,6,826.3267384222671,12,15,4279,12206,1,3,0.325951,0.6536,Normal,CTU-13-BOTNET
10/08/2011 14:28:48,8080,6,2241.612622128477,14,27,15216,23441,0,2,0.171181,6.5356,IRC-Botnet-C2,CTU-13-BOTNET
10/08/2011 14:28:49,53,6,774.2721625375774,9,33,4181,44835,2,0,0.079015,5.4528,IRC-Botnet-C2,CTU-13-BOTNET
10/08/2011 14:28:50,8080,6,1334.6745947727554,23,35,13770,81076,0,2,0.408891,5.6121,IRC-Botnet-C2,CTU-13-BOTNET
10/08/2011 14:28:51,53,6,1347.9229041709266,9,25,7900,21628,1,2,0.140418,5.7365,IRC-Botnet-C2,CTU-13-BOTNET
10/08/2011 14:28:52,80,6,3156.8922119885992,7,38,2262,64,4,1,0.702683,0.4,P2P-Peer-Discovery,CTU-13-BOTNET
10/08/2011 14:28:53,123,6,5618.223698867897,3,15,3197,19438,0,3,0.024227,6.2697,IRC-Botnet-C2,CTU-13-BOTNET
10/08/2011 14:28:54,123,6,6297.989809914693,13,3,2875,7216,1,1,0.489174,4.6703,IRC-Botnet-C2,CTU-13-BOTNET
10/08/2011 14:28:55,8080,6,2986.822759847601,3,6,4548,5902,2,0,0.658677,4.6958,IRC-Botnet-C2,CTU-13-BOTNET
10/08/2011 14:28:56,53,6,6530.522552203769,7,26,4841,32738,2,1,0.287339,6.4676,IRC-Botnet-C2,CTU-13-BOTNET
10/08/2011 14:28:57,6667,6,87.13267505216311,22,15,3693,12548,2,1,0.185995,5.2976,IRC-Botnet-C2,CTU-13-BOTNET
10/08/2011 14:28:58,80,6,502.2713945834505,3,2,3608,13232,2,3,0.196189,5.3784,IRC-Botnet-C2,CTU-13-BOTNET
10/08/2011 14:28:59,123,6,5213.600483540654,3,6,2955,8445,3,3,0.352962,5.368,IRC-Botnet-C2,CTU-13-BOTNET
10/08/2011 14:29:00,123,17,302.1194934052204,39,24,35107,36065,0,5,0.042572,7.1104,DNS-Tunneling,CTU-13-BOTNET
10/08/2011 14:29:01,8080,17,1912.0424760696517,4,14,5790,12462,1,2,0.257285,5.4811,DNS-Tunneling,CTU-13-BOTNET
10/08/2011 14:29:02,53,17,2130.2301703989306,9,7,10664,7702,1,2,0.015399,6.2518,DNS-Tunneling,CTU-13-BOTNET
10/08/2011 14:29:03,8080,17,1591.4984057704921,6,43,3891,54830,2,3,0.230425,6.2105,DNS-Tunneling,CTU-13-BOTNET
10/08/2011 14:29:04,123,17,281.38514779624654,4,16,5023,17833,2,2,0.413491,5.7569,DNS-Tunneling,CTU-13-BOTNET
10/08/2011 14:29:05,8080,17,1122.5027611554756,5,20,6237,19814,1,2,0.15233,7.0121,DNS-Tunneling,CTU-13-BOTNET
10/08/2011 14:29:06,123,17,4672.270019213049,5,2,2239,3074,2,2,0.228334,7.2347,DNS-Tunneling,CTU-13-BOTNET
10/08/2011 14:29:07,8080,6,3136.2523088379207,9,13,3479,29334,3,10,0.517329,0.4,Normal,CTU-13-BOTNET
10/08/2011 14:29:08,6667,17,14953.71325479357,3,14,1281,18466,2,5,0.093485,7.7457,DNS-Tunneling,CTU-13-BOTNET
10/08/2011 14:29:09,8080,17,1685.4670538078412,5,31,5273,22835,2,2,0.09204,5.7101,DNS-Tunneling,CTU-13-BOTNET
10/08/2011 14:29:10,443,17,2449.845810473489,2,23,2058,12819,0,3,0.263779,6.5201,DNS-Tunneling,CTU-13-BOTNET
10/08/2011 14:29:11,80,17,1724.352437698374,14,7,11709,10745,0,4,0.196185,7.5468,DNS-Tunneling,CTU-13-BOTNET
10/08/2011 14:29:12,80,17,2510.798156117451,7,9,5723,17437,1,0,0.103385,5.5934,DNS-Tunneling,CTU-13-BOTNET
10/08/2011 14:29:13,8080,17,7941.527568675468,19,9,16133,1154,1,1,0.319265,7.98,DNS-Tunneling,CTU-13-BOTNET
10/08/2011 14:29:14,80,17,186.9879674580717,36,6,24640,14751,1,2,0.374425,6.1671,DNS-Tunneling,CTU-13-BOTNET
10/08/2011 14:29:15,123,17,1080.4270663813131,4,8,4808,16460,1,4,0.337495,5.861,DNS-Tunneling,CTU-13-BOTNET
10/08/2011 14:29:16,53,17,8315.60698344711,5,14,3189,3833,0,2,0.188096,5.6458,DNS-Tunneling,CTU-13-BOTNET
10/08/2011 14:29:17,80,6,1925.182009834885,33,6,20958,10341,3,2,0.452818,3.9635,P2P-Peer-Discovery,CTU-13-BOTNET
10/08/2011 14:29:18,6667,17,184.41990243872905,6,47,7312,13241,1,2,0.212864,7.133,DNS-Tunneling,CTU-13-BOTNET
10/08/2011 14:29:19,123,17,1341.6344307943361,10,26,3000,33456,0,2,0.117117,7.9402,DNS-Tunneling,CTU-13-BOTNET
10/08/2011 14:29:20,443,17,5372.552043141609,2,24,958,36514,1,3,0.433591,6.3642,DNS-Tunneling,CTU-13-BOTNET
10/08/2011 14:29:21,53,17,1088.805184042677,4,34,5260,55785,0,1,0.153342,6.2866,DNS-Tunneling,CTU-13-BOTNET
10/08/2011 14:29:22,53,17,580.5003424927143,2,12,2248,11271,2,3,0.206329,7.98,DNS-Tunneling,CTU-13-BOTNET
10/08/2011 14:29:23,80,17,82.76842092648987,16,3,6092,11209,2,3,0.098318,6.5339,DNS-Tunneling,CTU-13-BOTNET
10/08/2011 14:29:24,6667,17,3627.466162242589,2,24,1575,35377,0,0,0.27987,7.2587,DNS-Tunneling,CTU-13-BOTNET
10/08/2011 14:29:25,443,17,1302.236253130448,23,4,12573,11205,2,4,0.328386,6.448,DNS-Tunneling,CTU-13-BOTNET
10/08/2011 14:29:26,8080,17,1730.5671574499452,6,3,5747,8814,1,5,0.173247,5.9952,DNS-Tunneling,CTU-13-BOTNET
10/08/2011 14:29:27,80,17,1457.8939268607571,17,18,9166,14137,1,3,0.224047,6.7272,DNS-Tunneling,CTU-13-BOTNET
10/08/2011 14:29:28,53,17,3993.051198350558,13,3,5070,5112,1,1,0.036057,6.7146,DNS-Tunneling,CTU-13-BOTNET
10/08/2011 14:29:29,80,17,1034.8003600031489,2,21,4275,7234,2,1,0.452609,7.0698,DNS-Tunneling,CTU-13-BOTNET
10/08/2011 14:29:30,6667,17,7194.022581923811,6,15,7298,27471,0,1,0.106666,6.8918,DNS-Tunneling,CTU-13-BOTNET
10/08/2011 14:29:31,80,17,5281.401914687395,6,4,4473,11430,2,3,0.22415,6.9392,DNS-Tunneling,CTU-13-BOTNET
10/08/2011 14:29:32,6667,6,979.8242836053071,12,2,5957,6457,2,6,0.167997,1.9682,Normal,CTU-13-BOTNET
10/08/2011 14:29:33,53,17,114.05128285017523,3,39,4526,31575,0,3,0.024508,7.2601,DNS-Tunneling,CTU-13-BOTNET
10/08/2011 14:29:34,443,17,849.1614080966058,19,27,7531,27573,2,1,0.038254,5.5591,DNS-Tunneling,CTU-13-BOTNET
10/08/2011 14:29:35,443,17,2031.713003016267,7,16,5304,33739,2,1,0.242882,7.98,DNS-Tunneling,CTU-13-BOTNET
10/08/2011 14:29:36,6667,17,3061.144511493193,3,38,2111,16826,0,2,0.673149,7.98,DNS-Tunneling,CTU-13-BOTNET
10/08/2011 14:29:37,8080,17,1306.5619087151345,36,10,64,16859,1,1,0.411176,7.98,DNS-Tunneling,CTU-13-BOTNET
10/08/2011 14:29:38,53,17,3592.286913624,7,15,1959,3978,1,3,0.229682,7.3329,DNS-Tunneling,CTU-13-BOTNET
10/08/2011 14:29:39,53,17,738.0810639547674,5,2,3036,5124,0,1,0.335966,7.056,DNS-Tunneling,CTU-13-BOTNET
10/08/2011 14:29:40,443,17,477.24346685367897,9,14,5502,26653,0,2,0.250853,7.98,DNS-Tunneling,CTU-13-BOTNET
10/08/2011 14:29:41,123,6,3134.6618138293097,16,13,4152,31628,4,3,0.274333,3.0419,P2P-Peer-Discovery,CTU-13-BOTNET
10/08/2011 14:29:42,53,17,9337.768263933855,12,41,3747,53570,0,2,0.26769,7.8024,DNS-Tunneling,CTU-13-BOTNET
10/08/2011 14:29:43,8080,17,286.56906805390577,7,24,5043,45131,1,4,0.084209,7.5333,DNS-Tunneling,CTU-13-BOTNET
10/08/2011 14:29:44,443,6,2220.8991572330683,7,7,4861,8416,2,2,0.314931,3.6712,Normal,CTU-13-BOTNET
10/08/2011 14:29:45,8080,17,2411.604323154077,3,15,1176,7732,2,2,0.092,6.6861,DNS-Tunneling,CTU-13-BOTNET
10/08/2011 14:29:46,8080,17,6441.779058446479,10,24,4225,16043,1,2,0.155899,6.764,DNS-Tunneling,CTU-13-BOTNET
10/08/2011 14:29:47,6667,17,690.6334271358079,6,9,5947,19991,0,1,0.189339,5.3423,DNS-Tunneling,CTU-13-BOTNET
10/08/2011 14:29:48,80,17,9162.873468639425,7,15,4991,8880,2,2,0.199573,5.8793,DNS-Tunneling,CTU-13-BOTNET
10/08/2011 14:29:49,53,17,1560.9622447469937,4,24,4535,45957,2,3,0.184854,6.4835,DNS-Tunneling,CTU-13-BOTNET
10/08/2011 14:29:50,53,17,2165.488059046532,14,6,7126,14687,0,2,0.103627,5.9048,DNS-Tunneling,CTU-13-BOTNET
10/08/2011 14:29:51,443,17,6913.218306367784,19,43,14422,62569,0,0,0.247849,7.0117,DNS-Tunneling,CTU-13-BOTNET
10/08/2011 14:29:52,6667,17,3523.682602805462,7,4,4729,9208,1,5,0.503745,7.98,DNS-Tunneling,CTU-13-BOTNET
10/08/2011 14:29:53,80,6,9317.977380544384,4,2,3036,8054,2,0,0.68082,2.2863,P2P-Peer-Discovery,CTU-13-BOTNET
10/08/2011 14:29:54,53,17,2212.2521581518763,7,8,1750,7126,2,3,0.037468,7.98,DNS-Tunneling,CTU-13-BOTNET
10/08/2011 14:29:55,8080,17,1871.390711335224,10,11,6880,6175,0,6,0.302971,7.0155,DNS-Tunneling,CTU-13-BOTNET
10/08/2011 14:29:56,80,17,2596.3801238002693,12,27,13036,43216,1,3,0.026172,6.3367,DNS-Tunneling,CTU-13-BOTNET
10/08/2011 14:29:57,80,17,407.9805393427607,14,21,9110,30116,2,1,0.333858,6.7382,DNS-Tunneling,CTU-13-BOTNET
10/08/2011 14:29:58,8080,17,1286.8165641948024,9,6,8267,3122,1,2,0.480299,7.8618,DNS-Tunneling,CTU-13-BOTNET
10/08/2011 14:29:59,443,17,2924.008681590968,2,2,3522,9449,0,3,0.047771,7.98,DNS-Tunneling,CTU-13-BOTNET
